panel,dataset,context,metric,controls,n,trajectories,rho
full,CounterFact,rewrite,mean_q,unadjusted,180,20,-0.9530071461574815
full,CounterFact,rewrite,mean_q,D_H_rank+T_rank,180,20,-0.73352802292726527
full,CounterFact,rewrite,mean_q,D_H_rank+T_FE+trajectory_FE,180,20,-0.38287096876130716
full,CounterFact,rewrite,mean_d,unadjusted,180,20,-0.95297627989582878
full,CounterFact,rewrite,mean_d,D_H_rank+T_rank,180,20,-0.72778960808056969
full,CounterFact,rewrite,mean_d,D_H_rank+T_FE+trajectory_FE,180,20,-0.37813006408388583
full,CounterFact,rewrite,mean_kappa,unadjusted,180,20,-0.90431664727567984
full,CounterFact,rewrite,mean_abs_norm_deviation,unadjusted,180,20,-0.90454917311346372
full,CounterFact,locality,mean_q,unadjusted,180,20,-0.91162166253349386
full,CounterFact,locality,mean_q,D_H_rank+T_rank,180,20,-0.80653144744437832
full,CounterFact,locality,mean_q,D_H_rank+T_FE+trajectory_FE,180,20,-0.55719307535201523
full,CounterFact,locality,mean_d,unadjusted,180,20,-0.91162989353660118
full,CounterFact,locality,mean_d,D_H_rank+T_rank,180,20,-0.80588818971295462
full,CounterFact,locality,mean_d,D_H_rank+T_FE+trajectory_FE,180,20,-0.55879785734833531
full,CounterFact,locality,mean_kappa,unadjusted,180,20,-0.64256354633276358
full,CounterFact,locality,mean_abs_norm_deviation,unadjusted,180,20,-0.78501237273552638
full,zsRE,rewrite,mean_q,unadjusted,180,20,-0.92134457069723696
full,zsRE,rewrite,mean_q,D_H_rank+T_rank,180,20,-0.59221686235062365
full,zsRE,rewrite,mean_q,D_H_rank+T_FE+trajectory_FE,180,20,-0.41040404913198886
full,zsRE,rewrite,mean_d,unadjusted,180,20,-0.92130547242674665
full,zsRE,rewrite,mean_d,D_H_rank+T_rank,180,20,-0.56178476743357131
full,zsRE,rewrite,mean_d,D_H_rank+T_FE+trajectory_FE,180,20,-0.41386050171736299
full,zsRE,rewrite,mean_kappa,unadjusted,180,20,-0.85940467902546269
full,zsRE,rewrite,mean_abs_norm_deviation,unadjusted,180,20,-0.8607566560629496
full,zsRE,locality,mean_q,unadjusted,180,20,-0.92918891843985518
full,zsRE,locality,mean_q,D_H_rank+T_rank,180,20,-0.55614787489820894
full,zsRE,locality,mean_q,D_H_rank+T_FE+trajectory_FE,180,20,-0.70469073311820019
full,zsRE,locality,mean_d,unadjusted,180,20,-0.9304215428621605
full,zsRE,locality,mean_d,D_H_rank+T_rank,180,20,-0.56144354218553894
full,zsRE,locality,mean_d,D_H_rank+T_FE+trajectory_FE,180,20,-0.70111290366569701
full,zsRE,locality,mean_kappa,unadjusted,180,20,-0.73144838653235333
full,zsRE,locality,mean_abs_norm_deviation,unadjusted,180,20,-0.86298319967719761
exclude_six_trajectories,CounterFact,rewrite,mean_q,unadjusted,153,17,-0.95007442642940843
exclude_six_trajectories,CounterFact,rewrite,mean_q,D_H_rank+T_rank,153,17,-0.73303964383411291
exclude_six_trajectories,CounterFact,rewrite,mean_q,D_H_rank+T_FE+trajectory_FE,153,17,-0.18349134743062182
exclude_six_trajectories,CounterFact,rewrite,mean_d,unadjusted,153,17,-0.94991191973856537
exclude_six_trajectories,CounterFact,rewrite,mean_d,D_H_rank+T_rank,153,17,-0.72500779820643113
exclude_six_trajectories,CounterFact,rewrite,mean_d,D_H_rank+T_FE+trajectory_FE,153,17,-0.17903605675001186
exclude_six_trajectories,CounterFact,rewrite,mean_kappa,unadjusted,153,17,-0.90460941018099761
exclude_six_trajectories,CounterFact,rewrite,mean_abs_norm_deviation,unadjusted,153,17,-0.90324234358586519
exclude_six_trajectories,CounterFact,locality,mean_q,unadjusted,153,17,-0.88943932682447313
exclude_six_trajectories,CounterFact,locality,mean_q,D_H_rank+T_rank,153,17,-0.85150480071607626
exclude_six_trajectories,CounterFact,locality,mean_q,D_H_rank+T_FE+trajectory_FE,153,17,-0.53696596429740451
exclude_six_trajectories,CounterFact,locality,mean_d,unadjusted,153,17,-0.88945608009157029
exclude_six_trajectories,CounterFact,locality,mean_d,D_H_rank+T_rank,153,17,-0.85040272517510251
exclude_six_trajectories,CounterFact,locality,mean_d,D_H_rank+T_FE+trajectory_FE,153,17,-0.53651652741135047
exclude_six_trajectories,CounterFact,locality,mean_kappa,unadjusted,153,17,-0.55415619240799219
exclude_six_trajectories,CounterFact,locality,mean_abs_norm_deviation,unadjusted,153,17,-0.71828795015936697
exclude_six_trajectories,zsRE,rewrite,mean_q,unadjusted,153,17,-0.90857491321887607
exclude_six_trajectories,zsRE,rewrite,mean_q,D_H_rank+T_rank,153,17,-0.5351403694104353
exclude_six_trajectories,zsRE,rewrite,mean_q,D_H_rank+T_FE+trajectory_FE,153,17,-0.18339833869579833
exclude_six_trajectories,zsRE,rewrite,mean_d,unadjusted,153,17,-0.9085782638414216
exclude_six_trajectories,zsRE,rewrite,mean_d,D_H_rank+T_rank,153,17,-0.50351408672444475
exclude_six_trajectories,zsRE,rewrite,mean_d,D_H_rank+T_FE+trajectory_FE,153,17,-0.21531126907481593
exclude_six_trajectories,zsRE,rewrite,mean_kappa,unadjusted,153,17,-0.85120890461447729
exclude_six_trajectories,zsRE,rewrite,mean_abs_norm_deviation,unadjusted,153,17,-0.85041145644860816
exclude_six_trajectories,zsRE,locality,mean_q,unadjusted,153,17,-0.91330599225336051
exclude_six_trajectories,zsRE,locality,mean_q,D_H_rank+T_rank,153,17,-0.48845913775042249
exclude_six_trajectories,zsRE,locality,mean_q,D_H_rank+T_FE+trajectory_FE,153,17,-0.58578278012635854
exclude_six_trajectories,zsRE,locality,mean_d,unadjusted,153,17,-0.91406323294868175
exclude_six_trajectories,zsRE,locality,mean_d,D_H_rank+T_rank,153,17,-0.4894793534397498
exclude_six_trajectories,zsRE,locality,mean_d,D_H_rank+T_FE+trajectory_FE,153,17,-0.57678322507624291
exclude_six_trajectories,zsRE,locality,mean_kappa,unadjusted,153,17,-0.69604157452454662
exclude_six_trajectories,zsRE,locality,mean_abs_norm_deviation,unadjusted,153,17,-0.85223419511345189
