panel,dataset,context,predictor,controls,n_checkpoints,n_condition_trajectories,design_rank,residual_subspace_dimension,partial_rank_correlation_LOC,unadjusted_spearman_LOC,predictor_d_spearman,predictor_residual_rank_variance_fraction,predictor_rank_VIF,LOC_residual_rank_variance_fraction
full360,CounterFact,locality,p,d_rank,180,20,2,178,0.22271372238716891,0.37062560791983323,-0.31112482895562626,0.9032013408073325,1.1071728470931448,0.168930937210445
full360,CounterFact,locality,P,d_rank,180,20,2,178,0.22721356993673122,0.36698236016942204,-0.30499706781073493,0.90697678862685394,1.1025640485397443,0.168930937210445
full360,CounterFact,locality,c,d_rank,180,20,2,178,-0.27593858341008093,-0.24484044730799392,0.14549008714260731,0.97883263454323655,1.0216251121077926,0.168930937210445
full360,CounterFact,locality,angle_degrees,d_rank,180,20,2,178,-0.14170587018620842,-0.91264745129575309,0.99978188627221021,0.00043617988198165337,2292.6321027388926,0.168930937210445
full360,CounterFact,locality,p,d_rank+T_FE,180,20,10,170,0.32688165081030118,0.37062560791983323,-0.31112482895562626,0.8309481187880039,1.2034445681862427,0.15323001607682332
full360,CounterFact,locality,P,d_rank+T_FE,180,20,10,170,0.33255349587696331,0.36698236016942204,-0.30499706781073493,0.83364985866710373,1.199544376578997,0.15323001607682332
full360,CounterFact,locality,c,d_rank+T_FE,180,20,10,170,-0.39533639346766786,-0.24484044730799392,0.14549008714260731,0.89551276713638461,1.1166786635524339,0.15323001607682332
full360,CounterFact,locality,angle_degrees,d_rank+T_FE,180,20,10,170,-0.19958258541154356,-0.91264745129575309,0.99978188627221021,0.00041988253078862248,2381.6184924907502,0.15323001607682332
full360,CounterFact,locality,p,d_rank+T_FE+trajectory_FE,180,20,29,151,-0.06861151377987601,0.37062560791983323,-0.31112482895562626,0.24357290009124666,4.1055470441308639,0.034849120562020226
full360,CounterFact,locality,P,d_rank+T_FE+trajectory_FE,180,20,29,151,-0.06357719338071921,0.36698236016942204,-0.30499706781073493,0.24179403121119714,4.135751387206664,0.034849120562020226
full360,CounterFact,locality,c,d_rank+T_FE+trajectory_FE,180,20,29,151,0.44526608678736213,-0.24484044730799392,0.14549008714260731,0.28688137906521538,3.485761269199263,0.034849120562020226
full360,CounterFact,locality,angle_degrees,d_rank+T_FE+trajectory_FE,180,20,29,151,-0.17431498194513076,-0.91264745129575309,0.99978188627221021,0.00030489303165177049,3279.8388161987796,0.034849120562020226
full360,CounterFact,rewrite,p,d_rank,180,20,2,178,0.43292781932531738,-0.047406462397048051,0.18503863287961564,0.96576070434204286,1.0354531878383721,0.091836209955906731
full360,CounterFact,rewrite,P,d_rank,180,20,2,178,0.43338827671683078,-0.052433547544890241,0.19031863123347431,0.9637788186054167,1.0375824625892849,0.091836209955906731
full360,CounterFact,rewrite,c,d_rank,180,20,2,178,-0.57710393095280155,0.53068980984781222,-0.68975174130888817,0.52424253536135668,1.9075140465485256,0.091836209955906731
full360,CounterFact,rewrite,angle_degrees,d_rank,180,20,2,178,-0.44920260271981161,-0.96066712342430216,0.99698344599113153,0.0060240084196487515,166.00242402355542,0.091836209955906731
full360,CounterFact,rewrite,p,d_rank+T_FE,180,20,10,170,0.28124385608984975,-0.047406462397048051,0.18503863287961564,0.56365728978950169,1.7741276802672965,0.077736598996247824
full360,CounterFact,rewrite,P,d_rank+T_FE,180,20,10,170,0.28170631804797902,-0.052433547544890241,0.19031863123347431,0.56028925860910483,1.7847923811398045,0.077736598996247824
full360,CounterFact,rewrite,c,d_rank+T_FE,180,20,10,170,-0.48642780647025158,0.53068980984781222,-0.68975174130888817,0.36201247617904253,2.762335736477282,0.077736598996247824
full360,CounterFact,rewrite,angle_degrees,d_rank+T_FE,180,20,10,170,-0.41350181308063266,-0.96066712342430216,0.99698344599113153,0.0038553817282187585,259.37768825345717,0.077736598996247824
full360,CounterFact,rewrite,p,d_rank+T_FE+trajectory_FE,180,20,29,151,-0.19198391517813482,-0.047406462397048051,0.18503863287961564,0.22608052254505517,4.4232027984662494,0.024422987818719519
full360,CounterFact,rewrite,P,d_rank+T_FE+trajectory_FE,180,20,29,151,-0.19165724010847685,-0.052433547544890241,0.19031863123347431,0.2246987946245757,4.4504021557872129,0.024422987818719519
full360,CounterFact,rewrite,c,d_rank+T_FE+trajectory_FE,180,20,29,151,-0.26016313033279331,0.53068980984781222,-0.68975174130888817,0.11026859389719651,9.0687653180043331,0.024422987818719519
full360,CounterFact,rewrite,angle_degrees,d_rank+T_FE+trajectory_FE,180,20,29,151,-0.2979145595780831,-0.96066712342430216,0.99698344599113153,0.0020339573973751071,491.65238234121074,0.024422987818719519
full360,zsRE,locality,p,d_rank,180,20,2,178,0.37369143412399397,0.052574826987447205,0.090091257960636661,0.99188356523906995,1.0081828503318067,0.13431575257799683
full360,zsRE,locality,P,d_rank,180,20,2,178,0.37351400216440428,0.050455289166120708,0.092270337561858914,0.99148618480622064,1.0085869226664448,0.13431575257799683
full360,zsRE,locality,c,d_rank,180,20,2,178,-0.47313163512278633,0.67707709690605367,-0.83129726226118095,0.30894486175706537,3.2368235364481852,0.13431575257799683
full360,zsRE,locality,angle_degrees,d_rank,180,20,2,178,-0.36163707602974959,-0.93457830635641248,0.99935594720001664,0.0012876907959579104,776.58394634723015,0.13431575257799683
full360,zsRE,locality,p,d_rank+T_FE,180,20,10,170,0.064959093553224115,0.052574826987447205,0.090091257960636661,0.64641443051149605,1.5469951671851108,0.091255011365447933
full360,zsRE,locality,P,d_rank+T_FE,180,20,10,170,0.064912863913433982,0.050455289166120708,0.092270337561858914,0.64645873536937881,1.5468891443297026,0.091255011365447933
full360,zsRE,locality,c,d_rank+T_FE,180,20,10,170,-0.2270525710726537,0.67707709690605367,-0.83129726226118095,0.20506881930479329,4.8764117499194377,0.091255011365447933
full360,zsRE,locality,angle_degrees,d_rank+T_FE,180,20,10,170,-0.16865887725254314,-0.93457830635641248,0.99935594720001664,0.00088687566922581926,1127.5537650874226,0.091255011365447933
full360,zsRE,locality,p,d_rank+T_FE+trajectory_FE,180,20,29,151,-0.075983648035919935,0.052574826987447205,0.090091257960636661,0.30237498807387025,3.3071518460240497,0.031567211183132486
full360,zsRE,locality,P,d_rank+T_FE+trajectory_FE,180,20,29,151,-0.0754976195623204,0.050455289166120708,0.092270337561858914,0.30230291731509945,3.3079402900954138,0.031567211183132486
full360,zsRE,locality,c,d_rank+T_FE+trajectory_FE,180,20,29,151,0.13989565673684159,0.67707709690605367,-0.83129726226118095,0.073681465894369982,13.571934106653138,0.031567211183132486
full360,zsRE,locality,angle_degrees,d_rank+T_FE+trajectory_FE,180,20,29,151,-0.17510746305241692,-0.93457830635641248,0.99935594720001664,0.0006905445682084952,1448.1324537738908,0.031567211183132486
full360,zsRE,rewrite,p,d_rank,180,20,2,178,0.38928614722425581,0.005998497814724983,0.15578258588228033,0.97573178593582988,1.0248718084354445,0.15119622647652933
full360,zsRE,rewrite,P,d_rank,180,20,2,178,0.38983716888982456,-0.0012243932074653054,0.16364291078942766,0.97322099774836335,1.0275158492404011,0.15119622647652933
full360,zsRE,rewrite,c,d_rank,180,20,2,178,-0.49718408625182681,0.58110524747787395,-0.76570676049672326,0.41369315692961389,2.4172505231217563,0.15119622647652933
full360,zsRE,rewrite,angle_degrees,d_rank,180,20,2,178,-0.39670249398272323,-0.93171590139576677,0.99558628352726952,0.0088079520523596244,113.53376971802463,0.15119622647652933
full360,zsRE,rewrite,p,d_rank+T_FE,180,20,10,170,0.10326706389595532,0.005998497814724983,0.15578258588228033,0.53502767610522584,1.8690621899778628,0.11432833069715097
full360,zsRE,rewrite,P,d_rank+T_FE,180,20,10,170,0.10392368570707977,-0.0012243932074653054,0.16364291078942766,0.53220006304494871,1.8789926372397698,0.11432833069715097
full360,zsRE,rewrite,c,d_rank+T_FE,180,20,10,170,-0.30483485101649194,0.58110524747787395,-0.76570676049672326,0.26150711308833408,3.8239877615191737,0.11432833069715097
full360,zsRE,rewrite,angle_degrees,d_rank+T_FE,180,20,10,170,-0.29433746982510689,-0.93171590139576677,0.99558628352726952,0.0056220597905926074,177.87075151233716,0.11432833069715097
full360,zsRE,rewrite,p,d_rank+T_FE+trajectory_FE,180,20,29,151,-0.11317148783293482,0.005998497814724983,0.15578258588228033,0.24652691136565039,4.0563522840587298,0.044473252395285032
full360,zsRE,rewrite,P,d_rank+T_FE+trajectory_FE,180,20,29,151,-0.11527766725712221,-0.0012243932074653054,0.16364291078942766,0.24450196669254778,4.0899466516662546,0.044473252395285032
full360,zsRE,rewrite,c,d_rank+T_FE+trajectory_FE,180,20,29,151,0.025552257816230751,0.58110524747787395,-0.76570676049672326,0.13283045814497355,7.5283938184462338,0.044473252395285032
full360,zsRE,rewrite,angle_degrees,d_rank+T_FE+trajectory_FE,180,20,29,151,-0.3183599876376611,-0.93171590139576677,0.99558628352726952,0.0039773242827518991,251.42531232281189,0.044473252395285032
restricted337,CounterFact,locality,p,d_rank,169,20,2,167,0.34824064274370636,0.64551553705486953,-0.57984436378101523,0.66378051379138947,1.5065220795473311,0.19955018091777976
restricted337,CounterFact,locality,P,d_rank,169,20,2,167,0.35214214191440113,0.64114599975327569,-0.57245785888319811,0.67229199980286436,1.487448906566238,0.19955018091777976
restricted337,CounterFact,locality,c,d_rank,169,20,2,167,-0.29414024638527575,-0.3135637150757738,0.20678733031674204,0.95723900002047435,1.0446711844989716,0.19955018091777976
restricted337,CounterFact,locality,angle_degrees,d_rank,169,20,2,167,-0.1534295187289815,-0.89584838019733659,0.99980856247824557,0.00038283839518379165,2612.0682057501667,0.19955018091777976
restricted337,CounterFact,locality,p,d_rank+T_FE,169,20,10,159,0.58748377452504452,0.64551553705486953,-0.57984436378101523,0.51682582798352805,1.9348878207222093,0.17909245367126622
restricted337,CounterFact,locality,P,d_rank+T_FE,169,20,10,159,0.59172477552908209,0.64114599975327569,-0.57245785888319811,0.52380505420800183,1.9091071992652102,0.17909245367126622
restricted337,CounterFact,locality,c,d_rank+T_FE,169,20,10,159,-0.45624276540909359,-0.3135637150757738,0.20678733031674204,0.83505767201835135,1.1975220796223327,0.17909245367126622
restricted337,CounterFact,locality,angle_degrees,d_rank+T_FE,169,20,10,159,-0.24029386657486926,-0.89584838019733659,0.99980856247824557,0.00035194566315539805,2841.3476984896392,0.17909245367126622
restricted337,CounterFact,locality,p,d_rank+T_FE+trajectory_FE,169,20,29,140,-0.045103011870706103,0.64551553705486953,-0.57984436378101523,0.13184302967419409,7.5847771586496853,0.040433732343365662
restricted337,CounterFact,locality,P,d_rank+T_FE+trajectory_FE,169,20,29,140,-0.037831168538773906,0.64114599975327569,-0.57245785888319811,0.13205129975403759,7.5728145187713238,0.040433732343365662
restricted337,CounterFact,locality,c,d_rank+T_FE+trajectory_FE,169,20,29,140,0.50768191298652399,-0.3135637150757738,0.20678733031674204,0.21027259307620852,4.7557315262554107,0.040433732343365662
restricted337,CounterFact,locality,angle_degrees,d_rank+T_FE+trajectory_FE,169,20,29,140,-0.12768296633761347,-0.89584838019733659,0.99980856247824557,0.00024668427929352369,4053.7646049593782,0.040433732343365662
restricted337,CounterFact,rewrite,p,d_rank,169,20,2,167,0.48518953941770926,0.1446807875912679,0.015319974143503553,0.99976529839224237,1.0002347567055339,0.10762377345084577
restricted337,CounterFact,rewrite,P,d_rank,169,20,2,167,0.48510258707510712,0.13860694427531123,0.021699567400924862,0.99952912877461286,1.0004710930495486,0.10762377345084577
restricted337,CounterFact,rewrite,c,d_rank,169,20,2,167,-0.58516149213352098,0.494005094290072,-0.67321366416389028,0.54678336238302871,1.828877886191949,0.10762377345084577
restricted337,CounterFact,rewrite,angle_degrees,d_rank,169,20,2,167,-0.44304705394771188,-0.953551134810533,0.9964347869325243,0.0071177153907345247,140.49451897188084,0.10762377345084577
restricted337,CounterFact,rewrite,p,d_rank+T_FE,169,20,10,159,0.3646388675586848,0.1446807875912679,0.015319974143503553,0.5549493155476215,1.801966363384383,0.09100415678011034
restricted337,CounterFact,rewrite,P,d_rank+T_FE,169,20,10,159,0.36490230217741221,0.13860694427531123,0.021699567400924862,0.55221168025518963,1.8108997613702722,0.09100415678011034
restricted337,CounterFact,rewrite,c,d_rank+T_FE,169,20,10,159,-0.49884104191856798,0.494005094290072,-0.67321366416389028,0.37477181598360004,2.6682902965247521,0.09100415678011034
restricted337,CounterFact,rewrite,angle_degrees,d_rank+T_FE,169,20,10,159,-0.42516726898655804,-0.953551134810533,0.9964347869325243,0.004534577114147449,220.52773055288776,0.09100415678011034
restricted337,CounterFact,rewrite,p,d_rank+T_FE+trajectory_FE,169,20,29,140,-0.0077570806523489912,0.1446807875912679,0.015319974143503553,0.22881330848691117,4.370375161360875,0.022750787023431654
restricted337,CounterFact,rewrite,P,d_rank+T_FE+trajectory_FE,169,20,29,140,-0.0066921164594421472,0.13860694427531123,0.021699567400924862,0.22704634385985573,4.4043871528591962,0.022750787023431654
restricted337,CounterFact,rewrite,c,d_rank+T_FE+trajectory_FE,169,20,29,140,-0.0017531433185750463,0.494005094290072,-0.67321366416389028,0.072693438046349021,13.75639984674276,0.022750787023431654
restricted337,CounterFact,rewrite,angle_degrees,d_rank+T_FE+trajectory_FE,169,20,29,140,-0.12491662290016155,-0.953551134810533,0.9964347869325243,0.0017642326489573049,566.81866792966287,0.022750787023431654
restricted337,zsRE,locality,p,d_rank,168,20,2,166,0.46078848094682295,0.29403829703230905,-0.11915054084561226,0.98580314861619789,1.0144013045644362,0.16363915018170405
restricted337,zsRE,locality,P,d_rank,168,20,2,166,0.46025345920419281,0.29143150723067818,-0.1164703559913141,0.98643465617525639,1.0137518929812757,0.16363915018170405
restricted337,zsRE,locality,c,d_rank,168,20,2,166,-0.47744884390143449,0.63177195904049899,-0.81360693659173633,0.33804375272981063,2.9581969550529554,0.16363915018170405
restricted337,zsRE,locality,angle_degrees,d_rank,168,20,2,166,-0.36706439779933164,-0.91964760251264177,0.99923061737893626,0.0015381732925101531,650.12180673615433,0.16363915018170405
restricted337,zsRE,locality,p,d_rank+T_FE,168,20,10,158,0.16258929844447909,0.29403829703230905,-0.11915054084561226,0.61932664411513971,1.6146568365853946,0.10671812026748694
restricted337,zsRE,locality,P,d_rank+T_FE,168,20,10,158,0.16212776359442002,0.29143150723067818,-0.1164703559913141,0.62033112671440338,1.6120422737716236,0.10671812026748694
restricted337,zsRE,locality,c,d_rank+T_FE,168,20,10,158,-0.20246163927454885,0.63177195904049899,-0.81360693659173633,0.21784554493937866,4.5904083109814193,0.10671812026748694
restricted337,zsRE,locality,angle_degrees,d_rank+T_FE,168,20,10,158,-0.14760140482342637,-0.91964760251264177,0.99923061737893626,0.00099698532161725901,1003.0237941495976,0.10671812026748694
restricted337,zsRE,locality,p,d_rank+T_FE+trajectory_FE,168,20,29,139,0.033032212999682439,0.29403829703230905,-0.11915054084561226,0.31523474865308448,3.1722391147319198,0.035253852211346887
restricted337,zsRE,locality,P,d_rank+T_FE+trajectory_FE,168,20,29,139,0.033540895008119659,0.29143150723067818,-0.1164703559913141,0.31519704150004674,3.1726186110152677,0.035253852211346887
restricted337,zsRE,locality,c,d_rank+T_FE+trajectory_FE,168,20,29,139,0.41798386273371052,0.63177195904049899,-0.81360693659173633,0.052657299138065043,18.990719546364229,0.035253852211346887
restricted337,zsRE,locality,angle_degrees,d_rank+T_FE+trajectory_FE,168,20,29,139,-0.073985718324773797,-0.91964760251264177,0.99923061737893626,0.00065507517779085959,1526.5423479673682,0.035253852211346887
restricted337,zsRE,rewrite,p,d_rank,168,20,2,166,0.47149250369358603,0.23675472385744153,-0.038352711314480092,0.99852906953482801,1.0014730972888524,0.18402031640408004
restricted337,zsRE,rewrite,P,d_rank,168,20,2,166,0.47098936656472096,0.22787139162081588,-0.028684811273480094,0.9991771816022047,1.0008234959854427,0.18402031640408004
restricted337,zsRE,rewrite,c,d_rank,168,20,2,166,-0.50052636660316219,0.53359468721053249,-0.74836632736218189,0.43994784007043974,2.2729967257934276,0.18402031640408004
restricted337,zsRE,rewrite,angle_degrees,d_rank,168,20,2,166,-0.39722616241269271,-0.91611957825684232,0.99460419819701273,0.010762488928877741,92.915310446156724,0.18402031640408004
restricted337,zsRE,rewrite,p,d_rank+T_FE,168,20,10,158,0.19667199011327857,0.23675472385744153,-0.038352711314480092,0.52211219921856522,1.9152971363179787,0.13424070221175846
restricted337,zsRE,rewrite,P,d_rank+T_FE,168,20,10,158,0.19607432776616343,0.22787139162081588,-0.028684811273480094,0.52106173881715945,1.9191583751093648,0.13424070221175846
restricted337,zsRE,rewrite,c,d_rank+T_FE,168,20,10,158,-0.28358187471425184,0.53359468721053249,-0.74836632736218189,0.2727114949773774,3.6668788020209941,0.13424070221175846
restricted337,zsRE,rewrite,angle_degrees,d_rank+T_FE,168,20,10,158,-0.27230775764874565,-0.91611957825684232,0.99460419819701273,0.0064339010451728122,155.42669882221361,0.13424070221175846
restricted337,zsRE,rewrite,p,d_rank+T_FE+trajectory_FE,168,20,29,139,0.032600955182240356,0.23675472385744153,-0.038352711314480092,0.26078381764871239,3.8345937605187039,0.044685361142958284
restricted337,zsRE,rewrite,P,d_rank+T_FE+trajectory_FE,168,20,29,139,0.029516507781967447,0.22787139162081588,-0.028684811273480094,0.25876994177389062,3.8644364687216468,0.044685361142958284
restricted337,zsRE,rewrite,c,d_rank+T_FE+trajectory_FE,168,20,29,139,0.28697166399219504,0.53359468721053249,-0.74836632736218189,0.11227874432478181,8.9064052685463029,0.044685361142958284
restricted337,zsRE,rewrite,angle_degrees,d_rank+T_FE+trajectory_FE,168,20,29,139,-0.17092309124777902,-0.91611957825684232,0.99460419819701273,0.0036057245819025143,277.33676748886984,0.044685361142958284
