model,dataset,editor,method,order_id,scope,n,relative_target_realization_error_valid_n,relative_target_realization_error_undefined_n,relative_target_realization_error_min,relative_target_realization_error_q25,relative_target_realization_error_median,relative_target_realization_error_q75,relative_target_realization_error_max,relative_target_realization_error_mean,target_post_cosine_valid_n,target_post_cosine_undefined_n,target_post_cosine_min,target_post_cosine_q25,target_post_cosine_median,target_post_cosine_q75,target_post_cosine_max,target_post_cosine_mean,requested_actual_displacement_cosine_valid_n,requested_actual_displacement_cosine_undefined_n,requested_actual_displacement_cosine_min,requested_actual_displacement_cosine_q25,requested_actual_displacement_cosine_median,requested_actual_displacement_cosine_q75,requested_actual_displacement_cosine_max,requested_actual_displacement_cosine_mean,reference_vector_relative_difference_valid_n,reference_vector_relative_difference_undefined_n,reference_vector_relative_difference_min,reference_vector_relative_difference_q25,reference_vector_relative_difference_median,reference_vector_relative_difference_q75,reference_vector_relative_difference_max,reference_vector_relative_difference_mean,reference_norm_relative_difference_valid_n,reference_norm_relative_difference_undefined_n,reference_norm_relative_difference_min,reference_norm_relative_difference_q25,reference_norm_relative_difference_median,reference_norm_relative_difference_q75,reference_norm_relative_difference_max,reference_norm_relative_difference_mean,target_displacement_zero_n,actual_displacement_zero_n,pre_vector_nonfinite_n,post_vector_nonfinite_n,all_required_vectors_finite_n,pre_norm_reconstruction_max_relative_error,post_norm_reconstruction_max_relative_error,reference_norm_above_1_percent_n,reference_vector_above_1_percent_n,original_target_ratio_median,common_target_ratio_median,actual_post_pre_ratio_median,original_norm_ratio_spearman,common_norm_ratio_spearman
GPT-2 XL,CounterFact,AlphaEdit,ENCORE,canonical,all_edits,1000,1000,0,4.435518092958432e-05,0.011436295869271619,0.018100361300374276,0.028222476416758645,0.12809330342717962,0.021021806664292056,1000,0,0.9937737801291604,0.9996905326053082,0.9998692502780933,0.999945764863317,0.9999999992923154,0.9997437017958416,1000,0,0.9838639970713486,0.9993131116769679,0.9996934488576961,0.9998717686846866,0.999999998447917,0.9994398331004616,1000,0,6.63627498172347e-08,6.3706662913653e-07,7.764215652572095e-07,9.155986878860928e-07,1.8067529749329641e-06,7.839883702363398e-07,1000,0,3.470349371775966e-11,2.4260636592690898e-08,5.3140558176707865e-08,9.156177409073656e-08,3.601200049611976e-07,6.355927928184004e-08,0,0,0,0,1000,0.0,0.0,0,0,1.1428585712981398,1.1428586286486793,1.1318066790890273,0.9904162144162144,0.9904160584160584
GPT-2 XL,CounterFact,AlphaEdit,ENCORE,canonical,reference_norm_difference_at_most_1_percent,1000,1000,0,4.435518092958432e-05,0.011436295869271619,0.018100361300374276,0.028222476416758645,0.12809330342717962,0.021021806664292056,1000,0,0.9937737801291604,0.9996905326053082,0.9998692502780933,0.999945764863317,0.9999999992923154,0.9997437017958416,1000,0,0.9838639970713486,0.9993131116769679,0.9996934488576961,0.9998717686846866,0.999999998447917,0.9994398331004616,1000,0,6.63627498172347e-08,6.3706662913653e-07,7.764215652572095e-07,9.155986878860928e-07,1.8067529749329641e-06,7.839883702363398e-07,1000,0,3.470349371775966e-11,2.4260636592690898e-08,5.3140558176707865e-08,9.156177409073656e-08,3.601200049611976e-07,6.355927928184004e-08,0,0,0,0,1000,0.0,0.0,0,0,1.1428585712981398,1.1428586286486793,1.1318066790890273,0.9904162144162144,0.9904160584160584
GPT-2 XL,CounterFact,AlphaEdit,NAS,canonical,all_edits,1000,1000,0,6.622763294498376e-08,0.011841692055748816,0.02004985642273283,0.0310349952896971,0.10140726705638611,0.02325148252613877,1000,0,0.9966278462154863,0.9996579653967812,0.9998578851404762,0.9999476501851883,0.9999999999999989,0.999716946562462,1000,0,-0.99993491504039,0.9995060230217285,0.9997718111388463,0.9999066398452859,0.9999999993248776,0.9956518927000491,1000,0,6.500785739964509e-08,6.420183869820019e-07,7.892004533321736e-07,9.300592903741182e-07,1.8928607404022697e-06,7.973272350236325e-07,1000,0,1.1934724176354775e-11,2.6356666197875524e-08,5.473088659028138e-08,9.562368578621084e-08,3.840904914390873e-07,6.769570489107565e-08,0,0,0,0,1000,0.0,0.0,0,0,1.223173633798655,1.2231737057199608,1.2094225566116337,0.9750113399363741,0.9750107550107551
GPT-2 XL,CounterFact,AlphaEdit,NAS,canonical,reference_norm_difference_at_most_1_percent,1000,1000,0,6.622763294498376e-08,0.011841692055748816,0.02004985642273283,0.0310349952896971,0.10140726705638611,0.02325148252613877,1000,0,0.9966278462154863,0.9996579653967812,0.9998578851404762,0.9999476501851883,0.9999999999999989,0.999716946562462,1000,0,-0.99993491504039,0.9995060230217285,0.9997718111388463,0.9999066398452859,0.9999999993248776,0.9956518927000491,1000,0,6.500785739964509e-08,6.420183869820019e-07,7.892004533321736e-07,9.300592903741182e-07,1.8928607404022697e-06,7.973272350236325e-07,1000,0,1.1934724176354775e-11,2.6356666197875524e-08,5.473088659028138e-08,9.562368578621084e-08,3.840904914390873e-07,6.769570489107565e-08,0,0,0,0,1000,0.0,0.0,0,0,1.223173633798655,1.2231737057199608,1.2094225566116337,0.9750113399363741,0.9750107550107551
GPT-2 XL,CounterFact,AlphaEdit,Native,canonical,all_edits,1000,1000,0,1.9984298281028902e-05,0.010607287489214431,0.018151991717457745,0.02857173950508436,0.0939780013833037,0.021358304170564925,1000,0,0.996835378233538,0.9997009689753131,0.999877550007738,0.9999565325126126,0.9999999998329974,0.9997482822354857,1000,0,0.9892113512215798,0.9995488910778036,0.9998019100195747,0.9999244163766865,0.9999999996646513,0.9996291476332103,1000,0,2.200784330866998e-08,6.589221426526833e-07,8.0166623196351e-07,9.422129477778791e-07,1.999088764522795e-06,8.137210525156348e-07,1000,0,2.6898450554326937e-10,2.7944233018022446e-08,6.008487362863276e-08,1.0165949119631629e-07,6.365499623963919e-07,7.29210679941196e-08,0,0,0,0,1000,0.0,0.0,0,0,1.2320355886020269,1.2320356118339555,1.219735845918394,0.9402664842664843,0.9402640002640005
GPT-2 XL,CounterFact,AlphaEdit,Native,canonical,reference_norm_difference_at_most_1_percent,1000,1000,0,1.9984298281028902e-05,0.010607287489214431,0.018151991717457745,0.02857173950508436,0.0939780013833037,0.021358304170564925,1000,0,0.996835378233538,0.9997009689753131,0.999877550007738,0.9999565325126126,0.9999999998329974,0.9997482822354857,1000,0,0.9892113512215798,0.9995488910778036,0.9998019100195747,0.9999244163766865,0.9999999996646513,0.9996291476332103,1000,0,2.200784330866998e-08,6.589221426526833e-07,8.0166623196351e-07,9.422129477778791e-07,1.999088764522795e-06,8.137210525156348e-07,1000,0,2.6898450554326937e-10,2.7944233018022446e-08,6.008487362863276e-08,1.0165949119631629e-07,6.365499623963919e-07,7.29210679941196e-08,0,0,0,0,1000,0.0,0.0,0,0,1.2320355886020269,1.2320356118339555,1.219735845918394,0.9402664842664843,0.9402640002640005
GPT-2 XL,CounterFact,AlphaEdit,SADR,canonical,all_edits,1000,1000,0,5.912562614733863e-05,0.007118660826765832,0.0127396493859298,0.020464144592010063,0.09041563443689776,0.015560967752464617,1000,0,0.9971386608131872,0.9998491158865865,0.9999403959259427,0.9999808424487615,0.99999999852244,0.9998636343858328,1000,0,0.9965509991472176,0.9997832713115695,0.9999057623347587,0.9999687706742131,0.9999999975312217,0.9998186522924302,1000,0,1.7765917479650973e-08,6.677569743395906e-07,8.066322286434815e-07,9.496321867079286e-07,1.6419924907213805e-06,8.20361439911374e-07,1000,0,1.3412049585238949e-12,2.747917780666301e-08,5.595142448626422e-08,1.0330684266030518e-07,5.47917268407196e-07,7.316324114723581e-08,0,0,0,0,1000,0.0,0.0,0,0,1.2432185464691226,1.2432185138046918,1.2335640083722281,0.9112984432984433,0.9113002793002795
GPT-2 XL,CounterFact,AlphaEdit,SADR,canonical,reference_norm_difference_at_most_1_percent,1000,1000,0,5.912562614733863e-05,0.007118660826765832,0.0127396493859298,0.020464144592010063,0.09041563443689776,0.015560967752464617,1000,0,0.9971386608131872,0.9998491158865865,0.9999403959259427,0.9999808424487615,0.99999999852244,0.9998636343858328,1000,0,0.9965509991472176,0.9997832713115695,0.9999057623347587,0.9999687706742131,0.9999999975312217,0.9998186522924302,1000,0,1.7765917479650973e-08,6.677569743395906e-07,8.066322286434815e-07,9.496321867079286e-07,1.6419924907213805e-06,8.20361439911374e-07,1000,0,1.3412049585238949e-12,2.747917780666301e-08,5.595142448626422e-08,1.0330684266030518e-07,5.47917268407196e-07,7.316324114723581e-08,0,0,0,0,1000,0.0,0.0,0,0,1.2432185464691226,1.2432185138046918,1.2335640083722281,0.9112984432984433,0.9113002793002795
GPT-2 XL,CounterFact,AlphaEdit,SPHERE,canonical,all_edits,1000,1000,0,3.6844471838342e-05,0.014235518693992552,0.02203547985913753,0.032796003569174656,0.11811711953568828,0.02518078454026679,1000,0,0.9950410283619191,0.9996140504315165,0.9998253397307366,0.9999242697692781,0.9999999994038701,0.9996698148208794,1000,0,-0.9998728139765964,0.9994279557054889,0.9997136648317321,0.9998722375764733,0.9999999986381681,0.9975012676820172,1000,0,1.7567134413221662e-08,6.574697618700418e-07,8.031740705997241e-07,9.444098097084776e-07,2.1772998437534547e-06,8.131713062834105e-07,1000,0,1.1716012550825552e-10,2.5831750805615765e-08,5.557411529733085e-08,9.922961370172694e-08,5.358399110644909e-07,6.991833900019491e-08,0,0,0,0,1000,0.0,0.0,0,0,1.2333687650904683,1.2333688815685235,1.2162492834550265,0.936935892935893,0.936935892935893
GPT-2 XL,CounterFact,AlphaEdit,SPHERE,canonical,reference_norm_difference_at_most_1_percent,1000,1000,0,3.6844471838342e-05,0.014235518693992552,0.02203547985913753,0.032796003569174656,0.11811711953568828,0.02518078454026679,1000,0,0.9950410283619191,0.9996140504315165,0.9998253397307366,0.9999242697692781,0.9999999994038701,0.9996698148208794,1000,0,-0.9998728139765964,0.9994279557054889,0.9997136648317321,0.9998722375764733,0.9999999986381681,0.9975012676820172,1000,0,1.7567134413221662e-08,6.574697618700418e-07,8.031740705997241e-07,9.444098097084776e-07,2.1772998437534547e-06,8.131713062834105e-07,1000,0,1.1716012550825552e-10,2.5831750805615765e-08,5.557411529733085e-08,9.922961370172694e-08,5.358399110644909e-07,6.991833900019491e-08,0,0,0,0,1000,0.0,0.0,0,0,1.2333687650904683,1.2333688815685235,1.2162492834550265,0.936935892935893,0.936935892935893
GPT-2 XL,CounterFact,MEMIT,ENCORE,canonical,all_edits,1000,1000,0,0.015798314109966707,0.21840101863962025,0.25822063456982236,0.29749491097665826,0.45774763242134403,0.25716315228570863,1000,0,0.8928139697869225,0.9591362763136698,0.969497020414535,0.9784492987787643,0.9998752090453618,0.9674375229728304,1000,0,0.9198937562471946,0.9720429382788939,0.9784259047324105,0.9833227807317386,0.9994927143966336,0.9765044697007911,1000,0,1.778799649428164e-08,5.895593794016615e-07,7.123060039491631e-07,8.239175879094695e-07,1.3108054822713891e-06,7.13912254810313e-07,1000,0,1.1566110517700794e-10,2.2924152837240137e-08,4.836584758102429e-08,8.584305212574328e-08,2.9163491253964655e-07,5.904981067002207e-08,0,0,0,0,1000,0.0,0.0,0,0,1.1620614645595446,1.162061577697199,1.0318358506262166,0.6136566376566376,0.6136566376566376
GPT-2 XL,CounterFact,MEMIT,ENCORE,canonical,reference_norm_difference_at_most_1_percent,1000,1000,0,0.015798314109966707,0.21840101863962025,0.25822063456982236,0.29749491097665826,0.45774763242134403,0.25716315228570863,1000,0,0.8928139697869225,0.9591362763136698,0.969497020414535,0.9784492987787643,0.9998752090453618,0.9674375229728304,1000,0,0.9198937562471946,0.9720429382788939,0.9784259047324105,0.9833227807317386,0.9994927143966336,0.9765044697007911,1000,0,1.778799649428164e-08,5.895593794016615e-07,7.123060039491631e-07,8.239175879094695e-07,1.3108054822713891e-06,7.13912254810313e-07,1000,0,1.1566110517700794e-10,2.2924152837240137e-08,4.836584758102429e-08,8.584305212574328e-08,2.9163491253964655e-07,5.904981067002207e-08,0,0,0,0,1000,0.0,0.0,0,0,1.1620614645595446,1.162061577697199,1.0318358506262166,0.6136566376566376,0.6136566376566376
GPT-2 XL,CounterFact,MEMIT,NAS,canonical,all_edits,1000,1000,0,7.402131825039872e-08,0.1787541060838539,0.22587098844119305,0.28004316917516486,0.4945173818709689,0.22715712190993598,1000,0,0.8779329847419207,0.9641692020680432,0.9775066490630611,0.9854476734919473,0.9999999999999981,0.9740939543889535,1000,0,0.04495495909047279,0.9694255687779518,0.9781084470425797,0.9836161265692047,0.9997299470651967,0.9724009140062477,1000,0,1.6778350124656782e-08,5.168784539865935e-07,6.22464206380647e-07,7.417900399145953e-07,1.2756675526039203e-06,6.357926681907958e-07,1000,0,5.321463824960501e-11,2.5842142972754987e-08,5.652527323766197e-08,1.0175057985040218e-07,4.3003809770254224e-07,7.167700945125787e-08,0,0,0,0,1000,0.0,0.0,0,0,1.146138941443607,1.1461390701572003,1.0365084371166793,0.7661789104774472,0.7661789141789143
GPT-2 XL,CounterFact,MEMIT,NAS,canonical,reference_norm_difference_at_most_1_percent,1000,1000,0,7.402131825039872e-08,0.1787541060838539,0.22587098844119305,0.28004316917516486,0.4945173818709689,0.22715712190993598,1000,0,0.8779329847419207,0.9641692020680432,0.9775066490630611,0.9854476734919473,0.9999999999999981,0.9740939543889535,1000,0,0.04495495909047279,0.9694255687779518,0.9781084470425797,0.9836161265692047,0.9997299470651967,0.9724009140062477,1000,0,1.6778350124656782e-08,5.168784539865935e-07,6.22464206380647e-07,7.417900399145953e-07,1.2756675526039203e-06,6.357926681907958e-07,1000,0,5.321463824960501e-11,2.5842142972754987e-08,5.652527323766197e-08,1.0175057985040218e-07,4.3003809770254224e-07,7.167700945125787e-08,0,0,0,0,1000,0.0,0.0,0,0,1.146138941443607,1.1461390701572003,1.0365084371166793,0.7661789104774472,0.7661789141789143
GPT-2 XL,CounterFact,MEMIT,Native,canonical,all_edits,1000,1000,0,0.030193242768005925,0.17604541047347577,0.22950530675452324,0.2830956203498663,0.45325597116320904,0.2301107899624362,1000,0,0.8971335688977028,0.963810883932897,0.9760157230919311,0.985657594446513,0.9995448385423791,0.9729436887290813,1000,0,0.8934996525743936,0.973370659961337,0.9798522344431275,0.9850783931002487,0.9997007081069998,0.9770315760148894,1000,0,1.9181979905966958e-08,5.500639303306523e-07,6.671876842005248e-07,7.735732965717587e-07,1.2772547950328122e-06,6.69058004415108e-07,1000,0,1.6834837350357347e-10,2.5072406314835703e-08,5.332306625984084e-08,9.57044852475717e-08,3.097359416393078e-07,6.556518850326097e-08,0,0,0,0,1000,0.0,0.0,0,0,1.1321485475585642,1.1321485743010076,1.0282820484797908,0.78583292983293,0.78583292983293
GPT-2 XL,CounterFact,MEMIT,Native,canonical,reference_norm_difference_at_most_1_percent,1000,1000,0,0.030193242768005925,0.17604541047347577,0.22950530675452324,0.2830956203498663,0.45325597116320904,0.2301107899624362,1000,0,0.8971335688977028,0.963810883932897,0.9760157230919311,0.985657594446513,0.9995448385423791,0.9729436887290813,1000,0,0.8934996525743936,0.973370659961337,0.9798522344431275,0.9850783931002487,0.9997007081069998,0.9770315760148894,1000,0,1.9181979905966958e-08,5.500639303306523e-07,6.671876842005248e-07,7.735732965717587e-07,1.2772547950328122e-06,6.69058004415108e-07,1000,0,1.6834837350357347e-10,2.5072406314835703e-08,5.332306625984084e-08,9.57044852475717e-08,3.097359416393078e-07,6.556518850326097e-08,0,0,0,0,1000,0.0,0.0,0,0,1.1321485475585642,1.1321485743010076,1.0282820484797908,0.78583292983293,0.78583292983293
GPT-2 XL,CounterFact,MEMIT,SADR,canonical,all_edits,1000,1000,0,3.9165317728323514e-07,0.20551369405800238,0.25401774845595604,0.2998365872247757,0.4502253772233095,0.24655418127529732,1000,0,0.8964612936977775,0.960590824940005,0.9725487948501428,0.9825314639274223,0.9999999999999402,0.970404652859877,1000,0,0.8019174324826236,0.9782262429289788,0.9848290458259297,0.9884494024120419,0.9997571776780448,0.9812618634122283,1000,0,1.6428203015507895e-08,5.663799651247137e-07,6.959597815566826e-07,8.111312038931817e-07,1.4172597357517683e-06,7.010928738989369e-07,1000,0,1.7149310218570514e-11,3.24973047323404e-08,6.823858350128273e-08,1.2257178916965977e-07,7.665479816400947e-07,9.629465336279317e-08,0,0,0,0,1000,0.0,0.0,0,0,1.2429053546655409,1.2429054402685744,1.0689783799197605,0.5673604713604714,0.5673604713604714
GPT-2 XL,CounterFact,MEMIT,SADR,canonical,reference_norm_difference_at_most_1_percent,1000,1000,0,3.9165317728323514e-07,0.20551369405800238,0.25401774845595604,0.2998365872247757,0.4502253772233095,0.24655418127529732,1000,0,0.8964612936977775,0.960590824940005,0.9725487948501428,0.9825314639274223,0.9999999999999402,0.970404652859877,1000,0,0.8019174324826236,0.9782262429289788,0.9848290458259297,0.9884494024120419,0.9997571776780448,0.9812618634122283,1000,0,1.6428203015507895e-08,5.663799651247137e-07,6.959597815566826e-07,8.111312038931817e-07,1.4172597357517683e-06,7.010928738989369e-07,1000,0,1.7149310218570514e-11,3.24973047323404e-08,6.823858350128273e-08,1.2257178916965977e-07,7.665479816400947e-07,9.629465336279317e-08,0,0,0,0,1000,0.0,0.0,0,0,1.2429053546655409,1.2429054402685744,1.0689783799197605,0.5673604713604714,0.5673604713604714
GPT-2 XL,CounterFact,MEMIT,SPHERE,canonical,all_edits,1000,1000,0,0.031064232412573042,0.22964176825810398,0.27790823022597644,0.32151110821117485,0.4570194362947074,0.27385521168548543,1000,0,0.8935186905596721,0.9533205045145728,0.9663520311538812,0.9768686426520853,0.9995176783569879,0.9634307902857724,1000,0,0.9135069471383902,0.9739795433380697,0.9799227565416376,0.9844548952379997,0.9995103874002713,0.9778688682771447,1000,0,1.812702201495005e-08,5.905941040222947e-07,7.163200224589637e-07,8.315403952040351e-07,1.3147640453076875e-06,7.155284670944076e-07,1000,0,6.792677232458074e-12,2.3978279319602033e-08,5.0034179608423605e-08,8.610589363458076e-08,3.5335374803606594e-07,6.035228584300754e-08,0,0,0,0,1000,0.0,0.0,0,0,1.2314280049473418,1.231427968886713,1.0456619023547598,0.6836308076308076,0.6836308076308076
GPT-2 XL,CounterFact,MEMIT,SPHERE,canonical,reference_norm_difference_at_most_1_percent,1000,1000,0,0.031064232412573042,0.22964176825810398,0.27790823022597644,0.32151110821117485,0.4570194362947074,0.27385521168548543,1000,0,0.8935186905596721,0.9533205045145728,0.9663520311538812,0.9768686426520853,0.9995176783569879,0.9634307902857724,1000,0,0.9135069471383902,0.9739795433380697,0.9799227565416376,0.9844548952379997,0.9995103874002713,0.9778688682771447,1000,0,1.812702201495005e-08,5.905941040222947e-07,7.163200224589637e-07,8.315403952040351e-07,1.3147640453076875e-06,7.155284670944076e-07,1000,0,6.792677232458074e-12,2.3978279319602033e-08,5.0034179608423605e-08,8.610589363458076e-08,3.5335374803606594e-07,6.035228584300754e-08,0,0,0,0,1000,0.0,0.0,0,0,1.2314280049473418,1.231427968886713,1.0456619023547598,0.6836308076308076,0.6836308076308076
GPT-2 XL,zsRE,AlphaEdit,ENCORE,canonical,all_edits,1000,1000,0,2.7376014859329644e-07,0.0134202928640267,0.01963045452932822,0.026651663030075958,0.07540870222984977,0.02103483128649457,1000,0,0.997599096516685,0.9997299190677679,0.9998500860771748,0.9999303519551875,0.9999999999999631,0.9997821085012676,1000,0,0.9713047784087836,0.9994282720811128,0.9996899227782956,0.9998515550013246,0.999999999439105,0.9994873148913888,1000,0,4.7403676348919216e-07,6.687894958289716e-07,7.561711861140145e-07,8.310395548387922e-07,1.2809569213928683e-06,7.556576830025402e-07,1000,0,6.761280241654497e-11,2.419000560539303e-08,5.1034633559864286e-08,9.063628082784322e-08,2.753574506844863e-07,6.189008975944949e-08,0,0,0,0,1000,0.0,0.0,0,0,1.170610751658253,1.1706106790997068,1.1582584330036012,0.9921333321333321,0.9921333321333321
GPT-2 XL,zsRE,AlphaEdit,ENCORE,canonical,reference_norm_difference_at_most_1_percent,1000,1000,0,2.7376014859329644e-07,0.0134202928640267,0.01963045452932822,0.026651663030075958,0.07540870222984977,0.02103483128649457,1000,0,0.997599096516685,0.9997299190677679,0.9998500860771748,0.9999303519551875,0.9999999999999631,0.9997821085012676,1000,0,0.9713047784087836,0.9994282720811128,0.9996899227782956,0.9998515550013246,0.999999999439105,0.9994873148913888,1000,0,4.7403676348919216e-07,6.687894958289716e-07,7.561711861140145e-07,8.310395548387922e-07,1.2809569213928683e-06,7.556576830025402e-07,1000,0,6.761280241654497e-11,2.419000560539303e-08,5.1034633559864286e-08,9.063628082784322e-08,2.753574506844863e-07,6.189008975944949e-08,0,0,0,0,1000,0.0,0.0,0,0,1.170610751658253,1.1706106790997068,1.1582584330036012,0.9921333321333321,0.9921333321333321
GPT-2 XL,zsRE,AlphaEdit,NAS,canonical,all_edits,1000,1000,0,0.00013913033704136262,0.01346500776731894,0.019892948349609363,0.02790372749019914,0.09320462632407026,0.02148215639322166,1000,0,0.9974258213172799,0.9997256866984913,0.9998542979844185,0.9999300772154364,0.9999999912750275,0.9997921882755152,1000,0,0.9930530690445161,0.9995900611549772,0.999772186342754,0.9998845058976185,0.9999999821974926,0.9996706720901503,1000,0,4.654265341002274e-07,6.757341012824934e-07,7.632047846457325e-07,8.428686374278273e-07,1.3191809700132351e-06,7.692014485012327e-07,1000,0,2.745595046582641e-10,2.3483623642294016e-08,5.151041696235883e-08,8.913215349059598e-08,2.939463687647493e-07,6.220548865503043e-08,0,0,0,0,1000,0.0,0.0,0,0,1.2257269824679242,1.2257270274689187,1.2128937733840564,0.9855059055059057,0.9855059055059057
GPT-2 XL,zsRE,AlphaEdit,NAS,canonical,reference_norm_difference_at_most_1_percent,1000,1000,0,0.00013913033704136262,0.01346500776731894,0.019892948349609363,0.02790372749019914,0.09320462632407026,0.02148215639322166,1000,0,0.9974258213172799,0.9997256866984913,0.9998542979844185,0.9999300772154364,0.9999999912750275,0.9997921882755152,1000,0,0.9930530690445161,0.9995900611549772,0.999772186342754,0.9998845058976185,0.9999999821974926,0.9996706720901503,1000,0,4.654265341002274e-07,6.757341012824934e-07,7.632047846457325e-07,8.428686374278273e-07,1.3191809700132351e-06,7.692014485012327e-07,1000,0,2.745595046582641e-10,2.3483623642294016e-08,5.151041696235883e-08,8.913215349059598e-08,2.939463687647493e-07,6.220548865503043e-08,0,0,0,0,1000,0.0,0.0,0,0,1.2257269824679242,1.2257270274689187,1.2128937733840564,0.9855059055059057,0.9855059055059057
GPT-2 XL,zsRE,AlphaEdit,Native,canonical,all_edits,1000,1000,0,1.5473817034532604e-07,0.013324433702890645,0.019208639380886003,0.026778445602690208,0.0847544043521763,0.02094823228403828,1000,0,0.9981373170306391,0.9997382031523069,0.9998644516306807,0.9999336071838366,0.9999999999999883,0.9997991638407584,1000,0,0.9780037653274966,0.9995847882357519,0.9997717646463588,0.9998841814218968,0.9999999976646549,0.999598907996474,1000,0,4.7145371092951994e-07,6.782652213946465e-07,7.634542421243243e-07,8.467390617351424e-07,1.3797656892026654e-06,7.69894797947833e-07,1000,0,1.046156099350007e-10,2.8939050145160266e-08,5.542891495715651e-08,9.138588541547157e-08,3.3069353649475186e-07,6.446774115067573e-08,0,0,0,0,1000,0.0,0.0,0,0,1.2339114037095236,1.2339114285328718,1.2212666305925404,0.963742404633632,0.9637398517398519
GPT-2 XL,zsRE,AlphaEdit,Native,canonical,reference_norm_difference_at_most_1_percent,1000,1000,0,1.5473817034532604e-07,0.013324433702890645,0.019208639380886003,0.026778445602690208,0.0847544043521763,0.02094823228403828,1000,0,0.9981373170306391,0.9997382031523069,0.9998644516306807,0.9999336071838366,0.9999999999999883,0.9997991638407584,1000,0,0.9780037653274966,0.9995847882357519,0.9997717646463588,0.9998841814218968,0.9999999976646549,0.999598907996474,1000,0,4.7145371092951994e-07,6.782652213946465e-07,7.634542421243243e-07,8.467390617351424e-07,1.3797656892026654e-06,7.69894797947833e-07,1000,0,1.046156099350007e-10,2.8939050145160266e-08,5.542891495715651e-08,9.138588541547157e-08,3.3069353649475186e-07,6.446774115067573e-08,0,0,0,0,1000,0.0,0.0,0,0,1.2339114037095236,1.2339114285328718,1.2212666305925404,0.963742404633632,0.9637398517398519
GPT-2 XL,zsRE,AlphaEdit,SADR,canonical,all_edits,1000,1000,0,3.3656276929342696e-05,0.010304169772174543,0.01549760646398963,0.021675091493607402,0.07626092740067793,0.016622456314062232,1000,0,0.9983590500826204,0.9998365424184372,0.9999135448551759,0.9999596474251374,0.9999999995147509,0.9998728481253125,1000,0,0.9964365519412053,0.9997770629514876,0.9998722321166114,0.9999367000010123,0.9999999990476641,0.9998205550967376,1000,0,4.720799373018066e-07,6.844348356082597e-07,7.763160203848088e-07,8.626684077595407e-07,1.3769232415141348e-06,7.794354459731849e-07,1000,0,4.4534121085416674e-12,2.470041736126744e-08,5.490277943544833e-08,9.386526297437614e-08,2.9903310883136003e-07,6.513039145602094e-08,0,0,0,0,1000,0.0,0.0,0,0,1.2448567393831522,1.244856734796046,1.2341638270626023,0.9564073764073764,0.9564084924084925
GPT-2 XL,zsRE,AlphaEdit,SADR,canonical,reference_norm_difference_at_most_1_percent,1000,1000,0,3.3656276929342696e-05,0.010304169772174543,0.01549760646398963,0.021675091493607402,0.07626092740067793,0.016622456314062232,1000,0,0.9983590500826204,0.9998365424184372,0.9999135448551759,0.9999596474251374,0.9999999995147509,0.9998728481253125,1000,0,0.9964365519412053,0.9997770629514876,0.9998722321166114,0.9999367000010123,0.9999999990476641,0.9998205550967376,1000,0,4.720799373018066e-07,6.844348356082597e-07,7.763160203848088e-07,8.626684077595407e-07,1.3769232415141348e-06,7.794354459731849e-07,1000,0,4.4534121085416674e-12,2.470041736126744e-08,5.490277943544833e-08,9.386526297437614e-08,2.9903310883136003e-07,6.513039145602094e-08,0,0,0,0,1000,0.0,0.0,0,0,1.2448567393831522,1.244856734796046,1.2341638270626023,0.9564073764073764,0.9564084924084925
GPT-2 XL,zsRE,AlphaEdit,SPHERE,canonical,all_edits,1000,1000,0,2.0180675734968185e-07,0.017948419900070702,0.024098424161170286,0.03207532796381906,0.0879080840320646,0.02597030305640586,1000,0,0.9966546004629036,0.9996386645399116,0.999787270134501,0.9998788161704454,0.99999999999998,0.9997095727427383,1000,0,0.9696125778993284,0.999434349830509,0.9996503819257053,0.9997954855905538,0.999999631216446,0.9994424607656056,1000,0,4.448702540606548e-07,6.772978270245383e-07,7.708140290377932e-07,8.502318038055384e-07,1.4659153517369544e-06,7.732147587846668e-07,1000,0,1.445256593015223e-11,2.341573554769918e-08,5.2695005040555396e-08,8.996325761992769e-08,2.653868539006528e-07,6.294189863944342e-08,0,0,0,0,1000,0.0,0.0,0,0,1.2334630985515451,1.2334630758643281,1.2173918922359737,0.9600761249563533,0.9600761160761161
GPT-2 XL,zsRE,AlphaEdit,SPHERE,canonical,reference_norm_difference_at_most_1_percent,1000,1000,0,2.0180675734968185e-07,0.017948419900070702,0.024098424161170286,0.03207532796381906,0.0879080840320646,0.02597030305640586,1000,0,0.9966546004629036,0.9996386645399116,0.999787270134501,0.9998788161704454,0.99999999999998,0.9997095727427383,1000,0,0.9696125778993284,0.999434349830509,0.9996503819257053,0.9997954855905538,0.999999631216446,0.9994424607656056,1000,0,4.448702540606548e-07,6.772978270245383e-07,7.708140290377932e-07,8.502318038055384e-07,1.4659153517369544e-06,7.732147587846668e-07,1000,0,1.445256593015223e-11,2.341573554769918e-08,5.2695005040555396e-08,8.996325761992769e-08,2.653868539006528e-07,6.294189863944342e-08,0,0,0,0,1000,0.0,0.0,0,0,1.2334630985515451,1.2334630758643281,1.2173918922359737,0.9600761249563533,0.9600761160761161
GPT-2 XL,zsRE,MEMIT,ENCORE,canonical,all_edits,1000,1000,0,4.3621609458871055e-07,0.2602504316130239,0.30016850388709093,0.3352240542288093,0.48614042737348506,0.2963684703580966,1000,0,0.8753470996944627,0.9479958957789825,0.958987003358408,0.9698017766286169,0.9999999999999069,0.9576904248351122,1000,0,0.8916516769875524,0.9719081114523631,0.9787775397198688,0.9832177065424935,0.9956666767331355,0.9766544276351838,1000,0,4.550320979520955e-07,6.385876647898667e-07,7.03363628422378e-07,7.722515348809425e-07,1.1260580717097206e-06,7.087741459393803e-07,1000,0,2.2131520345442498e-10,2.15299991375336e-08,4.7024552713200764e-08,8.317852088285257e-08,2.590396347712033e-07,5.7037675380769265e-08,0,0,0,0,1000,0.0,0.0,0,0,1.2147160838363553,1.2147160688543917,1.0391659041156212,0.530895806895807,0.530895806895807
GPT-2 XL,zsRE,MEMIT,ENCORE,canonical,reference_norm_difference_at_most_1_percent,1000,1000,0,4.3621609458871055e-07,0.2602504316130239,0.30016850388709093,0.3352240542288093,0.48614042737348506,0.2963684703580966,1000,0,0.8753470996944627,0.9479958957789825,0.958987003358408,0.9698017766286169,0.9999999999999069,0.9576904248351122,1000,0,0.8916516769875524,0.9719081114523631,0.9787775397198688,0.9832177065424935,0.9956666767331355,0.9766544276351838,1000,0,4.550320979520955e-07,6.385876647898667e-07,7.03363628422378e-07,7.722515348809425e-07,1.1260580717097206e-06,7.087741459393803e-07,1000,0,2.2131520345442498e-10,2.15299991375336e-08,4.7024552713200764e-08,8.317852088285257e-08,2.590396347712033e-07,5.7037675380769265e-08,0,0,0,0,1000,0.0,0.0,0,0,1.2147160838363553,1.2147160688543917,1.0391659041156212,0.530895806895807,0.530895806895807
GPT-2 XL,zsRE,MEMIT,NAS,canonical,all_edits,1000,1000,0,0.02196024649499196,0.21036047607228286,0.24617444806620958,0.28151457279065184,0.44603886250501557,0.2445478016274967,1000,0,0.8993282819470911,0.963667703968783,0.9730522342675825,0.9803266473410583,0.9998476247216503,0.9714960350081484,1000,0,0.8732961550672151,0.9752517212905609,0.9816739055354518,0.9860773337246733,0.9967141702913255,0.9791203191227906,1000,0,4.3216303714942564e-07,5.938779008853183e-07,6.616387474825676e-07,7.351382796391175e-07,1.1231631060456584e-06,6.691474732537818e-07,1000,0,4.5401799702882176e-11,2.7105566849242458e-08,5.828531267506565e-08,9.834491995019596e-08,3.271003161135427e-07,6.971758149318896e-08,0,0,0,0,1000,0.0,0.0,0,0,1.1684530269089752,1.1684528721041216,1.0420554858375888,0.7575676695676695,0.7575676695676695
GPT-2 XL,zsRE,MEMIT,NAS,canonical,reference_norm_difference_at_most_1_percent,1000,1000,0,0.02196024649499196,0.21036047607228286,0.24617444806620958,0.28151457279065184,0.44603886250501557,0.2445478016274967,1000,0,0.8993282819470911,0.963667703968783,0.9730522342675825,0.9803266473410583,0.9998476247216503,0.9714960350081484,1000,0,0.8732961550672151,0.9752517212905609,0.9816739055354518,0.9860773337246733,0.9967141702913255,0.9791203191227906,1000,0,4.3216303714942564e-07,5.938779008853183e-07,6.616387474825676e-07,7.351382796391175e-07,1.1231631060456584e-06,6.691474732537818e-07,1000,0,4.5401799702882176e-11,2.7105566849242458e-08,5.828531267506565e-08,9.834491995019596e-08,3.271003161135427e-07,6.971758149318896e-08,0,0,0,0,1000,0.0,0.0,0,0,1.1684530269089752,1.1684528721041216,1.0420554858375888,0.7575676695676695,0.7575676695676695
GPT-2 XL,zsRE,MEMIT,Native,canonical,all_edits,1000,1000,0,1.9376740091608237e-07,0.20247418079140123,0.24895503818090825,0.2913748238253451,0.4684395168675403,0.2442730500430407,1000,0,0.8845463309423565,0.9625655790917507,0.9732700759234914,0.9819639724445883,0.9999999999999818,0.9713510850873704,1000,0,0.8775049057473892,0.9761872701242298,0.9820580272182435,0.9866458959963088,0.9956823851861382,0.9795647812401577,1000,0,4.129901945433481e-07,5.823058069510866e-07,6.517344029492092e-07,7.297426057453187e-07,1.1379902583816563e-06,6.620086640737034e-07,1000,0,1.5359740001924795e-11,2.979721893914616e-08,6.229036704801018e-08,1.1019953274367965e-07,4.857651277112284e-07,7.744826169466235e-08,0,0,0,0,1000,0.0,0.0,0,0,1.2077368709081224,1.20773690222069,1.046472055837619,0.7138232098232098,0.7138232098232098
GPT-2 XL,zsRE,MEMIT,Native,canonical,reference_norm_difference_at_most_1_percent,1000,1000,0,1.9376740091608237e-07,0.20247418079140123,0.24895503818090825,0.2913748238253451,0.4684395168675403,0.2442730500430407,1000,0,0.8845463309423565,0.9625655790917507,0.9732700759234914,0.9819639724445883,0.9999999999999818,0.9713510850873704,1000,0,0.8775049057473892,0.9761872701242298,0.9820580272182435,0.9866458959963088,0.9956823851861382,0.9795647812401577,1000,0,4.129901945433481e-07,5.823058069510866e-07,6.517344029492092e-07,7.297426057453187e-07,1.1379902583816563e-06,6.620086640737034e-07,1000,0,1.5359740001924795e-11,2.979721893914616e-08,6.229036704801018e-08,1.1019953274367965e-07,4.857651277112284e-07,7.744826169466235e-08,0,0,0,0,1000,0.0,0.0,0,0,1.2077368709081224,1.20773690222069,1.046472055837619,0.7138232098232098,0.7138232098232098
GPT-2 XL,zsRE,MEMIT,SADR,canonical,all_edits,1000,1000,0,1.9242478994436712e-07,0.21868709199293004,0.2566651328218963,0.29187821874547426,0.44535720879915913,0.25194217221285437,1000,0,0.8969186400617954,0.962991953049434,0.9718978120037189,0.9800179427742008,0.999999999999982,0.970966712187204,1000,0,0.8950432465886436,0.9815424206388537,0.9860369656382371,0.9892390910001109,0.9950575882251187,0.9836249547654213,1000,0,3.4112671029125023e-07,5.815253614767653e-07,6.588515462668157e-07,7.487872162024482e-07,1.8143786871591308e-06,6.710323960642678e-07,1000,0,4.8521244914437167e-11,3.313073389466798e-08,7.145561486816828e-08,1.255626292447324e-07,9.755560582121975e-07,9.728341035357695e-08,0,0,0,0,1000,0.0,0.0,0,0,1.2418966118972956,1.2418965578552807,1.0717361326473434,0.517011128562162,0.5170111330111331
GPT-2 XL,zsRE,MEMIT,SADR,canonical,reference_norm_difference_at_most_1_percent,1000,1000,0,1.9242478994436712e-07,0.21868709199293004,0.2566651328218963,0.29187821874547426,0.44535720879915913,0.25194217221285437,1000,0,0.8969186400617954,0.962991953049434,0.9718978120037189,0.9800179427742008,0.999999999999982,0.970966712187204,1000,0,0.8950432465886436,0.9815424206388537,0.9860369656382371,0.9892390910001109,0.9950575882251187,0.9836249547654213,1000,0,3.4112671029125023e-07,5.815253614767653e-07,6.588515462668157e-07,7.487872162024482e-07,1.8143786871591308e-06,6.710323960642678e-07,1000,0,4.8521244914437167e-11,3.313073389466798e-08,7.145561486816828e-08,1.255626292447324e-07,9.755560582121975e-07,9.728341035357695e-08,0,0,0,0,1000,0.0,0.0,0,0,1.2418966118972956,1.2418965578552807,1.0717361326473434,0.517011128562162,0.5170111330111331
GPT-2 XL,zsRE,MEMIT,SPHERE,canonical,all_edits,1000,1000,0,2.9024350502572364e-07,0.24535218948488624,0.28698152976450864,0.318521442889097,0.45599126473028806,0.2806131245423447,1000,0,0.8920406296507836,0.9544306805484806,0.9637557078742698,0.9737954365615773,0.9999999999999584,0.9629863450434406,1000,0,0.9069954356741208,0.9760533786295651,0.981789116264854,0.9858283640420396,0.9954482874379562,0.9798234373677337,1000,0,4.621793864370629e-07,6.391646976685617e-07,7.090966378709098e-07,7.776641155099958e-07,1.1682986171866103e-06,7.141120708897895e-07,1000,0,1.7062860482315415e-11,2.3580896089799218e-08,4.8779762129930514e-08,8.493816609333517e-08,2.5516617411885986e-07,6.079328199843806e-08,0,0,0,0,1000,0.0,0.0,0,0,1.2409158133168912,1.2409159358579847,1.05555333158983,0.6021413493670457,0.6021413301413302
GPT-2 XL,zsRE,MEMIT,SPHERE,canonical,reference_norm_difference_at_most_1_percent,1000,1000,0,2.9024350502572364e-07,0.24535218948488624,0.28698152976450864,0.318521442889097,0.45599126473028806,0.2806131245423447,1000,0,0.8920406296507836,0.9544306805484806,0.9637557078742698,0.9737954365615773,0.9999999999999584,0.9629863450434406,1000,0,0.9069954356741208,0.9760533786295651,0.981789116264854,0.9858283640420396,0.9954482874379562,0.9798234373677337,1000,0,4.621793864370629e-07,6.391646976685617e-07,7.090966378709098e-07,7.776641155099958e-07,1.1682986171866103e-06,7.141120708897895e-07,1000,0,1.7062860482315415e-11,2.3580896089799218e-08,4.8779762129930514e-08,8.493816609333517e-08,2.5516617411885986e-07,6.079328199843806e-08,0,0,0,0,1000,0.0,0.0,0,0,1.2409158133168912,1.2409159358579847,1.05555333158983,0.6021413493670457,0.6021413301413302
Llama,CounterFact,AlphaEdit,ENCORE,canonical,all_edits,1000,1000,0,0.005468510805994399,0.17908945890467387,0.19885446886080177,0.21718321791596637,0.29494071516104214,0.19341650296282029,1000,0,0.963186735984191,0.9830521903491101,0.9861149471818023,0.9885828530753464,0.9999851015992031,0.9857459459509098,1000,0,0.5171457346046732,0.9679581662465893,0.9741156038990169,0.9784720979972468,0.9916087354123122,0.9644919475447596,1000,0,0.006388417294494942,0.009704589329616002,0.011777273367191973,0.01432115047177459,0.03542476299669025,0.012536264141686036,1000,0,1.5487929199670278e-06,0.0006319687510718926,0.0013025173403668692,0.002377070408712248,0.0128753864233686,0.0017716075024665648,0,0,0,0,1000,0.0,0.0,5,711,1.2529064253868438,1.2523344953175553,1.0881735291171548,0.8052645335031994,0.805921765921766
Llama,CounterFact,AlphaEdit,ENCORE,canonical,reference_norm_difference_at_most_1_percent,995,995,0,0.005468510805994399,0.1789189032986621,0.1987954115741521,0.21717468379289107,0.29494071516104214,0.19333522343319015,995,0,0.963186735984191,0.9830515771389035,0.9861220676116496,0.9885980437537009,0.9999851015992031,0.9857487515417858,995,0,0.5171457346046732,0.967982889435165,0.9741841018019005,0.9784885936289278,0.9916087354123122,0.9644924461225204,995,0,0.006388417294494942,0.009688538257628202,0.011768384475843876,0.01427996488589154,0.03542476299669025,0.012482352136902892,995,0,1.5487929199670278e-06,0.000629237414181689,0.0012896842968323342,0.002363490692316235,0.008746410570290937,0.0017213433262837658,0,0,0,0,995,0.0,0.0,0,706,1.2528379183870972,1.252215069890531,1.0881822189328902,0.8062993720006281,0.8068062427967331
Llama,CounterFact,AlphaEdit,NAS,canonical,all_edits,1000,1000,0,0.05728540680231533,0.1621418675597654,0.1770496336987213,0.196795885514754,0.289386105528662,0.18040136507373392,1000,0,0.9646700270853953,0.9830874529586989,0.9863308170296244,0.9884012602743814,0.9989960614659502,0.9854343411583629,1000,0,0.9421147011182956,0.973026033407395,0.978149074985342,0.9813116177409354,0.9918602547666456,0.9768502067314835,1000,0,0.007296585776378309,0.012990734343799656,0.015391948249124595,0.018306252921275013,0.035263378000360855,0.015911610010463022,1000,0,4.481226238050876e-07,0.0005302090219268542,0.0010950268657270524,0.0019647442339052615,0.012664237468647543,0.0014433624208373711,0,0,0,0,1000,3.951504170040775e-15,0.0,3,955,1.1212836411082407,1.1208537309556812,1.0328763833780887,0.9401161961161961,0.9414327054327054
Llama,CounterFact,AlphaEdit,NAS,canonical,reference_norm_difference_at_most_1_percent,997,997,0,0.05728540680231533,0.16212204547449782,0.17663788554954787,0.19656764642476765,0.289386105528662,0.18035173848742808,997,0,0.9646700270853953,0.983097856788045,0.9863395722370906,0.9884060893924452,0.9989960614659502,0.9854430511456911,997,0,0.9421147011182956,0.9730600043444053,0.9781549793931954,0.9813131015050989,0.9918602547666456,0.9768915687774978,997,0,0.007296585776378309,0.012987896970247473,0.015380542277867839,0.018295831775036225,0.034141676723690055,0.015863277673429554,997,0,4.481226238050876e-07,0.0005298624900164609,0.0010938939893154846,0.0019462199007361071,0.009134604355313485,0.0014117573923461552,0,0,0,0,997,3.951504170040775e-15,0.0,0,952,1.121295669763711,1.1209092284445583,1.0328774573393618,0.9401478332188543,0.9413555876359794
Llama,CounterFact,AlphaEdit,Native,canonical,all_edits,1000,1000,0,0.006249788524159926,0.18807243723150366,0.20461423545038948,0.22032018138339993,0.2917021680218371,0.20295795995586832,1000,0,0.96208555203226,0.9837374214190509,0.9863997734108713,0.9887787439580865,0.9999805319603421,0.9857818184844227,1000,0,0.772740586591995,0.9679194330052614,0.9742810290658082,0.9790506844626816,0.9895887425151918,0.9724273001335496,1000,0,0.005215595979277708,0.008747816114892205,0.010701380854171622,0.013490365283931039,0.03312352621130823,0.01162125316278752,1000,0,8.766238254108534e-06,0.0006499931580432325,0.0014223524164424877,0.0024746370240753745,0.01799947340119347,0.0019170485692241255,0,0,0,0,1000,0.0,0.0,6,588,1.2612502070849456,1.260671413220257,1.0894229368146695,0.7520048000048,0.7516883356883357
Llama,CounterFact,AlphaEdit,Native,canonical,reference_norm_difference_at_most_1_percent,994,994,0,0.006249788524159926,0.18817348309184312,0.20460540798144652,0.22027589845872578,0.2917021680218371,0.20294882795247124,994,0,0.96208555203226,0.9837688807125624,0.9864085786544903,0.9887769283796068,0.9999805319603421,0.9857902959008327,994,0,0.772740586591995,0.9679389119216268,0.9743104168924249,0.9790635528215808,0.9895887425151918,0.9724922424197714,994,0,0.005215595979277708,0.00873077133708677,0.010677662833944382,0.013435628148612565,0.03312352621130823,0.011570202810364022,994,0,8.766238254108534e-06,0.0006470743920875503,0.0014171621147348996,0.0024282524574026046,0.009726438277397024,0.0018510988886737906,0,0,0,0,994,0.0,0.0,0,582,1.2612429965594614,1.2606515092547395,1.0892875786010903,0.7518188057736571,0.750994610270437
Llama,CounterFact,AlphaEdit,SADR,canonical,all_edits,1000,1000,0,0.006725418531554977,0.19272224878781063,0.20667115528882052,0.2242516758382502,0.2932677490996405,0.20715516836679718,1000,0,0.9625101052423635,0.9826627268680735,0.9854787345636203,0.9877600762515689,0.9999779813469459,0.9848992134329088,1000,0,0.6807424029652717,0.9693600929807085,0.9748841441504598,0.979541127078553,0.9920124251321274,0.9735115886024307,1000,0,0.005496726729451522,0.008690799290198307,0.010564003617759249,0.013233184253545655,0.033319203444103544,0.011481272437041966,1000,0,5.853238419902654e-06,0.0006096134813537514,0.0013334258288692068,0.0024665760682690114,0.012978696756204841,0.0017625326849056004,0,0,0,0,1000,0.0,0.0,3,573,1.2649925424740933,1.2651751581709192,1.100380332072329,0.6054950814950816,0.602013686013686
Llama,CounterFact,AlphaEdit,SADR,canonical,reference_norm_difference_at_most_1_percent,997,997,0,0.006725418531554977,0.19268975217227535,0.20665923059308863,0.2242172936926574,0.2932677490996405,0.20712634356024398,997,0,0.9625101052423635,0.9826837547236494,0.9855208826861185,0.98776112785422,0.9999779813469459,0.9849070447273734,997,0,0.6807424029652717,0.9694053361818372,0.9748852329464758,0.9795509099829037,0.9920124251321274,0.9735362059623139,997,0,0.005496726729451522,0.008689358309661244,0.010560994753673957,0.013204039857396765,0.033319203444103544,0.011455952825275686,997,0,5.853238419902654e-06,0.0006087258573503648,0.001322946348434955,0.0024458336487513054,0.009086808306780748,0.0017328534185826335,0,0,0,0,997,0.0,0.0,0,570,1.2649973483785484,1.2651914093331094,1.100424531076175,0.6063389361652818,0.6011664905138673
Llama,CounterFact,AlphaEdit,SPHERE,canonical,all_edits,1000,1000,0,0.006301515538348618,0.20179245447706903,0.21770687487638807,0.2351136281608165,0.31477201149534123,0.21763412179294586,1000,0,0.9555102666866817,0.9796201443947777,0.9829328023653794,0.9853925175361045,0.9999811811162651,0.9822152354062732,1000,0,0.5197075104757034,0.9674367369692359,0.9729835673117473,0.9778410160649749,0.9921299538659307,0.9708632225248282,1000,0,0.006481944752534917,0.010211241080569346,0.012177495798364156,0.014562720046131912,0.03585841657365459,0.012904703760789645,1000,0,1.437780308324126e-07,0.0006583345659478366,0.0013034560763447753,0.0022773815767058907,0.011760389492201484,0.0017217910589936987,0,0,0,0,1000,0.0,0.0,4,771,1.2635166053267661,1.2632320556462804,1.0961577565342915,0.6897648260420041,0.6890052050052051
Llama,CounterFact,AlphaEdit,SPHERE,canonical,reference_norm_difference_at_most_1_percent,996,996,0,0.006301515538348618,0.20159487197364012,0.21760118216159838,0.2351136281608165,0.31477201149534123,0.21758933850537682,996,0,0.9555102666866817,0.979639037236576,0.9829389605708175,0.9854092232932892,0.9999811811162651,0.9822224215877674,996,0,0.5197075104757034,0.9674649583110121,0.9730010775862594,0.9778545715293661,0.9921299538659307,0.9708866267005026,996,0,0.006481944752534917,0.010208039039112882,0.012166715469714836,0.014540511739095024,0.03585841657365459,0.012851630057688105,996,0,1.437780308324126e-07,0.0006572190728062755,0.0012985418056274262,0.002239539069624174,0.009977209102850954,0.0016836286731312818,0,0,0,0,996,0.0,0.0,0,767,1.2635166053267661,1.2632320556462804,1.0961577565342915,0.6878495107268832,0.6866270057979228
Llama,CounterFact,MEMIT,ENCORE,canonical,all_edits,1000,1000,0,0.28253253451789284,0.3647291528442091,0.38237669907867095,0.40162556826671914,0.4782754323709038,0.3830531855957807,1000,0,0.8805069385700712,0.9219575581116772,0.9309819657786172,0.9383103401636306,0.9662909843629056,0.9298536810024987,1000,0,0.8487696290693456,0.9282632127408869,0.9406519033410835,0.9491023989158072,0.9737590052365239,0.9371049791990143,1000,0,0.007451798365244883,0.012695750374754533,0.015281437861286499,0.018504427802272246,0.038380888349831534,0.01600731453794464,1000,0,1.450040557825774e-06,0.0005084964926544298,0.0011802690356479462,0.002144797607154162,0.013356116789567447,0.0016190263389396834,0,0,0,0,1000,0.0,0.0,2,947,1.2630085310023464,1.2632484327509532,1.034464841129528,0.5293597453597454,0.5358243918243919
Llama,CounterFact,MEMIT,ENCORE,canonical,reference_norm_difference_at_most_1_percent,998,998,0,0.28253253451789284,0.3647201765129384,0.38233860193083596,0.40155451251856444,0.4782754323709038,0.38302490541261835,998,0,0.8805069385700712,0.9219134889533651,0.930992192068787,0.9383113483413819,0.9662909843629056,0.9298674323252559,998,0,0.8487696290693456,0.9283183297739863,0.940679279936947,0.9491293646900588,0.9737590052365239,0.9371373223168139,998,0,0.007451798365244883,0.012689378404785841,0.015277899066109773,0.018469859246759014,0.038380888349831534,0.015980570447871243,998,0,1.450040557825774e-06,0.0005074129475451912,0.0011788160908605071,0.0021323680743651537,0.009623409988867578,0.0015977880931777638,0,0,0,0,998,0.0,0.0,0,945,1.2630085310023464,1.2632628429324093,1.034464841129528,0.5291150190236226,0.5362699821406602
Llama,CounterFact,MEMIT,NAS,canonical,all_edits,1000,1000,0,0.005117674610945067,0.11333334072547765,0.13735554306771242,0.162311258140565,0.30398530995333733,0.12950681720784027,1000,0,0.9543919038518617,0.9888561074841516,0.9919780629866901,0.9945674136723964,0.9999869103160103,0.9916001542480715,1000,0,0.7265491771650072,0.9709457882868119,0.9789330387481865,0.9836051773945504,0.9924799614228412,0.9628685280172812,1000,0,0.0072709061910632335,0.012402118979161969,0.014790830416475753,0.018128711435067377,0.037244951832692184,0.015669822991544364,1000,0,2.8195822523588723e-06,0.0007724055782322109,0.0016296330720679537,0.0031213144257262147,0.019781194389475426,0.002261927331148624,0,0,0,0,1000,0.0,0.0,11,931,1.0349884355896313,1.032420429825295,0.9984287891844679,0.9503991381319882,0.9525706365706367
Llama,CounterFact,MEMIT,NAS,canonical,reference_norm_difference_at_most_1_percent,989,989,0,0.005117674610945067,0.11334000468324569,0.13718299339028386,0.16215400916949357,0.30398530995333733,0.12958134791191692,989,0,0.9543919038518617,0.9888836828003991,0.9920226257041913,0.994564390218542,0.9999869103160103,0.9916063460113947,989,0,0.7265491771650072,0.9712178276317355,0.9789903331439496,0.9836234191118425,0.9924799614228412,0.9628964964811245,989,0,0.0072709061910632335,0.012392342167465814,0.014725912959340727,0.017954156876063058,0.03484781958376351,0.015520363991769221,989,0,2.8195822523588723e-06,0.0007692230201983328,0.0016095895673448144,0.003066892705175333,0.009769003787261964,0.0021316639107287517,0,0,0,0,989,0.0,0.0,0,920,1.0359862104508133,1.0329963045694026,0.998571845618267,0.9506278995125871,0.9525505378200816
Llama,CounterFact,MEMIT,Native,canonical,all_edits,1000,711,289,0.0004842324985541813,0.004938309735960149,0.0254330263999337,0.16310629337309052,0.627993106398576,0.08361049561609118,711,289,0.8237304563781341,0.9926220140159634,0.9998593838368594,0.9999956884406065,0.999999883008371,0.9956848489229068,711,289,0.05594905665068658,0.5668918156761009,0.9635280702869518,0.9785166417784796,0.9959631218916906,0.786670225830398,711,289,0.0004129608766383474,0.0017539560833879884,0.0031755849124697226,0.012804988811697053,0.03722070341948019,0.0073903462196585725,1000,0,4.055678433716292e-07,0.00011299106856231766,0.00029770227542956555,0.001105297295465452,0.02724627697743721,0.001138669874921605,0,0,289,289,711,0.0,0.0,12,225,1.000557945413521,1.0006766452942166,0.9988349392818796,0.6461438359170861,0.686971130971131
Llama,CounterFact,MEMIT,Native,canonical,reference_norm_difference_at_most_1_percent,988,699,289,0.0004842324985541813,0.0048603476703474174,0.021798706957214406,0.16237882550048555,0.627993106398576,0.08223226564226403,699,289,0.8237304563781341,0.9926428217931098,0.9999219920763142,0.999995702156163,0.999999883008371,0.9957120395265722,699,289,0.05594905665068658,0.5591375978930055,0.9627219109507004,0.9783985173332235,0.9959631218916906,0.7835888158709079,699,289,0.0004129608766383474,0.001724644000124519,0.0030786329956429565,0.012547191318482542,0.03722070341948019,0.007151705261151662,988,0,4.055678433716292e-07,0.00011255690359247904,0.00029125219501806635,0.001013500221425042,0.009818247932414282,0.0009543739473914121,0,0,289,289,699,0.0,0.0,0,213,1.0004352324818528,1.0006405601596067,0.9988115072192474,0.6397225065942698,0.6797561032997417
Llama,CounterFact,MEMIT,SADR,canonical,all_edits,1000,762,238,0.0004191579041794661,0.004265964380212772,0.018227154395091302,0.16169472905988105,0.2594912179827057,0.08010568825722253,762,238,0.9709835210792415,0.9924834808181622,0.9999441070094748,0.999995899674304,0.9999999121598161,0.9959125558566311,762,238,0.02577780461488437,0.5543377925298898,0.9660112211078868,0.979759710213354,0.9952103903696948,0.786067468343031,762,238,0.00047655202664964016,0.0016847441355402658,0.0029846481776839495,0.012630471427075709,0.04044160208192729,0.007234431301273612,1000,0,2.6946425282802574e-07,0.00011654823285877471,0.00030388970594013003,0.001192053019095204,0.03830761991276393,0.0012199159049772488,0,0,238,238,762,0.0,0.0,14,242,1.000608381215645,1.0006136710198559,0.998970081449706,0.7143906517339694,0.748964380964381
Llama,CounterFact,MEMIT,SADR,canonical,reference_norm_difference_at_most_1_percent,986,748,238,0.0004191579041794661,0.004232760982300835,0.01589058694752127,0.16071142096313853,0.2594912179827057,0.07916773044154807,748,238,0.9709835210792415,0.9924951520977388,0.9999591814524583,0.999995949781546,0.9999999121598161,0.9959390974218051,748,238,0.02577780461488437,0.5481763370734389,0.9654094591991031,0.9797039167321343,0.9952103903696948,0.7827356150754454,748,238,0.00047655202664964016,0.0016617365635543922,0.002848584422944528,0.012110775101726813,0.0341710453896256,0.006958656195368416,986,0,2.6946425282802574e-07,0.0001153385433252592,0.00029165997747327354,0.0011624110270796754,0.009768555922250084,0.0009894956961824834,0,0,238,238,748,0.0,0.0,0,228,1.000487295869722,1.0006023089336757,0.998952431346807,0.7094415622951799,0.7455337588629533
Llama,CounterFact,MEMIT,SPHERE,canonical,all_edits,1000,1000,0,0.009813900914807765,0.1658634573997035,0.1934298039129708,0.2129444921372037,1.3656040298430536,0.1841770331350319,1000,0,0.8191710466657415,0.9836989295534916,0.988239570173058,0.9928244425100962,0.9999519011195527,0.9873982420418508,1000,0,0.20168841269267138,0.9478345672232462,0.9709695761587103,0.9783552820994125,0.9918066187992418,0.9442322342843736,1000,0,0.0012051753608884382,0.0050279475375119564,0.010200465738336969,0.015004527365049706,0.041933964693331674,0.010750837916248217,1000,0,1.0190044641646844e-06,0.0005713877092867902,0.0014777199051649102,0.003102425872583329,0.03453565131140297,0.0024107616609574697,0,0,0,0,1000,1.7919642499705992e-15,9.612394036578852e-16,29,510,1.247072727156076,1.2472579609405399,1.084344874624116,0.8035508875508874,0.8021207861207861
Llama,CounterFact,MEMIT,SPHERE,canonical,reference_norm_difference_at_most_1_percent,971,971,0,0.009813900914807765,0.16449840831395757,0.19308624634839244,0.2125166056805538,0.7509398553440642,0.1815840978562689,971,0,0.8882504645252883,0.98395400046784,0.9883387744294098,0.9928636457610149,0.9999519011195527,0.9877975785214576,971,0,0.4646986566300835,0.9482800618319956,0.9711880001772895,0.9784037080557221,0.9918066187992418,0.9452510063866907,971,0,0.0012051753608884382,0.0049019204158522655,0.009902002975436192,0.014798560540218823,0.03560367258547191,0.01051946699706797,971,0,1.0190044641646844e-06,0.0005439516734643064,0.001416357392668991,0.002859286407566519,0.009882726862778555,0.0020412396289591667,0,0,0,0,971,1.7919642499705992e-15,9.612394036578852e-16,0,481,1.24771355452666,1.2478462090608629,1.0842885099448922,0.8161255904493647,0.8141839448106059
Llama,zsRE,AlphaEdit,ENCORE,canonical,all_edits,1000,1000,0,0.008332577680312736,0.1915231766015345,0.20810803273662198,0.2247895019488963,0.34592536984234823,0.20858019493857227,1000,0,0.9444475091986163,0.9812014169424637,0.9840751646680375,0.9867087851000224,0.9999662067425309,0.9835050544681401,1000,0,0.43280975621854517,0.9688540652692139,0.9743895375010119,0.9787200919909118,0.9916420437687639,0.9712111583955966,1000,0,0.0077694385426223585,0.012044268644031107,0.013750847769497684,0.01620291970152047,0.039338401661397786,0.014511367778402501,1000,0,3.6998729739402083e-06,0.0006780494108467312,0.0013980327951641663,0.0026043496594367996,0.010239541828052605,0.0018069760601636562,0,0,0,0,1000,0.0,0.0,1,954,1.2593056245829588,1.2587333397620508,1.1049359141833515,0.5085492710622282,0.49399336999337007
Llama,zsRE,AlphaEdit,ENCORE,canonical,reference_norm_difference_at_most_1_percent,999,999,0,0.008332577680312736,0.19156200885834995,0.20816661084107746,0.2247977283999708,0.34592536984234823,0.20859739227093202,999,0,0.9444475091986163,0.9811991305729837,0.9840720803235709,0.9867105672225392,0.9999662067425309,0.9835033640209104,999,0,0.43280975621854517,0.9688439819377269,0.9743987602833474,0.9787206610451376,0.9916420437687639,0.971212348344303,999,0,0.0077694385426223585,0.01204080875578785,0.013747951896761926,0.016197179162369242,0.039338401661397786,0.014493104630832053,999,0,3.6998729739402083e-06,0.0006757854266259794,0.0013977863760930465,0.002599908043701635,0.009447052381941256,0.0017985350533889924,0,0,0,0,999,0.0,0.0,0,953,1.25930210977485,1.2587311824463896,1.104912625716694,0.5071096371186609,0.4924924323120715
Llama,zsRE,AlphaEdit,NAS,canonical,all_edits,1000,1000,0,0.0814925464531342,0.170111744178633,0.19027668818523713,0.21071174071157014,0.33588053972530013,0.1916579148072845,1000,0,0.9486452912584832,0.980421787604351,0.9841269364620563,0.9874484527754348,0.9978519452130512,0.9833996903503555,1000,0,0.9380136965306716,0.9682280332495389,0.9746222505140005,0.9795896897001954,0.9901257846782441,0.9731874017392984,1000,0,0.009621790008055823,0.014994410617760743,0.01734660082355777,0.019907088780237434,0.042496456643701816,0.017836436191141686,1000,0,4.934985298300654e-07,0.0005591395190041966,0.0012085334564959124,0.002132738685682602,0.0069128827301843665,0.0015028049791209726,0,0,0,0,1000,0.0,0.0,0,998,1.1429791869797814,1.1427420406381033,1.0478839516327823,0.893827217827218,0.8947888867888867
Llama,zsRE,AlphaEdit,NAS,canonical,reference_norm_difference_at_most_1_percent,1000,1000,0,0.0814925464531342,0.170111744178633,0.19027668818523713,0.21071174071157014,0.33588053972530013,0.1916579148072845,1000,0,0.9486452912584832,0.980421787604351,0.9841269364620563,0.9874484527754348,0.9978519452130512,0.9833996903503555,1000,0,0.9380136965306716,0.9682280332495389,0.9746222505140005,0.9795896897001954,0.9901257846782441,0.9731874017392984,1000,0,0.009621790008055823,0.014994410617760743,0.01734660082355777,0.019907088780237434,0.042496456643701816,0.017836436191141686,1000,0,4.934985298300654e-07,0.0005591395190041966,0.0012085334564959124,0.002132738685682602,0.0069128827301843665,0.0015028049791209726,0,0,0,0,1000,0.0,0.0,0,998,1.1429791869797814,1.1427420406381033,1.0478839516327823,0.893827217827218,0.8947888867888867
Llama,zsRE,AlphaEdit,Native,canonical,all_edits,1000,1000,0,0.008171822432882994,0.19323272137801245,0.21072384319899895,0.2274598103784305,0.33105808372257056,0.20997355781029148,1000,0,0.9491777558628334,0.980702699873136,0.9838976601399123,0.9866889609523624,0.9999668768226201,0.983413364384333,1000,0,0.4488975880966915,0.9678866966850364,0.9734348991357592,0.9783762263652819,0.9904910977054205,0.9697781362469368,1000,0,0.007447360331981842,0.011550843480283401,0.01343453418952829,0.01598726719701678,0.03641831733358187,0.014174993940491985,1000,0,1.6749466723898284e-07,0.0006533867186873664,0.0014139747378751474,0.0025425278061969063,0.011262713902721986,0.001799464857480402,0,0,0,0,1000,0.0,0.0,3,923,1.261518363001132,1.260364158142174,1.10259875483445,0.568415535909354,0.5563168723168723
Llama,zsRE,AlphaEdit,Native,canonical,reference_norm_difference_at_most_1_percent,997,997,0,0.008171822432882994,0.19318808350893535,0.21067229884737546,0.2274570660065661,0.33105808372257056,0.20994765252759365,997,0,0.9491777558628334,0.9807038949568103,0.9838978781759108,0.9866984031328863,0.9999668768226201,0.9834192707307078,997,0,0.4488975880966915,0.9678896353017369,0.973444400791566,0.9783894681721674,0.9904910977054205,0.969780343921598,997,0,0.007447360331981842,0.011547941938199845,0.013429730852409708,0.015963616435364474,0.03641831733358187,0.014146419485191512,997,0,1.6749466723898284e-07,0.0006526304624419947,0.0014040460123725786,0.0025337571212644913,0.009212931383600359,0.0017714363233072648,0,0,0,0,997,0.0,0.0,0,920,1.2615365592548666,1.2603705098060904,1.102621083433342,0.5687848968712308,0.5565306150966118
Llama,zsRE,AlphaEdit,SADR,canonical,all_edits,1000,1000,0,0.007524114452142439,0.19107026414422987,0.20725813727394996,0.22361084735147246,0.3317676814498995,0.20687449089799315,1000,0,0.9507577626893743,0.981561228743122,0.9844904863596013,0.9872401800633315,0.9999720120457505,0.9840839810120438,1000,0,0.5300712965976265,0.968653302170598,0.9745317400193589,0.9792467172109487,0.9924666519731782,0.9716444827592007,1000,0,0.007075221709431786,0.010790911508913944,0.012747744449714927,0.01522218047528834,0.03462026008532555,0.013415810451093205,1000,0,1.181980952269043e-06,0.0006962074386675627,0.0013802491960996882,0.0025827908388299063,0.01004169508741883,0.0017960650190490704,0,0,0,0,1000,0.0,0.0,1,842,1.2647436141345674,1.2644347484386569,1.1071083816296043,0.5056524007459057,0.5075226515226515
Llama,zsRE,AlphaEdit,SADR,canonical,reference_norm_difference_at_most_1_percent,999,999,0,0.007524114452142439,0.191012523814661,0.20723741268389512,0.22357482663580036,0.3317676814498995,0.20685112368989197,999,0,0.9507577626893743,0.9815660944501332,0.9844905389188474,0.9872416916620526,0.9999720120457505,0.9840911066774631,999,0,0.5300712965976265,0.96872297778679,0.9745827324069408,0.9792512953440449,0.9924666519731782,0.9716590950479506,999,0,0.007075221709431786,0.010790120105829255,0.012739788495746711,0.015213681940529057,0.03462026008532555,0.013408360117178173,999,0,1.181980952269043e-06,0.0006960469318673765,0.0013752911657901102,0.0025780364034670455,0.00966879465375437,0.001787811135096748,0,0,0,0,999,0.0,0.0,0,841,1.2647577684588862,1.2644784680987573,1.1070145142696548,0.5064059040730337,0.5080402245933308
Llama,zsRE,AlphaEdit,SPHERE,canonical,all_edits,1000,1000,0,0.008787798040171215,0.20211208877776551,0.22094394996404387,0.23879465457735632,0.3450209166088785,0.2203644641946062,1000,0,0.9459969714668705,0.9776251121677699,0.9813687863349794,0.9846320944307503,0.9999617396447,0.9807839648749401,1000,0,0.3060790837983161,0.965770946317291,0.9715641915798454,0.9767008205654542,0.9890699798765367,0.9671546637305851,1000,0,0.0077912402107531975,0.012613959537038998,0.014262096087589878,0.01665177215045125,0.03684138579990733,0.014974755634764338,1000,0,8.928201486565942e-07,0.000600063023511048,0.001316635171738646,0.002379719112023029,0.009354687851609584,0.001679918720820601,0,0,0,0,1000,0.0,0.0,0,977,1.2624778694247696,1.2619829239338443,1.1036839609240716,0.5767514540928388,0.5653837453837454
Llama,zsRE,AlphaEdit,SPHERE,canonical,reference_norm_difference_at_most_1_percent,1000,1000,0,0.008787798040171215,0.20211208877776551,0.22094394996404387,0.23879465457735632,0.3450209166088785,0.2203644641946062,1000,0,0.9459969714668705,0.9776251121677699,0.9813687863349794,0.9846320944307503,0.9999617396447,0.9807839648749401,1000,0,0.3060790837983161,0.965770946317291,0.9715641915798454,0.9767008205654542,0.9890699798765367,0.9671546637305851,1000,0,0.0077912402107531975,0.012613959537038998,0.014262096087589878,0.01665177215045125,0.03684138579990733,0.014974755634764338,1000,0,8.928201486565942e-07,0.000600063023511048,0.001316635171738646,0.002379719112023029,0.009354687851609584,0.001679918720820601,0,0,0,0,1000,0.0,0.0,0,977,1.2624778694247696,1.2619829239338443,1.1036839609240716,0.5767514540928388,0.5653837453837454
Llama,zsRE,MEMIT,ENCORE,canonical,all_edits,1000,1000,0,0.010553686979748613,0.30523709356472606,0.3270138576799603,0.3478986951876284,0.4199047417136503,0.3247605818697424,1000,0,0.9138043293112296,0.9442616759608429,0.9516875692749145,0.9593128223546095,0.9999462162894278,0.9515239904748998,1000,0,0.3651930835117224,0.9313386717472686,0.9429749989177175,0.9532761843112347,0.9741135211966845,0.9388390063483062,1000,0,0.009643558426607295,0.014793566951755956,0.016895197341301786,0.019881495071001974,0.04335778855663233,0.01762158648821138,1000,0,1.9796104546921188e-06,0.0006950154945480589,0.0013588306679006863,0.0023521813861759598,0.009514940609603307,0.0017124007470007265,0,0,0,0,1000,0.0,0.0,0,998,1.2581215018936163,1.257498936356857,1.0570172444871568,0.529295733053478,0.5251418851418851
Llama,zsRE,MEMIT,ENCORE,canonical,reference_norm_difference_at_most_1_percent,1000,1000,0,0.010553686979748613,0.30523709356472606,0.3270138576799603,0.3478986951876284,0.4199047417136503,0.3247605818697424,1000,0,0.9138043293112296,0.9442616759608429,0.9516875692749145,0.9593128223546095,0.9999462162894278,0.9515239904748998,1000,0,0.3651930835117224,0.9313386717472686,0.9429749989177175,0.9532761843112347,0.9741135211966845,0.9388390063483062,1000,0,0.009643558426607295,0.014793566951755956,0.016895197341301786,0.019881495071001974,0.04335778855663233,0.01762158648821138,1000,0,1.9796104546921188e-06,0.0006950154945480589,0.0013588306679006863,0.0023521813861759598,0.009514940609603307,0.0017124007470007265,0,0,0,0,1000,0.0,0.0,0,998,1.2581215018936163,1.257498936356857,1.0570172444871568,0.529295733053478,0.5251418851418851
Llama,zsRE,MEMIT,NAS,canonical,all_edits,1000,1000,0,0.006496606091198699,0.13975667365018252,0.15707514944726259,0.17297206964357792,0.27834061209451905,0.15581122110510404,1000,0,0.966961884876039,0.9870682876164071,0.9894454344890192,0.9917489496770417,0.9999789560088063,0.9893096316275627,1000,0,0.7596939932759158,0.9718972091446166,0.9771091068221109,0.981224983593742,0.9927620584783272,0.9751186265929103,1000,0,0.009357021372324109,0.014438480316305088,0.016583273368489318,0.019677677775950364,0.04570760200086628,0.017380759398751534,1000,0,2.2477806747985906e-06,0.0007077659906176584,0.0015924419818027435,0.003036811113900124,0.011027527491256604,0.0020860290526705594,0,0,0,0,1000,0.0,0.0,1,998,1.0498624095885072,1.0502111552483249,0.981104913198831,0.985516298995516,0.9857192297192298
Llama,zsRE,MEMIT,NAS,canonical,reference_norm_difference_at_most_1_percent,999,999,0,0.006496606091198699,0.13975276582277968,0.15703913372340142,0.17300467668220756,0.27834061209451905,0.15579619388772653,999,0,0.966961884876039,0.9870623719532234,0.9894469564550379,0.9917550832291855,0.9999789560088063,0.9893115234482679,999,0,0.7596939932759158,0.9719349792750906,0.977114047137834,0.9812341374492185,0.9927620584783272,0.9751287190213899,999,0,0.009357021372324109,0.014436996171043407,0.016573441367671766,0.019672559135446705,0.04570760200086628,0.017372913452224678,999,0,2.2477806747985906e-06,0.000705928450476793,0.0015915984345434115,0.0030243328119093464,0.009427137097639093,0.0020770786037830856,0,0,0,0,999,0.0,0.0,0,997,1.049957711996439,1.050343571138619,0.9811514777338225,0.98551741468857,0.9857301269205074
Llama,zsRE,MEMIT,Native,canonical,all_edits,1000,1000,0,0.0002459578748292325,0.0036237320930307643,0.006494499042303856,0.15208195043019856,0.3610923447518409,0.0564916630821952,1000,0,0.9684741602450939,0.9988092862302639,0.9999947986685966,0.9999960373396214,0.9999999697939788,0.997259556415923,1000,0,-0.47527184939858264,0.46365162272988175,0.7745456403847424,0.9647358593665073,0.9932260777714418,0.7022315581849287,1000,0,0.0005237629659917174,0.002265520389661482,0.002514394307082297,0.005450014301394125,0.14713440582346643,0.0058271936503738525,1000,0,1.0078807176313095e-06,0.00013129315137243612,0.00034712096829730933,0.0010013441009426307,0.14426798427770499,0.0010742224582417357,0,0,0,0,1000,0.0,0.0,6,209,1.0001406113858353,1.0004438803270084,0.9981508143192779,0.4326475324131122,0.5097809817809817
Llama,zsRE,MEMIT,Native,canonical,reference_norm_difference_at_most_1_percent,994,994,0,0.0002459578748292325,0.0036215135189162713,0.006400857401838824,0.15096065396936034,0.2666333498683423,0.055698156764710204,994,0,0.9684741602450939,0.9988664757388415,0.9999948189806178,0.9999960510420034,0.9999999697939788,0.9972657425227175,994,0,-0.0778578452723817,0.4634961800158933,0.7730941980418654,0.9647477627474172,0.9932260777714418,0.7024391334294043,994,0,0.0005237629659917174,0.002261899386976104,0.0025107796389445027,0.005076138113575357,0.03864163278255605,0.0056285383547736954,994,0,1.0078807176313095e-06,0.00013109361321705866,0.000342969814645611,0.000980135338737032,0.009939916430800185,0.0008595801742631492,0,0,0,0,994,0.0,0.0,0,203,1.0001331955904567,1.0004306464325268,0.9981327244008456,0.42830153812527766,0.5091324640979215
Llama,zsRE,MEMIT,SADR,canonical,all_edits,1000,1000,0,0.0001652487732313463,0.004241601726906001,0.007955657049726629,0.15699092965411393,0.27661429273059496,0.06088591947577842,1000,0,0.9680118846454323,0.9961501478961079,0.9999945161774505,0.9999961374724542,0.9999999863472492,0.9969803220478842,1000,0,-0.13910665119303972,0.4454813897755606,0.8290292747087198,0.9718808380796545,0.9967292552366406,0.7069725931897689,1000,0,0.00042385783455767197,0.002293296825071541,0.0025916640354279406,0.008956027129417003,0.03801411118224117,0.00614064051977682,1000,0,2.584045931874792e-07,0.0001500416046479098,0.0003683533668557128,0.0010485643241999938,0.034841116050412624,0.0011301016820505618,0,0,0,0,1000,0.0,0.0,11,239,1.0001891999166375,1.0005207578051105,0.9982505045308303,0.5171192148623254,0.5835961875961876
Llama,zsRE,MEMIT,SADR,canonical,reference_norm_difference_at_most_1_percent,989,989,0,0.0001652487732313463,0.004204777116204962,0.007864242195115612,0.1555600994421703,0.27661429273059496,0.05982964214462058,989,0,0.9680118846454323,0.9960428382441714,0.9999945667531824,0.9999961547694065,0.9999999863472492,0.9969685645133322,989,0,-0.13910665119303972,0.443254918909969,0.8218943185757744,0.9717576411483029,0.9967292552366406,0.704717244089427,989,0,0.00042385783455767197,0.0022906458658372253,0.002577232304865324,0.00805473785095517,0.03801411118224117,0.005990406894939886,989,0,2.584045931874792e-07,0.00014761262258587688,0.00036126248906381483,0.0009965065992861922,0.009778143144893243,0.0009357843872804919,0,0,0,0,989,0.0,0.0,0,228,1.000172350121634,1.0004772440176628,0.9982466060433508,0.5176815163418186,0.5895519962626555
Llama,zsRE,MEMIT,SPHERE,canonical,all_edits,1000,1000,0,0.011771848095621717,0.12448247967346293,0.20206941392216848,0.2227039549387092,2.2311141164104065,0.17471639702738656,1000,0,0.6524102204219467,0.9823894436801465,0.9879458224709345,0.9962712765980337,0.9999307105224107,0.987880514813301,1000,0,0.024320064211082272,0.8633253036383717,0.9635733999008885,0.973961844699769,0.9896022769837581,0.891461429722861,1000,0,0.0010465673232096001,0.0032118645843557834,0.00981534229489032,0.015147145832018951,0.1011810383220545,0.010333991176518363,1000,0,5.004119669977561e-07,0.00045035104595633746,0.0012444436579550704,0.0030653197015082802,0.09042397617704288,0.002292703205025496,0,0,0,0,1000,0.0,0.0,21,495,1.2428766382393728,1.241247553991617,1.0639107172929443,0.7754623394623396,0.7708253908253909
Llama,zsRE,MEMIT,SPHERE,canonical,reference_norm_difference_at_most_1_percent,979,979,0,0.011771848095621717,0.1190217253403846,0.20082310877555226,0.22205693046765862,0.4692738169189676,0.17141210664543843,979,0,0.9299210784006577,0.9825589266712969,0.9880978830104699,0.9964893140226999,0.9999307105224107,0.9884103160113724,979,0,0.27191129773602096,0.8582934637735407,0.9635272456381668,0.973936467568386,0.9896022769837581,0.890945800354259,979,0,0.0010465673232096001,0.003168049034767741,0.009625969294800266,0.015013618105031847,0.03739667446804231,0.010093250895001814,979,0,5.004119669977561e-07,0.0004311959732151209,0.0012143491810951387,0.002865508774117737,0.009923379237843352,0.0019481738336841758,0,0,0,0,979,0.0,0.0,0,474,1.2433797108913043,1.2420516923373204,1.0639240726089918,0.7781344761846783,0.7746361842079179
