model,dataset,editor,method,order_id,n_total,source_vectors_finite_n,paired_valid_n,init_reference_delta_zero_among_vector_valid_n,common_matched_median,init_matched_median,paired_signed_difference_median,init_minus_common_difference_of_medians,paired_absolute_difference_median,paired_absolute_difference_p95,paired_absolute_difference_max
GPT-2 XL,CounterFact,AlphaEdit,ENCORE,canonical,1000,1000,1000,0,0.9996934488576961,0.9996934461752891,1.0411599360438117e-10,-2.6824069632169767e-09,1.4969119277452592e-09,1.1038082453618248e-08,1.601200809719927e-07
GPT-2 XL,CounterFact,AlphaEdit,NAS,canonical,1000,1000,1000,0,0.9997718111388463,0.9997718131895768,2.4472590620661094e-11,2.050730474323359e-09,9.922517252292096e-10,6.8615950754580265e-09,0.2575830773961333
GPT-2 XL,CounterFact,AlphaEdit,Native,canonical,1000,1000,1000,0,0.9998019100195747,0.9998019095022614,-1.0178247134007279e-11,-5.173133033054e-10,9.840907533309462e-10,6.099945132342907e-09,1.2952879346883606e-07
GPT-2 XL,CounterFact,AlphaEdit,SADR,canonical,1000,1000,1000,0,0.9999057623347587,0.9999057626725771,-2.5460744623728715e-12,3.378184398883377e-10,5.637547095815876e-10,3.6119423785230236e-09,5.788057888533871e-08
GPT-2 XL,CounterFact,AlphaEdit,SPHERE,canonical,1000,1000,1000,0,0.9997136648317321,0.9997136647947391,3.638378487380578e-11,-3.6992964247417603e-11,1.2337186827693358e-09,7.680207120275282e-09,2.9961832548330847e-07
GPT-2 XL,CounterFact,MEMIT,ENCORE,canonical,1000,1000,1000,0,0.9784259047324105,0.9784259064018335,1.2103086310943922e-09,1.669422933225917e-09,1.3270197163350872e-08,5.485393182458331e-08,2.0514312404351642e-07
GPT-2 XL,CounterFact,MEMIT,NAS,canonical,1000,1000,1000,0,0.9781084470425797,0.9781084528713387,-7.846656657761741e-10,5.828759030990227e-09,1.604453953030216e-08,1.0758090584483953e-07,0.04955172987516629
GPT-2 XL,CounterFact,MEMIT,Native,canonical,1000,1000,1000,0,0.9798522344431275,0.9798522139718189,-3.690218686180913e-10,-2.0471308648239983e-08,1.359593604366438e-08,8.373596532829093e-08,3.3686066291949146e-07
GPT-2 XL,CounterFact,MEMIT,SADR,canonical,1000,1000,999,1,0.98483565580867,0.9848356394611555,7.419538317066099e-10,-1.6347514564252208e-08,1.1457483406474012e-08,1.155986010692444e-07,5.735236139337019e-07
GPT-2 XL,CounterFact,MEMIT,SPHERE,canonical,1000,1000,1000,0,0.9799227565416376,0.9799227407962031,6.32407959333392e-10,-1.574543451177135e-08,1.2032088880786773e-08,5.401016366923804e-08,1.8461633943811506e-07
GPT-2 XL,zsRE,AlphaEdit,ENCORE,canonical,1000,1000,999,1,0.9996900082116088,0.9996900099480085,1.6198153929281034e-13,1.7363996906993862e-09,1.0518681481386238e-09,6.526719675825623e-09,6.519755046952014e-08
GPT-2 XL,zsRE,AlphaEdit,NAS,canonical,1000,1000,1000,0,0.999772186342754,0.9997721864518269,-1.7607693081345133e-11,1.0907286185357634e-10,7.663518708511674e-10,4.070184694837662e-09,2.75830440710223e-08
GPT-2 XL,zsRE,AlphaEdit,Native,canonical,1000,1000,998,2,0.9997720256373295,0.999772025219144,3.555594707549403e-11,-4.1818548623950846e-10,8.08303590726922e-10,4.753396826151501e-09,1.234331347133022e-07
GPT-2 XL,zsRE,AlphaEdit,SADR,canonical,1000,1000,1000,0,0.9998722321166114,0.9998722329122993,2.3725466036239595e-13,7.956879599646527e-10,4.989699764479383e-10,2.49497270066179e-09,2.9579031335380535e-08
GPT-2 XL,zsRE,AlphaEdit,SPHERE,canonical,1000,1000,998,2,0.999650483772103,0.9996504852927889,1.558764228803966e-11,1.5206859105276749e-09,1.0383454096540845e-09,5.634775523954967e-09,1.0214223999938099e-07
GPT-2 XL,zsRE,MEMIT,ENCORE,canonical,1000,1000,999,1,0.9787790991578654,0.9787791081662283,-5.058509167099601e-12,9.008362833462513e-09,1.0085715262952988e-08,4.034545866282706e-08,1.1485131312660712e-07
GPT-2 XL,zsRE,MEMIT,NAS,canonical,1000,1000,1000,0,0.9816739055354518,0.9816739170371263,-1.1581707259900043e-09,1.1501674501701586e-08,1.154780326917404e-08,6.098334707771433e-08,2.481433192258464e-07
GPT-2 XL,zsRE,MEMIT,Native,canonical,1000,1000,999,1,0.9820592329112415,0.9820592345632517,-3.455485897418953e-10,1.652010195307696e-09,1.0288058294172231e-08,6.874513723831283e-08,4.7637928313193356e-07
GPT-2 XL,zsRE,MEMIT,SADR,canonical,1000,1000,998,2,0.9860461059526913,0.9860461015889985,-7.869820350947521e-10,-4.363692740483316e-09,9.30231314200114e-09,6.56906830875936e-08,6.467719646519043e-07
GPT-2 XL,zsRE,MEMIT,SPHERE,canonical,1000,1000,997,3,0.9818306077076451,0.9818306286222236,3.0697444586280653e-11,2.0914578513497872e-08,8.749745372682582e-09,3.478497254683077e-08,1.291595278507529e-07
Llama,CounterFact,AlphaEdit,ENCORE,canonical,1000,1000,967,33,0.9745221875679326,0.9742242167134236,-0.00020634569824218296,-0.00029797085450899985,0.0002820552019786593,0.001181783925073443,0.005192301649182163
Llama,CounterFact,AlphaEdit,NAS,canonical,1000,1000,1000,0,0.978149074985342,0.9775236048307216,-0.0004586843623080039,-0.0006254701546203334,0.0004731754149716605,0.0015544683486673314,0.010048368897096371
Llama,CounterFact,AlphaEdit,Native,canonical,1000,1000,999,1,0.9742832112973892,0.9741006586552915,-0.00018679286398981532,-0.00018255264209765532,0.00027295749148548154,0.0012023393945952523,0.008347052896333751
Llama,CounterFact,AlphaEdit,SADR,canonical,1000,1000,999,1,0.9748849539088023,0.9746356096232903,-0.00014336368590617266,-0.0002493442855119321,0.00023293685409153664,0.000884004248406589,0.002614704892119457
Llama,CounterFact,AlphaEdit,SPHERE,canonical,1000,1000,997,3,0.9730107547940633,0.9727840798295347,-0.00018309475990041513,-0.0002266749645285504,0.00025558340799114454,0.0009987436495025202,0.004858352846814795
Llama,CounterFact,MEMIT,ENCORE,canonical,1000,1000,1000,0,0.9406519033410835,0.9401646570038579,-0.00037629959472018637,-0.00048724633722563304,0.0004495270130223106,0.0019220666145857042,0.005924477702488495
Llama,CounterFact,MEMIT,NAS,canonical,1000,1000,874,126,0.9802601293773603,0.9797115565575985,-0.00044788116716093507,-0.0005485728197618389,0.0005043543685334106,0.002068411798159617,0.005877257814080217
Llama,CounterFact,MEMIT,Native,canonical,1000,711,711,0,0.9635280702869518,0.9614312130951468,-0.001077080811360931,-0.0020968571918049683,0.00149267009361298,0.4346170263624636,0.9881377927156826
Llama,CounterFact,MEMIT,SADR,canonical,1000,762,762,0,0.9660112211078868,0.9653944334936975,-0.0012326771316928942,-0.0006167876141893736,0.0017431022522017559,0.5203830913350668,0.9275217381317188
Llama,CounterFact,MEMIT,SPHERE,canonical,1000,1000,999,1,0.9709834085268954,0.9706095027668087,-0.00017482802504231731,-0.000373905760086668,0.00041727165015659207,0.004000887331499703,0.025748183622988252
Llama,zsRE,AlphaEdit,ENCORE,canonical,1000,1000,995,5,0.9744329216301156,0.9741212942793318,-0.000257209605343256,-0.0003116273507838274,0.00031008292916512303,0.001068246288428709,0.004573014821723009
Llama,zsRE,AlphaEdit,NAS,canonical,1000,1000,1000,0,0.9746222505140005,0.9739226198424722,-0.0005083798681085328,-0.0006996306715283396,0.0005206635415196947,0.0017324840890543976,0.010485706902433556
Llama,zsRE,AlphaEdit,Native,canonical,1000,1000,993,7,0.9734685700419909,0.9732322061527006,-0.0002416653219967646,-0.00023636388929038077,0.0002918354811567436,0.0010508548175916172,0.0038490534331380166
Llama,zsRE,AlphaEdit,SADR,canonical,1000,1000,994,6,0.9746698699324401,0.974323522210989,-0.00021844052770952915,-0.0003463477214511457,0.00027333220154318605,0.0009263903419374377,0.002822958075827775
Llama,zsRE,AlphaEdit,SPHERE,canonical,1000,1000,992,8,0.9716732729803146,0.9714054656622954,-0.0002690663223812728,-0.00026780731801923086,0.00030184830556223563,0.0010611502306589469,0.0036991508165677978
Llama,zsRE,MEMIT,ENCORE,canonical,1000,1000,995,5,0.9430392830664875,0.9424838428676876,-0.0003937515421639226,-0.0005554401987999391,0.0005063399915257172,0.0018247637573500452,0.00717709320583948
Llama,zsRE,MEMIT,NAS,canonical,1000,1000,994,6,0.9771496250443479,0.9763455890256861,-0.000582069433047061,-0.0008040360186617468,0.0006528226013397531,0.002223580358918369,0.02118869074781138
Llama,zsRE,MEMIT,Native,canonical,1000,1000,1000,0,0.7745456403847424,0.4126730022669062,-0.12051723948589671,-0.3618726381178362,0.12106536558580272,0.7819896318572593,0.9972891643674651
Llama,zsRE,MEMIT,SADR,canonical,1000,1000,1000,0,0.8290292747087198,0.3912927599676699,-0.0984564951335014,-0.4377365147410499,0.10480425446675387,0.9060175462326585,1.030758273729717
Llama,zsRE,MEMIT,SPHERE,canonical,1000,1000,999,1,0.9635834979621232,0.9635772703079482,-0.0002530949959095308,-6.22765417501725e-06,0.0006004773994470192,0.008010027026041238,0.04268548533324871
