panel,model_scope,dataset,context,predictor,specification,n_checkpoints,n_trajectories,n_edit_counts,rho,defined,undefined_reason,n_design_columns,design_rank,rank_deficient,residual_subspace_dimension,nominal_partial_df_no_inference,predictor_residual_rank_variance_fraction,LOC_residual_rank_variance_fraction,design_nonzero_singular_condition_number,independent_QR_rho,independent_QR_absolute_error
full360,Pooled,zsRE,rewrite,q,unadjusted,180,20,9,-0.92134457069723708,True,,1,1,False,179,178,1,1,1,-0.92134457069723708,0
full360,Pooled,zsRE,rewrite,q,D_H_rank,180,20,9,-0.74657158030509263,True,,2,2,False,178,177,0.044052553393438734,0.25909797904332899,209.59906386466778,-0.74657158030509252,1.1102230246251565e-16
full360,Pooled,zsRE,rewrite,q,T_rank,180,20,9,-0.82520421509507957,True,,2,2,False,178,177,0.47336230370621873,0.36898848587745026,210.25789605858805,-0.82520421509507957,0
full360,Pooled,zsRE,rewrite,q,T_FE,180,20,9,-0.82564389475459488,True,,9,9,False,171,170,0.4670792308404581,0.35595225600658531,9.8989794855663558,-0.82564389475459488,0
full360,Pooled,zsRE,rewrite,q,D_H_rank+T_rank,180,20,9,-0.59221686235062365,True,,3,3,False,177,176,0.027621848869043612,0.15951410112119332,313.19392457451443,-0.59221686235062365,0
full360,Pooled,zsRE,rewrite,q,D_H_rank+T_FE,180,20,9,-0.60007383311524565,True,,10,10,False,170,169,0.027485576666634905,0.1545578434931357,1022.0317350982682,-0.60007383311524554,1.1102230246251565e-16
full360,Pooled,zsRE,rewrite,q,T_FE+trajectory_FE,180,20,9,-0.69806556425932265,True,,28,28,False,152,151,0.063520593342501444,0.086869349979706509,21.939943514934086,-0.69806556425932242,2.2204460492503131e-16
full360,Pooled,zsRE,rewrite,q,D_H_rank+T_FE+trajectory_FE,180,20,9,-0.41040404913198886,True,,29,29,False,151,150,0.013316542917292703,0.053558478048000721,2698.8311295107887,-0.41040404913198936,4.9960036108132044e-16
full360,Pooled,zsRE,rewrite,d,unadjusted,180,20,9,-0.92130547242674665,True,,1,1,False,179,178,1,1,1,-0.92130547242674665,0
full360,Pooled,zsRE,rewrite,d,D_H_rank,180,20,9,-0.72634126793386522,True,,2,2,False,178,177,0.049155806218541438,0.25909797904332899,209.59906386466778,-0.72634126793386511,1.1102230246251565e-16
full360,Pooled,zsRE,rewrite,d,T_rank,180,20,9,-0.82317074308882865,True,,2,2,False,178,177,0.46890541717679901,0.36898848587745026,210.25789605858805,-0.82317074308882832,3.3306690738754696e-16
full360,Pooled,zsRE,rewrite,d,T_FE,180,20,9,-0.82389922205766408,True,,9,9,False,171,170,0.46268300461948419,0.35595225600658531,9.8989794855663558,-0.82389922205766397,1.1102230246251565e-16
full360,Pooled,zsRE,rewrite,d,D_H_rank+T_rank,180,20,9,-0.56178476743357131,True,,3,3,False,177,176,0.031102135311251951,0.15951410112119332,313.19392457451443,-0.56178476743357131,0
full360,Pooled,zsRE,rewrite,d,D_H_rank+T_FE,180,20,9,-0.57102499954480912,True,,10,10,False,170,169,0.030928174987198357,0.1545578434931357,1022.0317350982682,-0.57102499954480901,1.1102230246251565e-16
full360,Pooled,zsRE,rewrite,d,T_FE+trajectory_FE,180,20,9,-0.69860172818222466,True,,28,28,False,152,151,0.061815808215388457,0.086869349979706509,21.939943514934086,-0.69860172818222466,0
full360,Pooled,zsRE,rewrite,d,D_H_rank+T_FE+trajectory_FE,180,20,9,-0.41386050171736299,True,,29,29,False,151,150,0.015737390961173041,0.053558478048000721,2698.8311295107887,-0.41386050171736294,5.5511151231257827e-17
full360,Pooled,zsRE,locality,q,unadjusted,180,20,9,-0.92918891843985518,True,,1,1,False,179,178,1,1,1,-0.92918891843985518,0
full360,Pooled,zsRE,locality,q,D_H_rank,180,20,9,-0.73293420186132929,True,,2,2,False,178,177,0.066138267307897861,0.25525999707490632,209.5990638646677,-0.7329342018613294,1.1102230246251565e-16
full360,Pooled,zsRE,locality,q,T_rank,180,20,9,-0.86126912000833333,True,,2,2,False,178,177,0.51239789808327407,0.36898848587745026,210.25789605858805,-0.86126912000833311,2.2204460492503131e-16
full360,Pooled,zsRE,locality,q,T_FE,180,20,9,-0.86118310009628496,True,,9,9,False,171,170,0.50410341882979937,0.35595225600658531,9.8989794855663558,-0.86118310009628452,4.4408920985006262e-16
full360,Pooled,zsRE,locality,q,D_H_rank+T_rank,180,20,9,-0.55614787489820894,True,,3,3,False,177,176,0.042957117323861219,0.13369337010444152,315.76554701356611,-0.55614787489820883,1.1102230246251565e-16
full360,Pooled,zsRE,locality,q,D_H_rank+T_FE,180,20,9,-0.57262376617071098,True,,10,10,False,170,169,0.040032438637665285,0.13059096332791348,1004.5530649309926,-0.57262376617071087,1.1102230246251565e-16
full360,Pooled,zsRE,locality,q,T_FE+trajectory_FE,180,20,9,-0.79913507237849413,True,,28,28,False,152,151,0.06282299522276065,0.086869349979706509,21.939943514934086,-0.79913507237849413,0
full360,Pooled,zsRE,locality,q,D_H_rank+T_FE+trajectory_FE,180,20,9,-0.70469073311820019,True,,29,29,False,151,150,0.020679124319542958,0.058629472367853402,2771.6467846738287,-0.70469073311819996,2.2204460492503131e-16
full360,Pooled,zsRE,locality,d,unadjusted,180,20,9,-0.93042154286216061,True,,1,1,False,179,178,1,1,1,-0.93042154286216061,0
full360,Pooled,zsRE,locality,d,D_H_rank,180,20,9,-0.73959814065308849,True,,2,2,False,178,177,0.067466091044842275,0.25525999707490632,209.5990638646677,-0.73959814065308849,0
full360,Pooled,zsRE,locality,d,T_rank,180,20,9,-0.86233511112961392,True,,2,2,False,178,177,0.50857358251797913,0.36898848587745026,210.25789605858805,-0.86233511112961381,1.1102230246251565e-16
full360,Pooled,zsRE,locality,d,T_FE,180,20,9,-0.86234060336233009,True,,9,9,False,171,170,0.50043272940522854,0.35595225600658531,9.8989794855663558,-0.86234060336232998,1.1102230246251565e-16
full360,Pooled,zsRE,locality,d,D_H_rank+T_rank,180,20,9,-0.56144354218553894,True,,3,3,False,177,176,0.043077759387356786,0.13369337010444152,315.76554701356611,-0.56144354218553916,2.2204460492503131e-16
full360,Pooled,zsRE,locality,d,D_H_rank+T_FE,180,20,9,-0.57821814595380872,True,,10,10,False,170,169,0.040236186571133876,0.13059096332791348,1004.5530649309926,-0.57821814595380849,2.2204460492503131e-16
full360,Pooled,zsRE,locality,d,T_FE+trajectory_FE,180,20,9,-0.79788018192616106,True,,28,28,False,152,151,0.063706630177200282,0.086869349979706509,21.939943514934086,-0.79788018192616084,2.2204460492503131e-16
full360,Pooled,zsRE,locality,d,D_H_rank+T_FE+trajectory_FE,180,20,9,-0.70111290366569701,True,,29,29,False,151,150,0.021150279316736589,0.058629472367853402,2771.6467846738287,-0.70111290366569712,1.1102230246251565e-16
full360,Llama,zsRE,rewrite,q,unadjusted,90,10,9,-0.946337360745095,True,,1,1,False,89,88,1,1,1,-0.946337360745095,0
full360,Llama,zsRE,rewrite,q,D_H_rank,90,10,9,-0.61698049637913055,True,,2,2,False,88,87,0.057845213079747534,0.16757367548300464,105.69706857813779,-0.61698049637913077,2.2204460492503131e-16
full360,Llama,zsRE,rewrite,q,T_rank,90,10,9,-0.83374104635809065,True,,2,2,False,88,87,0.30799456723052221,0.33353998269682367,106.02962520666927,-0.83374104635809088,2.2204460492503131e-16
full360,Llama,zsRE,rewrite,q,T_FE,90,10,9,-0.8232094658091077,True,,9,9,False,81,80,0.28339136518911801,0.31234540435875241,9.8989794855663575,-0.82320946580910781,1.1102230246251565e-16
full360,Llama,zsRE,rewrite,q,D_H_rank+T_rank,90,10,9,-0.42442422758389931,True,,3,3,False,87,86,0.029820176128876587,0.12403050307585295,155.35567907713789,-0.42442422758389975,4.4408920985006262e-16
full360,Llama,zsRE,rewrite,q,D_H_rank+T_FE,90,10,9,-0.42533874763020368,True,,10,10,False,80,79,0.029262059040014499,0.12291158130809447,553.10856846592708,-0.42533874763020357,1.1102230246251565e-16
full360,Llama,zsRE,rewrite,q,T_FE+trajectory_FE,90,10,9,-0.78202766856454264,True,,18,18,False,72,71,0.085454720061461639,0.11809115752756835,11.560005606799651,-0.78202766856454242,2.2204460492503131e-16
full360,Llama,zsRE,rewrite,q,D_H_rank+T_FE+trajectory_FE,90,10,9,-0.56573461916207579,True,,19,19,False,71,70,0.024210024811025056,0.067431417125196555,774.78639670123357,-0.56573461916207601,2.2204460492503131e-16
full360,Llama,zsRE,rewrite,d,unadjusted,90,10,9,-0.9423843028196266,True,,1,1,False,89,88,1,1,1,-0.9423843028196266,0
full360,Llama,zsRE,rewrite,d,D_H_rank,90,10,9,-0.57820517414075079,True,,2,2,False,88,87,0.073218369861234631,0.16757367548300464,105.69706857813779,-0.57820517414075101,2.2204460492503131e-16
full360,Llama,zsRE,rewrite,d,T_rank,90,10,9,-0.81938775109964435,True,,2,2,False,88,87,0.29692708290461084,0.33353998269682367,106.02962520666927,-0.81938775109964435,0
full360,Llama,zsRE,rewrite,d,T_FE,90,10,9,-0.80842639095757418,True,,9,9,False,81,80,0.27509733711980905,0.31234540435875241,9.8989794855663575,-0.80842639095757407,1.1102230246251565e-16
full360,Llama,zsRE,rewrite,d,D_H_rank+T_rank,90,10,9,-0.36451028744183384,True,,3,3,False,87,86,0.038600234804250025,0.12403050307585295,155.35567907713789,-0.364510287441834,1.6653345369377348e-16
full360,Llama,zsRE,rewrite,d,D_H_rank+T_FE,90,10,9,-0.36637264739651199,True,,10,10,False,80,79,0.037950668833547689,0.12291158130809447,553.10856846592708,-0.36637264739651193,5.5511151231257827e-17
full360,Llama,zsRE,rewrite,d,T_FE+trajectory_FE,90,10,9,-0.77639431552557003,True,,18,18,False,72,71,0.082282494866764547,0.11809115752756835,11.560005606799651,-0.77639431552557026,2.2204460492503131e-16
full360,Llama,zsRE,rewrite,d,D_H_rank+T_FE+trajectory_FE,90,10,9,-0.55955610756861274,True,,19,19,False,71,70,0.031246245162058928,0.067431417125196555,774.78639670123357,-0.55955610756861285,1.1102230246251565e-16
full360,Llama,zsRE,locality,q,unadjusted,90,10,9,-0.96485084869603854,True,,1,1,False,89,88,1,1,1,-0.96485084869603854,0
full360,Llama,zsRE,locality,q,D_H_rank,90,10,9,-0.69369008483211703,True,,2,2,False,88,87,0.085318784316219157,0.13114704230542468,105.69706857813772,-0.69369008483211703,0
full360,Llama,zsRE,locality,q,T_rank,90,10,9,-0.89057127613978915,True,,2,2,False,88,87,0.29136041486603281,0.33353998269682367,106.02962520666927,-0.89057127613978926,1.1102230246251565e-16
full360,Llama,zsRE,locality,q,T_FE,90,10,9,-0.88694050660107637,True,,9,9,False,81,80,0.27602913939992585,0.31234540435875241,9.8989794855663575,-0.88694050660107637,0
full360,Llama,zsRE,locality,q,D_H_rank+T_rank,90,10,9,-0.57842986508993455,True,,3,3,False,87,86,0.052049982862817992,0.10171810073271788,155.01088435216755,-0.57842986508993433,2.2204460492503131e-16
full360,Llama,zsRE,locality,q,D_H_rank+T_FE,90,10,9,-0.58409143728892854,True,,10,10,False,80,79,0.049895075885740589,0.099871895767311897,550.46601793346542,-0.58409143728892887,3.3306690738754696e-16
full360,Llama,zsRE,locality,q,T_FE+trajectory_FE,90,10,9,-0.85489844396442149,True,,18,18,False,72,71,0.093981058475440513,0.11809115752756835,11.560005606799651,-0.85489844396442161,1.1102230246251565e-16
full360,Llama,zsRE,locality,q,D_H_rank+T_FE+trajectory_FE,90,10,9,-0.65035351233179162,True,,19,19,False,71,70,0.034680291651382755,0.052758648623625372,828.15898361927611,-0.65035351233179128,3.3306690738754696e-16
full360,Llama,zsRE,locality,d,unadjusted,90,10,9,-0.96407670818563429,True,,1,1,False,89,88,1,1,1,-0.96407670818563429,0
full360,Llama,zsRE,locality,d,D_H_rank,90,10,9,-0.68685646551598989,True,,2,2,False,88,87,0.086137340258046008,0.13114704230542468,105.69706857813772,-0.68685646551598989,0
full360,Llama,zsRE,locality,d,T_rank,90,10,9,-0.8880793480420538,True,,2,2,False,88,87,0.29108150526128063,0.33353998269682367,106.02962520666927,-0.88807934804205402,2.2204460492503131e-16
full360,Llama,zsRE,locality,d,T_FE,90,10,9,-0.88410572658111708,True,,9,9,False,81,80,0.27551220315265257,0.31234540435875241,9.8989794855663575,-0.88410572658111719,1.1102230246251565e-16
full360,Llama,zsRE,locality,d,D_H_rank+T_rank,90,10,9,-0.56854178265320199,True,,3,3,False,87,86,0.052595919726043085,0.10171810073271788,155.01088435216755,-0.56854178265320199,0
full360,Llama,zsRE,locality,d,D_H_rank+T_FE,90,10,9,-0.5729568502100727,True,,10,10,False,80,79,0.05037420306116102,0.099871895767311897,550.46601793346542,-0.5729568502100727,0
full360,Llama,zsRE,locality,d,T_FE+trajectory_FE,90,10,9,-0.85008667657257375,True,,18,18,False,72,71,0.093936059778756395,0.11809115752756835,11.560005606799651,-0.85008667657257397,2.2204460492503131e-16
full360,Llama,zsRE,locality,d,D_H_rank+T_FE+trajectory_FE,90,10,9,-0.6394687129470249,True,,19,19,False,71,70,0.03497647606439009,0.052758648623625372,828.15898361927611,-0.63946871294702445,4.4408920985006262e-16
full360,GPT-2 XL,zsRE,rewrite,q,unadjusted,90,10,9,-0.94134255257850763,True,,1,1,False,89,88,1,1,1,-0.94134255257850763,0
full360,GPT-2 XL,zsRE,rewrite,q,D_H_rank,90,10,9,-0.89660634014986429,True,,2,2,False,88,87,0.09474138204004981,0.31807221024166937,105.69706857813772,-0.89660634014986429,0
full360,GPT-2 XL,zsRE,rewrite,q,T_rank,90,10,9,-0.52192637707627654,True,,2,2,False,88,87,0.052952353514151278,0.15635606590662765,106.02962520666927,-0.52192637707627643,1.1102230246251565e-16
full360,GPT-2 XL,zsRE,rewrite,q,T_FE,90,10,9,-0.50015634200455961,True,,9,9,False,81,80,0.048221591142939467,0.14645264847512041,9.8989794855663575,-0.50015634200455961,0
full360,GPT-2 XL,zsRE,rewrite,q,D_H_rank+T_rank,90,10,9,-0.77425727558315494,True,,3,3,False,87,86,0.030801430810612779,0.15475029628151735,151.36940615848624,-0.77425727558315527,3.3306690738754696e-16
full360,GPT-2 XL,zsRE,rewrite,q,D_H_rank+T_FE,90,10,9,-0.76605571135212325,True,,10,10,False,80,79,0.027718639402155177,0.14443059372945993,686.93793388611391,-0.76605571135212269,5.5511151231257827e-16
full360,GPT-2 XL,zsRE,rewrite,q,T_FE+trajectory_FE,90,10,9,-0.52346762744629438,True,,18,18,False,72,71,0.011237601349960897,0.039358494189954851,11.560005606799649,-0.52346762744629394,4.4408920985006262e-16
full360,GPT-2 XL,zsRE,rewrite,q,D_H_rank+T_FE+trajectory_FE,90,10,9,-0.46106663708078183,True,,19,19,False,71,70,0.0076190247518370521,0.036266910817606565,1142.4635075749541,-0.46106663708078099,8.3266726846886741e-16
full360,GPT-2 XL,zsRE,rewrite,d,unadjusted,90,10,9,-0.94265958760340784,True,,1,1,False,89,88,1,1,1,-0.94265958760340784,0
full360,GPT-2 XL,zsRE,rewrite,d,D_H_rank,90,10,9,-0.8993329270900946,True,,2,2,False,88,87,0.096932968542086606,0.31807221024166937,105.69706857813772,-0.89933292709009482,2.2204460492503131e-16
full360,GPT-2 XL,zsRE,rewrite,d,T_rank,90,10,9,-0.53644230946349025,True,,2,2,False,88,87,0.053274725274725272,0.15635606590662765,106.02962520666927,-0.53644230946349014,1.1102230246251565e-16
full360,GPT-2 XL,zsRE,rewrite,d,T_FE,90,10,9,-0.51641817502074938,True,,9,9,False,81,80,0.048257809606124205,0.14645264847512041,9.8989794855663575,-0.51641817502074916,2.2204460492503131e-16
full360,GPT-2 XL,zsRE,rewrite,d,D_H_rank+T_rank,90,10,9,-0.78075589660856648,True,,3,3,False,87,86,0.031862135270437721,0.15475029628151735,151.36940615848624,-0.78075589660856648,0
full360,GPT-2 XL,zsRE,rewrite,d,D_H_rank+T_FE,90,10,9,-0.77421725271953323,True,,10,10,False,80,79,0.028560863777528502,0.14443059372945993,686.93793388611391,-0.77421725271953323,0
full360,GPT-2 XL,zsRE,rewrite,d,T_FE+trajectory_FE,90,10,9,-0.52611714178184266,True,,18,18,False,72,71,0.011014071238790344,0.039358494189954851,11.560005606799649,-0.52611714178184266,0
full360,GPT-2 XL,zsRE,rewrite,d,D_H_rank+T_FE+trajectory_FE,90,10,9,-0.4642329747928472,True,,19,19,False,71,70,0.0075421193791233836,0.036266910817606565,1142.4635075749541,-0.46423297479284609,1.1102230246251565e-15
full360,GPT-2 XL,zsRE,locality,q,unadjusted,90,10,9,-0.95199407334238795,True,,1,1,False,89,88,1,1,1,-0.95199407334238795,0
full360,GPT-2 XL,zsRE,locality,q,D_H_rank,90,10,9,-0.78739096790345808,True,,2,2,False,88,87,0.14249518731198393,0.24391546119155713,105.69706857813773,-0.78739096790345831,2.2204460492503131e-16
full360,GPT-2 XL,zsRE,locality,q,T_rank,90,10,9,-0.63340629612275201,True,,2,2,False,88,87,0.074111179706685348,0.15635606590662765,106.02962520666927,-0.63340629612275201,0
full360,GPT-2 XL,zsRE,locality,q,T_FE,90,10,9,-0.61652906839608812,True,,9,9,False,81,80,0.068250401284109141,0.14645264847512041,9.8989794855663575,-0.61652906839608834,2.2204460492503131e-16
full360,GPT-2 XL,zsRE,locality,q,D_H_rank+T_rank,90,10,9,-0.63116232358975199,True,,3,3,False,87,86,0.064780249487158215,0.15337960260913078,151.21635003525424,-0.63116232358975199,0
full360,GPT-2 XL,zsRE,locality,q,D_H_rank+T_FE,90,10,9,-0.6173044613865567,True,,10,10,False,80,79,0.060727396963088619,0.14452571462981662,712.97022215180596,-0.61730446138655692,2.2204460492503131e-16
full360,GPT-2 XL,zsRE,locality,q,T_FE+trajectory_FE,90,10,9,-0.67854407832468622,True,,18,18,False,72,71,0.016098558121030032,0.039358494189954851,11.560005606799649,-0.67854407832468633,1.1102230246251565e-16
full360,GPT-2 XL,zsRE,locality,q,D_H_rank+T_FE+trajectory_FE,90,10,9,-0.70156081233803269,True,,19,19,False,71,70,0.015094965212431434,0.039358096576305839,915.01190615981204,-0.70156081233803325,5.5511151231257827e-16
full360,GPT-2 XL,zsRE,locality,d,unadjusted,90,10,9,-0.95273490554389428,True,,1,1,False,89,88,1,1,1,-0.95273490554389428,0
full360,GPT-2 XL,zsRE,locality,d,D_H_rank,90,10,9,-0.79177420060085957,True,,2,2,False,88,87,0.1409700160876822,0.24391546119155713,105.69706857813773,-0.79177420060085912,4.4408920985006262e-16
full360,GPT-2 XL,zsRE,locality,d,T_rank,90,10,9,-0.6401456181967875,True,,2,2,False,88,87,0.072516606988517099,0.15635606590662765,106.02962520666927,-0.64014561819678761,1.1102230246251565e-16
full360,GPT-2 XL,zsRE,locality,d,T_FE,90,10,9,-0.6236460059842126,True,,9,9,False,81,80,0.066762151705971939,0.14645264847512041,9.8989794855663575,-0.62364600598421249,1.1102230246251565e-16
full360,GPT-2 XL,zsRE,locality,d,D_H_rank+T_rank,90,10,9,-0.63893883587114741,True,,3,3,False,87,86,0.063156410199277743,0.15337960260913078,151.21635003525424,-0.6389388358711473,1.1102230246251565e-16
full360,GPT-2 XL,zsRE,locality,d,D_H_rank+T_FE,90,10,9,-0.62526973913968076,True,,10,10,False,80,79,0.059256181765557317,0.14452571462981662,712.97022215180596,-0.62526973913968131,5.5511151231257827e-16
full360,GPT-2 XL,zsRE,locality,d,T_FE+trajectory_FE,90,10,9,-0.68443870472340962,True,,18,18,False,72,71,0.016150507835901089,0.039358494189954851,11.560005606799649,-0.68443870472340906,5.5511151231257827e-16
full360,GPT-2 XL,zsRE,locality,d,D_H_rank+T_FE+trajectory_FE,90,10,9,-0.70691793599930763,True,,19,19,False,71,70,0.01517444189986062,0.039358096576305839,915.01190615981204,-0.70691793599930841,7.7715611723760958e-16
full360,Pooled,CounterFact,rewrite,q,unadjusted,180,20,9,-0.95300714615748161,True,,1,1,False,179,178,1,1,1,-0.95300714615748161,0
full360,Pooled,CounterFact,rewrite,q,D_H_rank,180,20,9,-0.81664250376030356,True,,2,2,False,178,177,0.033517843090529673,0.18179079341974899,209.59906386466784,-0.81664250376030367,1.1102230246251565e-16
full360,Pooled,CounterFact,rewrite,q,T_rank,180,20,9,-0.89717691209347405,True,,2,2,False,178,177,0.47011183301267878,0.40790866301402751,210.25789605858805,-0.89717691209347405,0
full360,Pooled,CounterFact,rewrite,q,T_FE,180,20,9,-0.89713172310406908,True,,9,9,False,171,170,0.46177927302282995,0.39722538326988377,9.8989794855663558,-0.89713172310406919,1.1102230246251565e-16
full360,Pooled,CounterFact,rewrite,q,D_H_rank+T_rank,180,20,9,-0.73352802292726527,True,,3,3,False,177,176,0.022128999617123113,0.128561231314921,312.26336222737746,-0.73352802292726504,2.2204460492503131e-16
full360,Pooled,CounterFact,rewrite,q,D_H_rank+T_FE,180,20,9,-0.73492163404102984,True,,10,10,False,170,169,0.021624665128393422,0.12527098439899534,1026.3390399747943,-0.73492163404103006,2.2204460492503131e-16
full360,Pooled,CounterFact,rewrite,q,T_FE+trajectory_FE,180,20,9,-0.80355663326088334,True,,28,28,False,152,151,0.062324100080820954,0.068488316127630872,21.939943514934082,-0.80355663326088378,4.4408920985006262e-16
full360,Pooled,CounterFact,rewrite,q,D_H_rank+T_FE+trajectory_FE,180,20,9,-0.38287096876130716,True,,29,29,False,151,150,0.0088639524806776258,0.028121695228175966,3009.3456839878781,-0.38287096876130655,6.106226635438361e-16
full360,Pooled,CounterFact,rewrite,d,unadjusted,180,20,9,-0.95297627989582889,True,,1,1,False,179,178,1,1,1,-0.95297627989582889,0
full360,Pooled,CounterFact,rewrite,d,D_H_rank,180,20,9,-0.81289539203420735,True,,2,2,False,178,177,0.034059903816043291,0.18179079341974899,209.59906386466784,-0.81289539203420746,1.1102230246251565e-16
full360,Pooled,CounterFact,rewrite,d,T_rank,180,20,9,-0.89684805264445988,True,,2,2,False,178,177,0.46908646700343976,0.40790866301402751,210.25789605858805,-0.8968480526444601,2.2204460492503131e-16
full360,Pooled,CounterFact,rewrite,d,T_FE,180,20,9,-0.89682831601581603,True,,9,9,False,171,170,0.46087389528483402,0.39722538326988377,9.8989794855663558,-0.89682831601581614,1.1102230246251565e-16
full360,Pooled,CounterFact,rewrite,d,D_H_rank+T_rank,180,20,9,-0.72778960808056969,True,,3,3,False,177,176,0.022418429629339182,0.128561231314921,312.26336222737746,-0.72778960808056969,0
full360,Pooled,CounterFact,rewrite,d,D_H_rank+T_FE,180,20,9,-0.72895161975270339,True,,10,10,False,170,169,0.021957875047731997,0.12527098439899534,1026.3390399747943,-0.72895161975270317,2.2204460492503131e-16
full360,Pooled,CounterFact,rewrite,d,T_FE+trajectory_FE,180,20,9,-0.80212169110740172,True,,28,28,False,152,151,0.062355651123205687,0.068488316127630872,21.939943514934082,-0.80212169110740172,0
full360,Pooled,CounterFact,rewrite,d,D_H_rank+T_FE+trajectory_FE,180,20,9,-0.37813006408388583,True,,29,29,False,151,150,0.009057751850575611,0.028121695228175966,3009.3456839878781,-0.37813006408388555,2.7755575615628914e-16
full360,Pooled,CounterFact,locality,q,unadjusted,180,20,9,-0.91162166253349386,True,,1,1,False,179,178,1,1,1,-0.91162166253349386,0
full360,Pooled,CounterFact,locality,q,D_H_rank,180,20,9,-0.77999127422884451,True,,2,2,False,178,177,0.15380898120348749,0.38375557465213883,209.59906386466781,-0.77999127422884473,2.2204460492503131e-16
full360,Pooled,CounterFact,locality,q,T_rank,180,20,9,-0.78460794438862247,True,,2,2,False,178,177,0.41262579434893409,0.40790866301402751,210.25789605858805,-0.78460794438862247,0
full360,Pooled,CounterFact,locality,q,T_FE,180,20,9,-0.78372570916360673,True,,9,9,False,171,170,0.40879245244194784,0.39722538326988377,9.8989794855663558,-0.78372570916360662,1.1102230246251565e-16
full360,Pooled,CounterFact,locality,q,D_H_rank+T_rank,180,20,9,-0.80653144744437832,True,,3,3,False,177,176,0.15259617413633972,0.33220824441847663,304.71635985586454,-0.80653144744437788,4.4408920985006262e-16
full360,Pooled,CounterFact,locality,q,D_H_rank+T_FE,180,20,9,-0.81821287252464747,True,,10,10,False,170,169,0.15166054428252468,0.32813283418613831,1141.902139840483,-0.81821287252464758,1.1102230246251565e-16
full360,Pooled,CounterFact,locality,q,T_FE+trajectory_FE,180,20,9,-0.6998504922983384,True,,28,28,False,152,151,0.062021118621630997,0.068488316127630872,21.939943514934082,-0.69985049229833873,3.3306690738754696e-16
full360,Pooled,CounterFact,locality,q,D_H_rank+T_FE+trajectory_FE,180,20,9,-0.55719307535201523,True,,29,29,False,151,150,0.027161291346643468,0.050631744267166649,2541.9473266323284,-0.55719307535201612,8.8817841970012523e-16
full360,Pooled,CounterFact,locality,d,unadjusted,180,20,9,-0.91162989353660129,True,,1,1,False,179,178,1,1,1,-0.91162989353660129,0
full360,Pooled,CounterFact,locality,d,D_H_rank,180,20,9,-0.7796053818778591,True,,2,2,False,178,177,0.15435024366553132,0.38375557465213883,209.59906386466781,-0.77960538187785899,1.1102230246251565e-16
full360,Pooled,CounterFact,locality,d,T_rank,180,20,9,-0.7846453281949648,True,,2,2,False,178,177,0.41268926510077486,0.40790866301402751,210.25789605858805,-0.78464532819496491,1.1102230246251565e-16
full360,Pooled,CounterFact,locality,d,T_FE,180,20,9,-0.7837405075231223,True,,9,9,False,171,170,0.40879739086597316,0.39722538326988377,9.8989794855663558,-0.7837405075231223,0
full360,Pooled,CounterFact,locality,d,D_H_rank+T_rank,180,20,9,-0.80588818971295462,True,,3,3,False,177,176,0.15311384278689466,0.33220824441847663,304.71635985586454,-0.80588818971295439,2.2204460492503131e-16
full360,Pooled,CounterFact,locality,d,D_H_rank+T_FE,180,20,9,-0.81746168388344886,True,,10,10,False,170,169,0.15217070487269227,0.32813283418613831,1141.902139840483,-0.81746168388344886,0
full360,Pooled,CounterFact,locality,d,T_FE+trajectory_FE,180,20,9,-0.70083302151627913,True,,28,28,False,152,151,0.061771362399159556,0.068488316127630872,21.939943514934082,-0.70083302151627924,1.1102230246251565e-16
full360,Pooled,CounterFact,locality,d,D_H_rank+T_FE+trajectory_FE,180,20,9,-0.55879785734833531,True,,29,29,False,151,150,0.027253169904369556,0.050631744267166649,2541.9473266323284,-0.55879785734833609,7.7715611723760958e-16
full360,Llama,CounterFact,rewrite,q,unadjusted,90,10,9,-0.95419350294650762,True,,1,1,False,89,88,1,1,1,-0.95419350294650762,0
full360,Llama,CounterFact,rewrite,q,D_H_rank,90,10,9,-0.78179943282833708,True,,2,2,False,88,87,0.027661311470576315,0.1641560014716642,105.69706857813775,-0.78179943282833719,1.1102230246251565e-16
full360,Llama,CounterFact,rewrite,q,T_rank,90,10,9,-0.84945978472084349,True,,2,2,False,88,87,0.29414649270829052,0.15915356562462254,106.02962520666927,-0.84945978472084382,3.3306690738754696e-16
full360,Llama,CounterFact,rewrite,q,T_FE,90,10,9,-0.86105772875489262,True,,9,9,False,81,80,0.27909453842038101,0.14790081365088772,9.8989794855663575,-0.8610577287548925,1.1102230246251565e-16
full360,Llama,CounterFact,rewrite,q,D_H_rank+T_rank,90,10,9,-0.63506596270450077,True,,3,3,False,87,86,0.01797741723098396,0.063784810040769635,154.14781227332281,-0.63506596270450089,1.1102230246251565e-16
full360,Llama,CounterFact,rewrite,q,D_H_rank+T_FE,90,10,9,-0.62077479475039488,True,,10,10,False,80,79,0.016629256142983901,0.054975309425625014,565.58326113937733,-0.62077479475039521,3.3306690738754696e-16
full360,Llama,CounterFact,rewrite,q,T_FE+trajectory_FE,90,10,9,-0.86010225987137989,True,,18,18,False,72,71,0.099300050760724942,0.070184892373349739,11.560005606799646,-0.86010225987137956,3.3306690738754696e-16
full360,Llama,CounterFact,rewrite,q,D_H_rank+T_FE+trajectory_FE,90,10,9,-0.535905749348497,True,,19,19,False,71,70,0.0098085543088086528,0.025331150047610003,843.20769428463609,-0.53590574934849711,1.1102230246251565e-16
full360,Llama,CounterFact,rewrite,d,unadjusted,90,10,9,-0.95420996974783201,True,,1,1,False,89,88,1,1,1,-0.95420996974783201,0
full360,Llama,CounterFact,rewrite,d,D_H_rank,90,10,9,-0.7785711313086594,True,,2,2,False,88,87,0.028148259924745012,0.1641560014716642,105.69706857813775,-0.77857113130865951,1.1102230246251565e-16
full360,Llama,CounterFact,rewrite,d,T_rank,90,10,9,-0.84833544642479675,True,,2,2,False,88,87,0.2930327200888998,0.15915356562462254,106.02962520666927,-0.84833544642479708,3.3306690738754696e-16
full360,Llama,CounterFact,rewrite,d,T_FE,90,10,9,-0.85972474945450361,True,,9,9,False,81,80,0.27828456188006745,0.14790081365088772,9.8989794855663575,-0.85972474945450317,4.4408920985006262e-16
full360,Llama,CounterFact,rewrite,d,D_H_rank+T_rank,90,10,9,-0.62547584037332504,True,,3,3,False,87,86,0.018186450484957421,0.063784810040769635,154.14781227332281,-0.62547584037332504,0
full360,Llama,CounterFact,rewrite,d,D_H_rank+T_FE,90,10,9,-0.60944328129127934,True,,10,10,False,80,79,0.016862686448209176,0.054975309425625014,565.58326113937733,-0.60944328129127945,1.1102230246251565e-16
full360,Llama,CounterFact,rewrite,d,T_FE+trajectory_FE,90,10,9,-0.8568320445051355,True,,18,18,False,72,71,0.09897298706287469,0.070184892373349739,11.560005606799646,-0.85683204450513539,1.1102230246251565e-16
full360,Llama,CounterFact,rewrite,d,D_H_rank+T_FE+trajectory_FE,90,10,9,-0.51766864829691783,True,,19,19,False,71,70,0.010019787427566509,0.025331150047610003,843.20769428463609,-0.51766864829691761,2.2204460492503131e-16
full360,Llama,CounterFact,locality,q,unadjusted,90,10,9,-0.93668105973796845,True,,1,1,False,89,88,1,1,1,-0.93668105973796845,0
full360,Llama,CounterFact,locality,q,D_H_rank,90,10,9,-0.21510638981747957,True,,2,2,False,88,87,0.04579016605547831,0.11029249190806434,105.69706857813779,-0.21510638981747968,1.1102230246251565e-16
full360,Llama,CounterFact,locality,q,T_rank,90,10,9,-0.83867570919001433,True,,2,2,False,88,87,0.35191999012223729,0.15915356562462254,106.02962520666927,-0.83867570919001411,2.2204460492503131e-16
full360,Llama,CounterFact,locality,q,T_FE,90,10,9,-0.85588734891018237,True,,9,9,False,81,80,0.34598674733506191,0.14790081365088772,9.8989794855663575,-0.85588734891018248,1.1102230246251565e-16
full360,Llama,CounterFact,locality,q,D_H_rank+T_rank,90,10,9,-0.20060561648866529,True,,3,3,False,87,86,0.045159281622009884,0.041753951760580457,153.72476185671695,-0.20060561648866521,8.3266726846886741e-17
full360,Llama,CounterFact,locality,q,D_H_rank+T_FE,90,10,9,-0.21656661920616116,True,,10,10,False,80,79,0.040841396338563332,0.035264241445279829,582.53667096312506,-0.21656661920616124,8.3266726846886741e-17
full360,Llama,CounterFact,locality,q,T_FE+trajectory_FE,90,10,9,-0.84835113481263713,True,,18,18,False,72,71,0.11917045085584409,0.070184892373349739,11.560005606799646,-0.84835113481263658,5.5511151231257827e-16
full360,Llama,CounterFact,locality,q,D_H_rank+T_FE+trajectory_FE,90,10,9,-0.46813240025588554,True,,19,19,False,71,70,0.02390466478054426,0.023914080025956023,787.46146498805308,-0.46813240025588554,0
full360,Llama,CounterFact,locality,d,unadjusted,90,10,9,-0.93735619859227037,True,,1,1,False,89,88,1,1,1,-0.93735619859227037,0
full360,Llama,CounterFact,locality,d,D_H_rank,90,10,9,-0.22627720982974542,True,,2,2,False,88,87,0.046176085450513847,0.11029249190806434,105.69706857813779,-0.22627720982974564,2.2204460492503131e-16
full360,Llama,CounterFact,locality,d,T_rank,90,10,9,-0.83861965160513208,True,,2,2,False,88,87,0.34951747129275229,0.15915356562462254,106.02962520666927,-0.83861965160513208,0
full360,Llama,CounterFact,locality,d,T_FE,90,10,9,-0.85559089489261375,True,,9,9,False,81,80,0.34370169156686015,0.14790081365088772,9.8989794855663575,-0.85559089489261408,3.3306690738754696e-16
full360,Llama,CounterFact,locality,d,D_H_rank+T_rank,90,10,9,-0.20298249325714723,True,,3,3,False,87,86,0.045396247381464,0.041753951760580457,153.72476185671695,-0.20298249325714751,2.7755575615628914e-16
full360,Llama,CounterFact,locality,d,D_H_rank+T_FE,90,10,9,-0.21665784298528351,True,,10,10,False,80,79,0.040916066351647733,0.035264241445279829,582.53667096312506,-0.21665784298528365,1.3877787807814457e-16
full360,Llama,CounterFact,locality,d,T_FE+trajectory_FE,90,10,9,-0.84871210297005151,True,,18,18,False,72,71,0.11841827751940111,0.070184892373349739,11.560005606799646,-0.8487121029700514,1.1102230246251565e-16
full360,Llama,CounterFact,locality,d,D_H_rank+T_FE+trajectory_FE,90,10,9,-0.47033089738269268,True,,19,19,False,71,70,0.023924471992852771,0.023914080025956023,787.46146498805308,-0.47033089738269235,3.3306690738754696e-16
full360,GPT-2 XL,CounterFact,rewrite,q,unadjusted,90,10,9,-0.93764405742905266,True,,1,1,False,89,88,1,1,1,-0.93764405742905266,0
full360,GPT-2 XL,CounterFact,rewrite,q,D_H_rank,90,10,9,-0.86870662005065202,True,,2,2,False,88,87,0.082640178892650087,0.30139685716621822,105.69706857813772,-0.8687066200506518,2.2204460492503131e-16
full360,GPT-2 XL,CounterFact,rewrite,q,T_rank,90,10,9,-0.65349174212204486,True,,2,2,False,88,87,0.060031855784664766,0.20309196679700905,106.02962520666927,-0.65349174212204508,2.2204460492503131e-16
full360,GPT-2 XL,CounterFact,rewrite,q,T_FE,90,10,9,-0.65423516788485725,True,,9,9,False,81,80,0.054869325431123175,0.1915604033751801,9.8989794855663575,-0.65423516788485692,3.3306690738754696e-16
full360,GPT-2 XL,CounterFact,rewrite,q,D_H_rank+T_rank,90,10,9,-0.81398682834098435,True,,3,3,False,87,86,0.034739224660911963,0.20249488531528098,151.17577527713527,-0.81398682834098424,1.1102230246251565e-16
full360,GPT-2 XL,CounterFact,rewrite,q,D_H_rank+T_FE,90,10,9,-0.82661357693260951,True,,10,10,False,80,79,0.031897855371124759,0.19128740413925943,724.30165588859836,-0.82661357693260928,2.2204460492503131e-16
full360,GPT-2 XL,CounterFact,rewrite,q,T_FE+trajectory_FE,90,10,9,-0.67452693530855912,True,,18,18,False,72,71,0.012657438275415805,0.029958793533191561,11.560005606799649,-0.67452693530855901,1.1102230246251565e-16
full360,GPT-2 XL,CounterFact,rewrite,q,D_H_rank+T_FE+trajectory_FE,90,10,9,-0.59853598341522707,True,,19,19,False,71,70,0.0097452570371986975,0.02503731978860211,1265.5188239235631,-0.5985359834152274,3.3306690738754696e-16
full360,GPT-2 XL,CounterFact,rewrite,d,unadjusted,90,10,9,-0.93775930273701991,True,,1,1,False,89,88,1,1,1,-0.93775930273701991,0
full360,GPT-2 XL,CounterFact,rewrite,d,D_H_rank,90,10,9,-0.86695102980766359,True,,2,2,False,88,87,0.083649054716144394,0.30139685716621822,105.69706857813772,-0.86695102980766325,3.3306690738754696e-16
full360,GPT-2 XL,CounterFact,rewrite,d,T_rank,90,10,9,-0.65495087940163532,True,,2,2,False,88,87,0.059710636429737556,0.20309196679700905,106.02962520666927,-0.65495087940163543,1.1102230246251565e-16
full360,GPT-2 XL,CounterFact,rewrite,d,T_FE,90,10,9,-0.65550752867466833,True,,9,9,False,81,80,0.054661892414701416,0.1915604033751801,9.8989794855663575,-0.65550752867466844,1.1102230246251565e-16
full360,GPT-2 XL,CounterFact,rewrite,d,D_H_rank+T_rank,90,10,9,-0.81122688766769702,True,,3,3,False,87,86,0.034987673757793498,0.20249488531528098,151.17577527713527,-0.81122688766769713,1.1102230246251565e-16
full360,GPT-2 XL,CounterFact,rewrite,d,D_H_rank+T_FE,90,10,9,-0.82286073459998643,True,,10,10,False,80,79,0.032221813084304822,0.19128740413925943,724.30165588859836,-0.8228607345999861,3.3306690738754696e-16
full360,GPT-2 XL,CounterFact,rewrite,d,T_FE+trajectory_FE,90,10,9,-0.67968819001247571,True,,18,18,False,72,71,0.012790239307093236,0.029958793533191561,11.560005606799649,-0.67968819001247571,0
full360,GPT-2 XL,CounterFact,rewrite,d,D_H_rank+T_FE+trajectory_FE,90,10,9,-0.60530437991359476,True,,19,19,False,71,70,0.009879079027092303,0.02503731978860211,1265.5188239235631,-0.60530437991359476,0
full360,GPT-2 XL,CounterFact,locality,q,unadjusted,90,10,9,-0.83972670469547139,True,,1,1,False,89,88,1,1,1,-0.83972670469547139,0
full360,GPT-2 XL,CounterFact,locality,q,D_H_rank,90,10,9,-0.91712808063077933,True,,2,2,False,88,87,0.072806255578938009,0.53106591557519867,105.69706857813779,-0.91712808063077933,0
full360,GPT-2 XL,CounterFact,locality,q,T_rank,90,10,9,0.094036852440855676,True,,2,2,False,88,87,0.088400598153407145,0.20309196679700905,106.02962520666927,0.094036852440855953,2.7755575615628914e-16
full360,GPT-2 XL,CounterFact,locality,q,T_FE,90,10,9,0.13238800780092574,True,,9,9,False,81,80,0.084018603119726684,0.1915604033751801,9.8989794855663575,0.13238800780092572,2.7755575615628914e-17
full360,GPT-2 XL,CounterFact,locality,q,D_H_rank+T_rank,90,10,9,-0.71199012555981145,True,,3,3,False,87,86,0.014956594626269464,0.17093195611025036,152.41680763645101,-0.71199012555981145,0
full360,GPT-2 XL,CounterFact,locality,q,D_H_rank+T_FE,90,10,9,-0.7181996312696598,True,,10,10,False,80,79,0.013136447464413357,0.15710116712751027,599.15696474509207,-0.71819963126965969,1.1102230246251565e-16
full360,GPT-2 XL,CounterFact,locality,q,T_FE+trajectory_FE,90,10,9,-0.13274340066051177,True,,18,18,False,72,71,0.013607532708656304,0.029958793533191561,11.560005606799649,-0.13274340066051077,9.9920072216264089e-16
full360,GPT-2 XL,CounterFact,locality,q,D_H_rank+T_FE+trajectory_FE,90,10,9,-0.40093180063504302,True,,19,19,False,71,70,0.003836529492589879,0.029697008175438723,1342.6250634757105,-0.40093180063504258,4.4408920985006262e-16
full360,GPT-2 XL,CounterFact,locality,d,unadjusted,90,10,9,-0.83883766946258131,True,,1,1,False,89,88,1,1,1,-0.83883766946258131,0
full360,GPT-2 XL,CounterFact,locality,d,D_H_rank,90,10,9,-0.91791268647807878,True,,2,2,False,88,87,0.071632813526930045,0.53106591557519867,105.69706857813779,-0.91791268647807867,1.1102230246251565e-16
full360,GPT-2 XL,CounterFact,locality,d,T_rank,90,10,9,0.095576249515025732,True,,2,2,False,88,87,0.089665390788986277,0.20309196679700905,106.02962520666927,0.095576249515025996,2.6367796834847468e-16
full360,GPT-2 XL,CounterFact,locality,d,T_FE,90,10,9,0.13474111310032535,True,,9,9,False,81,80,0.085036012676462103,0.1915604033751801,9.8989794855663575,0.13474111310032527,8.3266726846886741e-17
full360,GPT-2 XL,CounterFact,locality,d,D_H_rank+T_rank,90,10,9,-0.71522920747307273,True,,3,3,False,87,86,0.014927561770999189,0.17093195611025036,152.41680763645101,-0.71522920747307284,1.1102230246251565e-16
full360,GPT-2 XL,CounterFact,locality,d,D_H_rank+T_FE,90,10,9,-0.72197388240107774,True,,10,10,False,80,79,0.012998904213746724,0.15710116712751027,599.15696474509207,-0.72197388240107807,3.3306690738754696e-16
full360,GPT-2 XL,CounterFact,locality,d,T_FE+trajectory_FE,90,10,9,-0.13425352943734475,True,,18,18,False,72,71,0.013501804063601807,0.029958793533191561,11.560005606799649,-0.13425352943734409,6.6613381477509392e-16
full360,GPT-2 XL,CounterFact,locality,d,D_H_rank+T_FE+trajectory_FE,90,10,9,-0.40790982925704572,True,,19,19,False,71,70,0.003739736247735625,0.029697008175438723,1342.6250634757105,-0.40790982925704544,2.7755575615628914e-16
restricted337,Pooled,zsRE,rewrite,q,unadjusted,168,20,9,-0.90336402427604656,True,,1,1,False,167,166,1,1,1,-0.90336402427604656,0
restricted337,Pooled,zsRE,rewrite,q,D_H_rank,168,20,9,-0.74749506588566128,True,,2,2,False,166,165,0.054042629335133395,0.31300293541643254,195.74415661823483,-0.7474950658856615,2.2204460492503131e-16
restricted337,Pooled,zsRE,rewrite,q,T_rank,168,20,9,-0.78681728638932069,True,,2,2,False,166,165,0.4827423137541465,0.35882635044036099,196.36794408443237,-0.78681728638932047,2.2204460492503131e-16
restricted337,Pooled,zsRE,rewrite,q,T_FE,168,20,9,-0.78507287057402431,True,,9,9,False,159,158,0.47251598273626622,0.34639943341070512,9.5958329879265936,-0.78507287057402442,1.1102230246251565e-16
restricted337,Pooled,zsRE,rewrite,q,D_H_rank+T_rank,168,20,9,-0.57563972182768941,True,,3,3,False,165,164,0.032990559640522554,0.18072273396680288,293.48801384970693,-0.57563972182768952,1.1102230246251565e-16
restricted337,Pooled,zsRE,rewrite,q,D_H_rank+T_FE,168,20,9,-0.58595530379275029,True,,10,10,False,158,157,0.032614890492434136,0.17682763168627136,922.50109846128487,-0.58595530379275063,3.3306690738754696e-16
restricted337,Pooled,zsRE,rewrite,q,T_FE+trajectory_FE,168,20,9,-0.66751436875887304,True,,28,28,False,140,139,0.068366691182726883,0.080673621448721228,21.292764307992886,-0.66751436875887304,0
restricted337,Pooled,zsRE,rewrite,q,D_H_rank+T_FE+trajectory_FE,168,20,9,-0.30497319501073938,True,,29,29,False,139,138,0.014325606864252143,0.048787717600710406,2472.6450459186326,-0.30497319501074005,6.6613381477509392e-16
restricted337,Pooled,zsRE,rewrite,d,unadjusted,168,20,9,-0.90331593786223008,True,,1,1,False,167,166,1,1,1,-0.90331593786223008,0
restricted337,Pooled,zsRE,rewrite,d,D_H_rank,168,20,9,-0.72678371121437446,True,,2,2,False,166,165,0.060284576383608499,0.31300293541643254,195.74415661823483,-0.72678371121437446,0
restricted337,Pooled,zsRE,rewrite,d,T_rank,168,20,9,-0.78412537672180194,True,,2,2,False,166,165,0.477788651090927,0.35882635044036099,196.36794408443237,-0.78412537672180183,1.1102230246251565e-16
restricted337,Pooled,zsRE,rewrite,d,T_FE,168,20,9,-0.78260364847310948,True,,9,9,False,159,158,0.4672275003140422,0.34639943341070512,9.5958329879265936,-0.78260364847310948,0
restricted337,Pooled,zsRE,rewrite,d,D_H_rank+T_rank,168,20,9,-0.54340982487864253,True,,3,3,False,165,164,0.037167646691701847,0.18072273396680288,293.48801384970693,-0.54340982487864264,1.1102230246251565e-16
restricted337,Pooled,zsRE,rewrite,d,D_H_rank+T_FE,168,20,9,-0.55453008955136029,True,,10,10,False,158,157,0.036621036858434985,0.17682763168627136,922.50109846128487,-0.55453008955136052,2.2204460492503131e-16
restricted337,Pooled,zsRE,rewrite,d,T_FE+trajectory_FE,168,20,9,-0.66790493148385766,True,,28,28,False,140,139,0.066113476919426428,0.080673621448721228,21.292764307992886,-0.66790493148385743,2.2204460492503131e-16
restricted337,Pooled,zsRE,rewrite,d,D_H_rank+T_FE+trajectory_FE,168,20,9,-0.31991947336212229,True,,29,29,False,139,138,0.017062864805760698,0.048787717600710406,2472.6450459186326,-0.31991947336212251,2.2204460492503131e-16
restricted337,Pooled,zsRE,locality,q,unadjusted,168,20,9,-0.91301167740596589,True,,1,1,False,167,166,1,1,1,-0.91301167740596589,0
restricted337,Pooled,zsRE,locality,q,D_H_rank,168,20,9,-0.73260403886845649,True,,2,2,False,166,165,0.081027566512579516,0.30844756540754664,195.74415661823483,-0.73260403886845626,2.2204460492503131e-16
restricted337,Pooled,zsRE,locality,q,T_rank,168,20,9,-0.83296333576145976,True,,2,2,False,166,165,0.5266362551601772,0.35882635044036099,196.36794408443237,-0.83296333576145976,0
restricted337,Pooled,zsRE,locality,q,T_FE,168,20,9,-0.83053091463507911,True,,9,9,False,159,158,0.5142913756462677,0.34639943341070512,9.5958329879265936,-0.83053091463507922,1.1102230246251565e-16
restricted337,Pooled,zsRE,locality,q,D_H_rank+T_rank,168,20,9,-0.54364128503852605,True,,3,3,False,165,164,0.051922686064870938,0.15123466995966184,296.2470827239124,-0.54364128503852627,2.2204460492503131e-16
restricted337,Pooled,zsRE,locality,q,D_H_rank+T_FE,168,20,9,-0.56107190678618435,True,,10,10,False,158,157,0.047860132021527585,0.14943749210677809,906.28180750346758,-0.56107190678618413,2.2204460492503131e-16
restricted337,Pooled,zsRE,locality,q,T_FE+trajectory_FE,168,20,9,-0.75198253071816878,True,,28,28,False,140,139,0.06334223059004751,0.080673621448721228,21.292764307992886,-0.75198253071816867,1.1102230246251565e-16
restricted337,Pooled,zsRE,locality,q,D_H_rank+T_FE+trajectory_FE,168,20,9,-0.64674005429949488,True,,29,29,False,139,138,0.021446863163443557,0.057741348511007838,2550.2653616520215,-0.64674005429949499,1.1102230246251565e-16
restricted337,Pooled,zsRE,locality,d,unadjusted,168,20,9,-0.91452766487312798,True,,1,1,False,167,166,1,1,1,-0.91452766487312798,0
restricted337,Pooled,zsRE,locality,d,D_H_rank,168,20,9,-0.73928629579697436,True,,2,2,False,166,165,0.082647529056393054,0.30844756540754664,195.74415661823483,-0.73928629579697414,2.2204460492503131e-16
restricted337,Pooled,zsRE,locality,d,T_rank,168,20,9,-0.83412030355998124,True,,2,2,False,166,165,0.52233706562449977,0.35882635044036099,196.36794408443237,-0.83412030355998112,1.1102230246251565e-16
restricted337,Pooled,zsRE,locality,d,T_FE,168,20,9,-0.8318183585938006,True,,9,9,False,159,158,0.51013220604355103,0.34639943341070512,9.5958329879265936,-0.83181835859380082,2.2204460492503131e-16
restricted337,Pooled,zsRE,locality,d,D_H_rank+T_rank,168,20,9,-0.54850033652918229,True,,3,3,False,165,164,0.052026056795524432,0.15123466995966184,296.2470827239124,-0.54850033652918262,3.3306690738754696e-16
restricted337,Pooled,zsRE,locality,d,D_H_rank+T_FE,168,20,9,-0.56632909796915598,True,,10,10,False,158,157,0.048036729842714808,0.14943749210677809,906.28180750346758,-0.5663290979691562,2.2204460492503131e-16
restricted337,Pooled,zsRE,locality,d,T_FE+trajectory_FE,168,20,9,-0.75033755750949305,True,,28,28,False,140,139,0.064224790826935607,0.080673621448721228,21.292764307992886,-0.75033755750949294,1.1102230246251565e-16
restricted337,Pooled,zsRE,locality,d,D_H_rank+T_FE+trajectory_FE,168,20,9,-0.64251444666810242,True,,29,29,False,139,138,0.021948495629290889,0.057741348511007838,2550.2653616520215,-0.64251444666810242,0
restricted337,Llama,zsRE,rewrite,q,unadjusted,78,10,9,-0.91848657671442469,True,,1,1,False,77,76,1,1,1,-0.91848657671442469,0
restricted337,Llama,zsRE,rewrite,q,D_H_rank,78,10,9,-0.61510785431683579,True,,2,2,False,76,75,0.088154810684003937,0.24946159645301225,91.847168094995155,-0.61510785431683579,0
restricted337,Llama,zsRE,rewrite,q,T_rank,78,10,9,-0.72341441795445782,True,,2,2,False,76,75,0.27805235568991893,0.308185895444474,92.154329748085019,-0.72341441795445793,1.1102230246251565e-16
restricted337,Llama,zsRE,rewrite,q,T_FE,78,10,9,-0.70853483892725233,True,,9,9,False,69,68,0.2562252394982954,0.29304095542793551,9.2955553130844315,-0.70853483892725233,0
restricted337,Llama,zsRE,rewrite,q,D_H_rank+T_rank,78,10,9,-0.34103356578726324,True,,3,3,False,75,74,0.039890667132394017,0.16600867058177293,135.19113361318537,-0.34103356578726363,3.8857805861880479e-16
restricted337,Llama,zsRE,rewrite,q,D_H_rank+T_FE,78,10,9,-0.3343079947791826,True,,10,10,False,68,67,0.037527405460617606,0.16411930958781393,454.46161062997106,-0.33430799477918272,1.1102230246251565e-16
restricted337,Llama,zsRE,rewrite,q,T_FE+trajectory_FE,78,10,9,-0.68194428058247569,True,,18,18,False,60,59,0.091342946212488965,0.074776613710351728,11.139540294273083,-0.68194428058247558,1.1102230246251565e-16
restricted337,Llama,zsRE,rewrite,q,D_H_rank+T_FE+trajectory_FE,78,10,9,-0.41268143878792352,True,,19,19,False,59,58,0.02945903179369869,0.047774283770920294,642.66568275203133,-0.41268143878792363,1.1102230246251565e-16
restricted337,Llama,zsRE,rewrite,d,unadjusted,78,10,9,-0.91241669722682361,True,,1,1,False,77,76,1,1,1,-0.91241669722682361,0
restricted337,Llama,zsRE,rewrite,d,D_H_rank,78,10,9,-0.57442090549497693,True,,2,2,False,76,75,0.11133514690813023,0.24946159645301225,91.847168094995155,-0.57442090549497671,2.2204460492503131e-16
restricted337,Llama,zsRE,rewrite,d,T_rank,78,10,9,-0.69731973311545714,True,,2,2,False,76,75,0.26447046489794668,0.308185895444474,92.154329748085019,-0.69731973311545714,0
restricted337,Llama,zsRE,rewrite,d,T_FE,78,10,9,-0.68060291766811887,True,,9,9,False,69,68,0.24373872059224674,0.29304095542793551,9.2955553130844315,-0.68060291766811887,0
restricted337,Llama,zsRE,rewrite,d,D_H_rank+T_rank,78,10,9,-0.27116410251377426,True,,3,3,False,75,74,0.051519558160202511,0.16600867058177293,135.19113361318537,-0.27116410251377454,2.7755575615628914e-16
restricted337,Llama,zsRE,rewrite,d,D_H_rank+T_FE,78,10,9,-0.2591116888824333,True,,10,10,False,68,67,0.047748047056201656,0.16411930958781393,454.46161062997106,-0.2591116888824333,0
restricted337,Llama,zsRE,rewrite,d,T_FE+trajectory_FE,78,10,9,-0.66786562643373004,True,,18,18,False,60,59,0.086925871209648009,0.074776613710351728,11.139540294273083,-0.66786562643372971,3.3306690738754696e-16
restricted337,Llama,zsRE,rewrite,d,D_H_rank+T_FE+trajectory_FE,78,10,9,-0.41069264636927855,True,,19,19,False,59,58,0.038004760387724101,0.047774283770920294,642.66568275203133,-0.41069264636927894,3.8857805861880479e-16
restricted337,Llama,zsRE,locality,q,unadjusted,78,10,9,-0.94691384564802272,True,,1,1,False,77,76,1,1,1,-0.94691384564802272,0
restricted337,Llama,zsRE,locality,q,D_H_rank,78,10,9,-0.69248374458900408,True,,2,2,False,76,75,0.12950408616591488,0.19600030331295537,91.847168094995183,-0.69248374458900375,3.3306690738754696e-16
restricted337,Llama,zsRE,locality,q,T_rank,78,10,9,-0.81761104072131408,True,,2,2,False,76,75,0.26073240761293404,0.308185895444474,92.154329748085019,-0.81761104072131441,3.3306690738754696e-16
restricted337,Llama,zsRE,locality,q,T_FE,78,10,9,-0.81261886157835828,True,,9,9,False,69,68,0.24531318590993081,0.29304095542793551,9.2955553130844315,-0.81261886157835805,2.2204460492503131e-16
restricted337,Llama,zsRE,locality,q,D_H_rank+T_rank,78,10,9,-0.52480981885142142,True,,3,3,False,75,74,0.070649611825801789,0.13774385334558861,134.84373627873987,-0.52480981885142108,3.3306690738754696e-16
restricted337,Llama,zsRE,locality,q,D_H_rank+T_FE,78,10,9,-0.53036559890049395,True,,10,10,False,68,67,0.065401841240173134,0.13665363666097033,452.14824542781469,-0.53036559890049384,1.1102230246251565e-16
restricted337,Llama,zsRE,locality,q,T_FE+trajectory_FE,78,10,9,-0.71595751612105152,True,,18,18,False,60,59,0.077588889410770051,0.074776613710351728,11.139540294273083,-0.71595751612105107,4.4408920985006262e-16
restricted337,Llama,zsRE,locality,q,D_H_rank+T_FE+trajectory_FE,78,10,9,-0.43498020584788349,True,,19,19,False,59,58,0.035733434037117991,0.040183177052732125,706.40673217708525,-0.43498020584788272,7.7715611723760958e-16
restricted337,Llama,zsRE,locality,d,unadjusted,78,10,9,-0.94572516091503411,True,,1,1,False,77,76,1,1,1,-0.94572516091503411,0
restricted337,Llama,zsRE,locality,d,D_H_rank,78,10,9,-0.68548495348551464,True,,2,2,False,76,75,0.13073068477846356,0.19600030331295537,91.847168094995183,-0.68548495348551419,4.4408920985006262e-16
restricted337,Llama,zsRE,locality,d,T_rank,78,10,9,-0.8133380623917793,True,,2,2,False,76,75,0.26018511416765971,0.308185895444474,92.154329748085019,-0.81333806239177964,3.3306690738754696e-16
restricted337,Llama,zsRE,locality,d,T_FE,78,10,9,-0.80789627856072943,True,,9,9,False,69,68,0.24483084727207688,0.29304095542793551,9.2955553130844315,-0.80789627856072943,0
restricted337,Llama,zsRE,locality,d,D_H_rank+T_rank,78,10,9,-0.51345317297635995,True,,3,3,False,75,74,0.071280453709563901,0.13774385334558861,134.84373627873987,-0.51345317297635951,4.4408920985006262e-16
restricted337,Llama,zsRE,locality,d,D_H_rank+T_FE,78,10,9,-0.51781809928175515,True,,10,10,False,68,67,0.066125419442244288,0.13665363666097033,452.14824542781469,-0.51781809928175515,0
restricted337,Llama,zsRE,locality,d,T_FE+trajectory_FE,78,10,9,-0.70744767462912861,True,,18,18,False,60,59,0.077975620923179667,0.074776613710351728,11.139540294273083,-0.70744767462912794,6.6613381477509392e-16
restricted337,Llama,zsRE,locality,d,D_H_rank+T_FE+trajectory_FE,78,10,9,-0.42050341907069116,True,,19,19,False,59,58,0.036340454128737612,0.040183177052732125,706.40673217708525,-0.42050341907069005,1.1102230246251565e-15
restricted337,GPT-2 XL,zsRE,rewrite,q,unadjusted,90,10,9,-0.94134255257850763,True,,1,1,False,89,88,1,1,1,-0.94134255257850763,0
restricted337,GPT-2 XL,zsRE,rewrite,q,D_H_rank,90,10,9,-0.89660634014986429,True,,2,2,False,88,87,0.09474138204004981,0.31807221024166937,105.69706857813772,-0.89660634014986429,0
restricted337,GPT-2 XL,zsRE,rewrite,q,T_rank,90,10,9,-0.52192637707627654,True,,2,2,False,88,87,0.052952353514151278,0.15635606590662765,106.02962520666927,-0.52192637707627643,1.1102230246251565e-16
restricted337,GPT-2 XL,zsRE,rewrite,q,T_FE,90,10,9,-0.50015634200455961,True,,9,9,False,81,80,0.048221591142939467,0.14645264847512041,9.8989794855663575,-0.50015634200455961,0
restricted337,GPT-2 XL,zsRE,rewrite,q,D_H_rank+T_rank,90,10,9,-0.77425727558315494,True,,3,3,False,87,86,0.030801430810612779,0.15475029628151735,151.36940615848624,-0.77425727558315527,3.3306690738754696e-16
restricted337,GPT-2 XL,zsRE,rewrite,q,D_H_rank+T_FE,90,10,9,-0.76605571135212325,True,,10,10,False,80,79,0.027718639402155177,0.14443059372945993,686.93793388611391,-0.76605571135212269,5.5511151231257827e-16
restricted337,GPT-2 XL,zsRE,rewrite,q,T_FE+trajectory_FE,90,10,9,-0.52346762744629438,True,,18,18,False,72,71,0.011237601349960897,0.039358494189954851,11.560005606799649,-0.52346762744629394,4.4408920985006262e-16
restricted337,GPT-2 XL,zsRE,rewrite,q,D_H_rank+T_FE+trajectory_FE,90,10,9,-0.46106663708078183,True,,19,19,False,71,70,0.0076190247518370521,0.036266910817606565,1142.4635075749541,-0.46106663708078099,8.3266726846886741e-16
restricted337,GPT-2 XL,zsRE,rewrite,d,unadjusted,90,10,9,-0.94265958760340784,True,,1,1,False,89,88,1,1,1,-0.94265958760340784,0
restricted337,GPT-2 XL,zsRE,rewrite,d,D_H_rank,90,10,9,-0.8993329270900946,True,,2,2,False,88,87,0.096932968542086606,0.31807221024166937,105.69706857813772,-0.89933292709009482,2.2204460492503131e-16
restricted337,GPT-2 XL,zsRE,rewrite,d,T_rank,90,10,9,-0.53644230946349025,True,,2,2,False,88,87,0.053274725274725272,0.15635606590662765,106.02962520666927,-0.53644230946349014,1.1102230246251565e-16
restricted337,GPT-2 XL,zsRE,rewrite,d,T_FE,90,10,9,-0.51641817502074938,True,,9,9,False,81,80,0.048257809606124205,0.14645264847512041,9.8989794855663575,-0.51641817502074916,2.2204460492503131e-16
restricted337,GPT-2 XL,zsRE,rewrite,d,D_H_rank+T_rank,90,10,9,-0.78075589660856648,True,,3,3,False,87,86,0.031862135270437721,0.15475029628151735,151.36940615848624,-0.78075589660856648,0
restricted337,GPT-2 XL,zsRE,rewrite,d,D_H_rank+T_FE,90,10,9,-0.77421725271953323,True,,10,10,False,80,79,0.028560863777528502,0.14443059372945993,686.93793388611391,-0.77421725271953323,0
restricted337,GPT-2 XL,zsRE,rewrite,d,T_FE+trajectory_FE,90,10,9,-0.52611714178184266,True,,18,18,False,72,71,0.011014071238790344,0.039358494189954851,11.560005606799649,-0.52611714178184266,0
restricted337,GPT-2 XL,zsRE,rewrite,d,D_H_rank+T_FE+trajectory_FE,90,10,9,-0.4642329747928472,True,,19,19,False,71,70,0.0075421193791233836,0.036266910817606565,1142.4635075749541,-0.46423297479284609,1.1102230246251565e-15
restricted337,GPT-2 XL,zsRE,locality,q,unadjusted,90,10,9,-0.95199407334238795,True,,1,1,False,89,88,1,1,1,-0.95199407334238795,0
restricted337,GPT-2 XL,zsRE,locality,q,D_H_rank,90,10,9,-0.78739096790345808,True,,2,2,False,88,87,0.14249518731198393,0.24391546119155713,105.69706857813773,-0.78739096790345831,2.2204460492503131e-16
restricted337,GPT-2 XL,zsRE,locality,q,T_rank,90,10,9,-0.63340629612275201,True,,2,2,False,88,87,0.074111179706685348,0.15635606590662765,106.02962520666927,-0.63340629612275201,0
restricted337,GPT-2 XL,zsRE,locality,q,T_FE,90,10,9,-0.61652906839608812,True,,9,9,False,81,80,0.068250401284109141,0.14645264847512041,9.8989794855663575,-0.61652906839608834,2.2204460492503131e-16
restricted337,GPT-2 XL,zsRE,locality,q,D_H_rank+T_rank,90,10,9,-0.63116232358975199,True,,3,3,False,87,86,0.064780249487158215,0.15337960260913078,151.21635003525424,-0.63116232358975199,0
restricted337,GPT-2 XL,zsRE,locality,q,D_H_rank+T_FE,90,10,9,-0.6173044613865567,True,,10,10,False,80,79,0.060727396963088619,0.14452571462981662,712.97022215180596,-0.61730446138655692,2.2204460492503131e-16
restricted337,GPT-2 XL,zsRE,locality,q,T_FE+trajectory_FE,90,10,9,-0.67854407832468622,True,,18,18,False,72,71,0.016098558121030032,0.039358494189954851,11.560005606799649,-0.67854407832468633,1.1102230246251565e-16
restricted337,GPT-2 XL,zsRE,locality,q,D_H_rank+T_FE+trajectory_FE,90,10,9,-0.70156081233803269,True,,19,19,False,71,70,0.015094965212431434,0.039358096576305839,915.01190615981204,-0.70156081233803325,5.5511151231257827e-16
restricted337,GPT-2 XL,zsRE,locality,d,unadjusted,90,10,9,-0.95273490554389428,True,,1,1,False,89,88,1,1,1,-0.95273490554389428,0
restricted337,GPT-2 XL,zsRE,locality,d,D_H_rank,90,10,9,-0.79177420060085957,True,,2,2,False,88,87,0.1409700160876822,0.24391546119155713,105.69706857813773,-0.79177420060085912,4.4408920985006262e-16
restricted337,GPT-2 XL,zsRE,locality,d,T_rank,90,10,9,-0.6401456181967875,True,,2,2,False,88,87,0.072516606988517099,0.15635606590662765,106.02962520666927,-0.64014561819678761,1.1102230246251565e-16
restricted337,GPT-2 XL,zsRE,locality,d,T_FE,90,10,9,-0.6236460059842126,True,,9,9,False,81,80,0.066762151705971939,0.14645264847512041,9.8989794855663575,-0.62364600598421249,1.1102230246251565e-16
restricted337,GPT-2 XL,zsRE,locality,d,D_H_rank+T_rank,90,10,9,-0.63893883587114741,True,,3,3,False,87,86,0.063156410199277743,0.15337960260913078,151.21635003525424,-0.6389388358711473,1.1102230246251565e-16
restricted337,GPT-2 XL,zsRE,locality,d,D_H_rank+T_FE,90,10,9,-0.62526973913968076,True,,10,10,False,80,79,0.059256181765557317,0.14452571462981662,712.97022215180596,-0.62526973913968131,5.5511151231257827e-16
restricted337,GPT-2 XL,zsRE,locality,d,T_FE+trajectory_FE,90,10,9,-0.68443870472340962,True,,18,18,False,72,71,0.016150507835901089,0.039358494189954851,11.560005606799649,-0.68443870472340906,5.5511151231257827e-16
restricted337,GPT-2 XL,zsRE,locality,d,D_H_rank+T_FE+trajectory_FE,90,10,9,-0.70691793599930763,True,,19,19,False,71,70,0.01517444189986062,0.039358096576305839,915.01190615981204,-0.70691793599930841,7.7715611723760958e-16
restricted337,Pooled,CounterFact,rewrite,q,unadjusted,169,20,9,-0.94469147838138368,True,,1,1,False,168,167,1,1,1,-0.94469147838138368,0
restricted337,Pooled,CounterFact,rewrite,q,D_H_rank,169,20,9,-0.8214562764950798,True,,2,2,False,167,166,0.040426275387847252,0.21446783212124315,196.89872406196912,-0.82145627649507991,1.1102230246251565e-16
restricted337,Pooled,CounterFact,rewrite,q,T_rank,169,20,9,-0.88256530198110894,True,,2,2,False,167,166,0.48647669968719964,0.42154643796332641,197.52577062078993,-0.88256530198110872,2.2204460492503131e-16
restricted337,Pooled,CounterFact,rewrite,q,T_FE,169,20,9,-0.88254123689022901,True,,9,9,False,160,159,0.47539479833432874,0.41051997348106423,9.621751929295387,-0.8825412368902289,1.1102230246251565e-16
restricted337,Pooled,CounterFact,rewrite,q,D_H_rank+T_rank,169,20,9,-0.73690850614364067,True,,3,3,False,166,165,0.026131432764794082,0.15005552382083551,294.44538711918221,-0.7369085061436409,2.2204460492503131e-16
restricted337,Pooled,CounterFact,rewrite,q,D_H_rank+T_FE,169,20,9,-0.74229810511016892,True,,10,10,False,159,158,0.025611759158262505,0.14689029457779768,934.61679523820521,-0.74229810511016847,4.4408920985006262e-16
restricted337,Pooled,CounterFact,rewrite,q,T_FE+trajectory_FE,169,20,9,-0.79487417470168131,True,,28,28,False,141,140,0.063343644302757449,0.061438430510482797,21.338030481142191,-0.79487417470168154,2.2204460492503131e-16
restricted337,Pooled,CounterFact,rewrite,q,D_H_rank+T_FE+trajectory_FE,169,20,9,-0.26191067130194201,True,,29,29,False,140,139,0.0089093778404783931,0.02281347159251754,2821.6345057436411,-0.26191067130194207,5.5511151231257827e-17
restricted337,Pooled,CounterFact,rewrite,d,unadjusted,169,20,9,-0.94465667125636388,True,,1,1,False,168,167,1,1,1,-0.94465667125636388,0
restricted337,Pooled,CounterFact,rewrite,d,D_H_rank,169,20,9,-0.81768025489550855,True,,2,2,False,167,166,0.041078859428773061,0.21446783212124315,196.89872406196912,-0.81768025489550855,0
restricted337,Pooled,CounterFact,rewrite,d,T_rank,169,20,9,-0.88219674633691936,True,,2,2,False,167,166,0.48537171809929047,0.42154643796332641,197.52577062078993,-0.88219674633691947,1.1102230246251565e-16
restricted337,Pooled,CounterFact,rewrite,d,T_FE,169,20,9,-0.88222433828277302,True,,9,9,False,160,159,0.47439151905411381,0.41051997348106423,9.621751929295387,-0.88222433828277347,4.4408920985006262e-16
restricted337,Pooled,CounterFact,rewrite,d,D_H_rank+T_rank,169,20,9,-0.731074706944987,True,,3,3,False,166,165,0.026477309221812562,0.15005552382083551,294.44538711918221,-0.73107470694498722,2.2204460492503131e-16
restricted337,Pooled,CounterFact,rewrite,d,D_H_rank+T_FE,169,20,9,-0.73646144281404036,True,,10,10,False,159,158,0.025997001880078387,0.14689029457779768,934.61679523820521,-0.73646144281404002,3.3306690738754696e-16
restricted337,Pooled,CounterFact,rewrite,d,T_FE+trajectory_FE,169,20,9,-0.79353499170396036,True,,28,28,False,141,140,0.063365435096309403,0.061438430510482797,21.338030481142191,-0.79353499170396047,1.1102230246251565e-16
restricted337,Pooled,CounterFact,rewrite,d,D_H_rank+T_FE+trajectory_FE,169,20,9,-0.25954693271627971,True,,29,29,False,140,139,0.0091440344363914287,0.02281347159251754,2821.6345057436411,-0.25954693271627965,5.5511151231257827e-17
restricted337,Pooled,CounterFact,locality,q,unadjusted,169,20,9,-0.89466369483505526,True,,1,1,False,168,167,1,1,1,-0.89466369483505526,0
restricted337,Pooled,CounterFact,locality,q,D_H_rank,169,20,9,-0.78049928434197069,True,,2,2,False,167,166,0.18402811625847973,0.44959885595089022,196.89872406196912,-0.7804992843419708,1.1102230246251565e-16
restricted337,Pooled,CounterFact,locality,q,T_rank,169,20,9,-0.75131469365948156,True,,2,2,False,167,166,0.42554262280415739,0.42154643796332641,197.52577062078993,-0.75131469365948145,1.1102230246251565e-16
restricted337,Pooled,CounterFact,locality,q,T_FE,169,20,9,-0.75078963303417556,True,,9,9,False,160,159,0.42196106902528602,0.41051997348106423,9.621751929295387,-0.75078963303417579,2.2204460492503131e-16
restricted337,Pooled,CounterFact,locality,q,D_H_rank+T_rank,169,20,9,-0.8128496488685939,True,,3,3,False,166,165,0.18212160590692275,0.37576071348388901,286.27183769187963,-0.81284964886859401,1.1102230246251565e-16
restricted337,Pooled,CounterFact,locality,q,D_H_rank+T_FE,169,20,9,-0.82500660976618134,True,,10,10,False,159,158,0.18102270485658539,0.36982854545322702,1052.2818909939442,-0.82500660976618156,2.2204460492503131e-16
restricted337,Pooled,CounterFact,locality,q,T_FE+trajectory_FE,169,20,9,-0.58313637529253959,True,,28,28,False,141,140,0.042549970043280781,0.061438430510482797,21.338030481142191,-0.58313637529253937,2.2204460492503131e-16
restricted337,Pooled,CounterFact,locality,q,D_H_rank+T_FE+trajectory_FE,169,20,9,-0.51583511380802405,True,,29,29,False,140,139,0.026820922126894148,0.055099271229436073,2578.1840352930362,-0.51583511380802471,6.6613381477509392e-16
restricted337,Pooled,CounterFact,locality,d,unadjusted,169,20,9,-0.89467861217434941,True,,1,1,False,168,167,1,1,1,-0.89467861217434941,0
restricted337,Pooled,CounterFact,locality,d,D_H_rank,169,20,9,-0.7801081888385426,True,,2,2,False,167,166,0.18467029288601858,0.44959885595089022,196.89872406196912,-0.78010818883854227,3.3306690738754696e-16
restricted337,Pooled,CounterFact,locality,d,T_rank,169,20,9,-0.75137109218331999,True,,2,2,False,167,166,0.42561278096322597,0.42154643796332641,197.52577062078993,-0.75137109218331999,0
restricted337,Pooled,CounterFact,locality,d,T_FE,169,20,9,-0.75082781746367455,True,,9,9,False,160,159,0.42199010177895191,0.41051997348106423,9.621751929295387,-0.75082781746367477,2.2204460492503131e-16
restricted337,Pooled,CounterFact,locality,d,D_H_rank+T_rank,169,20,9,-0.81213573805751516,True,,3,3,False,166,165,0.18272751534206849,0.37576071348388901,286.27183769187963,-0.81213573805751504,1.1102230246251565e-16
restricted337,Pooled,CounterFact,locality,d,D_H_rank+T_FE,169,20,9,-0.82419056407733093,True,,10,10,False,159,158,0.18162809016501233,0.36982854545322702,1052.2818909939442,-0.82419056407733116,2.2204460492503131e-16
restricted337,Pooled,CounterFact,locality,d,T_FE+trajectory_FE,169,20,9,-0.58470682907559324,True,,28,28,False,141,140,0.042266663000652523,0.061438430510482797,21.338030481142191,-0.58470682907559346,2.2204460492503131e-16
restricted337,Pooled,CounterFact,locality,d,D_H_rank+T_FE+trajectory_FE,169,20,9,-0.51765512495498145,True,,29,29,False,140,139,0.026840224685824539,0.055099271229436073,2578.1840352930362,-0.517655124954982,5.5511151231257827e-16
restricted337,Llama,CounterFact,rewrite,q,unadjusted,79,10,9,-0.93839422101434045,True,,1,1,False,78,77,1,1,1,-0.93839422101434045,0
restricted337,Llama,CounterFact,rewrite,q,D_H_rank,79,10,9,-0.79966206446817201,True,,2,2,False,77,76,0.040763814686047325,0.22603608532451969,93.001250403908543,-0.79966206446817223,2.2204460492503131e-16
restricted337,Llama,CounterFact,rewrite,q,T_rank,79,10,9,-0.77521117369691261,True,,2,2,False,77,76,0.28700765580858145,0.13947712762578235,93.311040000198815,-0.77521117369691261,0
restricted337,Llama,CounterFact,rewrite,q,T_FE,79,10,9,-0.78857061818246954,True,,9,9,False,70,69,0.27136197663096401,0.12623756114015852,9.3487236311199453,-0.78857061818246954,0
restricted337,Llama,CounterFact,rewrite,q,D_H_rank+T_rank,79,10,9,-0.64204256335024479,True,,3,3,False,76,75,0.024898582143061499,0.078154684989251794,135.83739837518738,-0.64204256335024557,7.7715611723760958e-16
restricted337,Llama,CounterFact,rewrite,q,D_H_rank+T_FE,79,10,9,-0.61206569246843956,True,,10,10,False,69,68,0.02240303755285511,0.066053258851357793,474.90767569004714,-0.61206569246843956,0
restricted337,Llama,CounterFact,rewrite,q,T_FE+trajectory_FE,79,10,9,-0.79154297619434499,True,,18,18,False,61,60,0.084471166265922173,0.034779924823055461,11.137289103239091,-0.79154297619434477,2.2204460492503131e-16
restricted337,Llama,CounterFact,rewrite,q,D_H_rank+T_FE+trajectory_FE,79,10,9,-0.44190456230439629,True,,19,19,False,60,59,0.011443120890961247,0.01613621861460689,774.5964920785641,-0.4419045623043974,1.1102230246251565e-15
restricted337,Llama,CounterFact,rewrite,d,unadjusted,79,10,9,-0.93844290680235121,True,,1,1,False,78,77,1,1,1,-0.93844290680235121,0
restricted337,Llama,CounterFact,rewrite,d,D_H_rank,79,10,9,-0.79655924630129138,True,,2,2,False,77,76,0.041478924325585052,0.22603608532451969,93.001250403908543,-0.79655924630129138,0
restricted337,Llama,CounterFact,rewrite,d,T_rank,79,10,9,-0.77366450382994845,True,,2,2,False,77,76,0.28572438368729869,0.13947712762578235,93.311040000198815,-0.77366450382994834,1.1102230246251565e-16
restricted337,Llama,CounterFact,rewrite,d,T_FE,79,10,9,-0.78647879244950269,True,,9,9,False,70,69,0.27028471352838446,0.12623756114015852,9.3487236311199453,-0.78647879244950225,4.4408920985006262e-16
restricted337,Llama,CounterFact,rewrite,d,D_H_rank+T_rank,79,10,9,-0.63214217007621021,True,,3,3,False,76,75,0.025188499297514363,0.078154684989251794,135.83739837518738,-0.63214217007621065,4.4408920985006262e-16
restricted337,Llama,CounterFact,rewrite,d,D_H_rank+T_FE,79,10,9,-0.59956525852093046,True,,10,10,False,69,68,0.022663884807516167,0.066053258851357793,474.90767569004714,-0.59956525852093046,0
restricted337,Llama,CounterFact,rewrite,d,T_FE+trajectory_FE,79,10,9,-0.78478305882313038,True,,18,18,False,61,60,0.084115152227720064,0.034779924823055461,11.137289103239091,-0.78478305882313004,3.3306690738754696e-16
restricted337,Llama,CounterFact,rewrite,d,D_H_rank+T_FE+trajectory_FE,79,10,9,-0.41512194858981472,True,,19,19,False,60,59,0.011699989186471183,0.01613621861460689,774.5964920785641,-0.41512194858981594,1.2212453270876722e-15
restricted337,Llama,CounterFact,locality,q,unadjusted,79,10,9,-0.91094760802324681,True,,1,1,False,78,77,1,1,1,-0.91094760802324681,0
restricted337,Llama,CounterFact,locality,q,D_H_rank,79,10,9,-0.20962635406744903,True,,2,2,False,77,76,0.065963387277679891,0.15204817959732359,93.001250403908543,-0.20962635406744909,5.5511151231257827e-17
restricted337,Llama,CounterFact,locality,q,T_rank,79,10,9,-0.78897639321687718,True,,2,2,False,77,76,0.38318245218196251,0.13947712762578235,93.311040000198815,-0.78897639321687707,1.1102230246251565e-16
restricted337,Llama,CounterFact,locality,q,T_FE,79,10,9,-0.82214796081362096,True,,9,9,False,70,69,0.38068561536915968,0.12623756114015852,9.3487236311199453,-0.82214796081362074,2.2204460492503131e-16
restricted337,Llama,CounterFact,locality,q,D_H_rank+T_rank,79,10,9,-0.23629184566350098,True,,3,3,False,76,75,0.065410329490870195,0.049674679439719982,135.50348695500966,-0.23629184566350073,2.4980018054066022e-16
restricted337,Llama,CounterFact,locality,q,D_H_rank+T_FE,79,10,9,-0.27342131583854784,True,,10,10,False,69,68,0.059313572821316107,0.039452805613838189,490.10535659396345,-0.27342131583854778,5.5511151231257827e-17
restricted337,Llama,CounterFact,locality,q,T_FE+trajectory_FE,79,10,9,-0.57312126461077562,True,,18,18,False,61,60,0.02594694247384122,0.034779924823055461,11.137289103239091,-0.5731212646107755,1.1102230246251565e-16
restricted337,Llama,CounterFact,locality,q,D_H_rank+T_FE+trajectory_FE,79,10,9,-0.25403334971684199,True,,19,19,False,60,59,0.0095350039067602435,0.023863746408520802,854.89319360959519,-0.25403334971684177,2.2204460492503131e-16
restricted337,Llama,CounterFact,locality,d,unadjusted,79,10,9,-0.91189698088945759,True,,1,1,False,78,77,1,1,1,-0.91189698088945759,0
restricted337,Llama,CounterFact,locality,d,D_H_rank,79,10,9,-0.22084893788842269,True,,2,2,False,77,76,0.066527930397286883,0.15204817959732359,93.001250403908543,-0.22084893788842272,2.7755575615628914e-17
restricted337,Llama,CounterFact,locality,d,T_rank,79,10,9,-0.78865968651576246,True,,2,2,False,77,76,0.38027337113712734,0.13947712762578235,93.311040000198815,-0.78865968651576268,2.2204460492503131e-16
restricted337,Llama,CounterFact,locality,d,T_FE,79,10,9,-0.82128563411025601,True,,9,9,False,70,69,0.3780284114619557,0.12623756114015852,9.3487236311199453,-0.82128563411025579,2.2204460492503131e-16
restricted337,Llama,CounterFact,locality,d,D_H_rank+T_rank,79,10,9,-0.23755945219540414,True,,3,3,False,76,75,0.065800375241533149,0.049674679439719982,135.50348695500966,-0.23755945219540422,8.3266726846886741e-17
restricted337,Llama,CounterFact,locality,d,D_H_rank+T_FE,79,10,9,-0.27139301932504689,True,,10,10,False,69,68,0.059503221075130508,0.039452805613838189,490.10535659396345,-0.27139301932504684,5.5511151231257827e-17
restricted337,Llama,CounterFact,locality,d,T_FE+trajectory_FE,79,10,9,-0.5729242168727432,True,,18,18,False,61,60,0.02582808391126656,0.034779924823055461,11.137289103239091,-0.5729242168727432,0
restricted337,Llama,CounterFact,locality,d,D_H_rank+T_FE+trajectory_FE,79,10,9,-0.25606442721955025,True,,19,19,False,60,59,0.0096668996696692901,0.023863746408520802,854.89319360959519,-0.25606442721955014,1.1102230246251565e-16
restricted337,GPT-2 XL,CounterFact,rewrite,q,unadjusted,90,10,9,-0.93764405742905266,True,,1,1,False,89,88,1,1,1,-0.93764405742905266,0
restricted337,GPT-2 XL,CounterFact,rewrite,q,D_H_rank,90,10,9,-0.86870662005065202,True,,2,2,False,88,87,0.082640178892650087,0.30139685716621822,105.69706857813772,-0.8687066200506518,2.2204460492503131e-16
restricted337,GPT-2 XL,CounterFact,rewrite,q,T_rank,90,10,9,-0.65349174212204486,True,,2,2,False,88,87,0.060031855784664766,0.20309196679700905,106.02962520666927,-0.65349174212204508,2.2204460492503131e-16
restricted337,GPT-2 XL,CounterFact,rewrite,q,T_FE,90,10,9,-0.65423516788485725,True,,9,9,False,81,80,0.054869325431123175,0.1915604033751801,9.8989794855663575,-0.65423516788485692,3.3306690738754696e-16
restricted337,GPT-2 XL,CounterFact,rewrite,q,D_H_rank+T_rank,90,10,9,-0.81398682834098435,True,,3,3,False,87,86,0.034739224660911963,0.20249488531528098,151.17577527713527,-0.81398682834098424,1.1102230246251565e-16
restricted337,GPT-2 XL,CounterFact,rewrite,q,D_H_rank+T_FE,90,10,9,-0.82661357693260951,True,,10,10,False,80,79,0.031897855371124759,0.19128740413925943,724.30165588859836,-0.82661357693260928,2.2204460492503131e-16
restricted337,GPT-2 XL,CounterFact,rewrite,q,T_FE+trajectory_FE,90,10,9,-0.67452693530855912,True,,18,18,False,72,71,0.012657438275415805,0.029958793533191561,11.560005606799649,-0.67452693530855901,1.1102230246251565e-16
restricted337,GPT-2 XL,CounterFact,rewrite,q,D_H_rank+T_FE+trajectory_FE,90,10,9,-0.59853598341522707,True,,19,19,False,71,70,0.0097452570371986975,0.02503731978860211,1265.5188239235631,-0.5985359834152274,3.3306690738754696e-16
restricted337,GPT-2 XL,CounterFact,rewrite,d,unadjusted,90,10,9,-0.93775930273701991,True,,1,1,False,89,88,1,1,1,-0.93775930273701991,0
restricted337,GPT-2 XL,CounterFact,rewrite,d,D_H_rank,90,10,9,-0.86695102980766359,True,,2,2,False,88,87,0.083649054716144394,0.30139685716621822,105.69706857813772,-0.86695102980766325,3.3306690738754696e-16
restricted337,GPT-2 XL,CounterFact,rewrite,d,T_rank,90,10,9,-0.65495087940163532,True,,2,2,False,88,87,0.059710636429737556,0.20309196679700905,106.02962520666927,-0.65495087940163543,1.1102230246251565e-16
restricted337,GPT-2 XL,CounterFact,rewrite,d,T_FE,90,10,9,-0.65550752867466833,True,,9,9,False,81,80,0.054661892414701416,0.1915604033751801,9.8989794855663575,-0.65550752867466844,1.1102230246251565e-16
restricted337,GPT-2 XL,CounterFact,rewrite,d,D_H_rank+T_rank,90,10,9,-0.81122688766769702,True,,3,3,False,87,86,0.034987673757793498,0.20249488531528098,151.17577527713527,-0.81122688766769713,1.1102230246251565e-16
restricted337,GPT-2 XL,CounterFact,rewrite,d,D_H_rank+T_FE,90,10,9,-0.82286073459998643,True,,10,10,False,80,79,0.032221813084304822,0.19128740413925943,724.30165588859836,-0.8228607345999861,3.3306690738754696e-16
restricted337,GPT-2 XL,CounterFact,rewrite,d,T_FE+trajectory_FE,90,10,9,-0.67968819001247571,True,,18,18,False,72,71,0.012790239307093236,0.029958793533191561,11.560005606799649,-0.67968819001247571,0
restricted337,GPT-2 XL,CounterFact,rewrite,d,D_H_rank+T_FE+trajectory_FE,90,10,9,-0.60530437991359476,True,,19,19,False,71,70,0.009879079027092303,0.02503731978860211,1265.5188239235631,-0.60530437991359476,0
restricted337,GPT-2 XL,CounterFact,locality,q,unadjusted,90,10,9,-0.83972670469547139,True,,1,1,False,89,88,1,1,1,-0.83972670469547139,0
restricted337,GPT-2 XL,CounterFact,locality,q,D_H_rank,90,10,9,-0.91712808063077933,True,,2,2,False,88,87,0.072806255578938009,0.53106591557519867,105.69706857813779,-0.91712808063077933,0
restricted337,GPT-2 XL,CounterFact,locality,q,T_rank,90,10,9,0.094036852440855676,True,,2,2,False,88,87,0.088400598153407145,0.20309196679700905,106.02962520666927,0.094036852440855953,2.7755575615628914e-16
restricted337,GPT-2 XL,CounterFact,locality,q,T_FE,90,10,9,0.13238800780092574,True,,9,9,False,81,80,0.084018603119726684,0.1915604033751801,9.8989794855663575,0.13238800780092572,2.7755575615628914e-17
restricted337,GPT-2 XL,CounterFact,locality,q,D_H_rank+T_rank,90,10,9,-0.71199012555981145,True,,3,3,False,87,86,0.014956594626269464,0.17093195611025036,152.41680763645101,-0.71199012555981145,0
restricted337,GPT-2 XL,CounterFact,locality,q,D_H_rank+T_FE,90,10,9,-0.7181996312696598,True,,10,10,False,80,79,0.013136447464413357,0.15710116712751027,599.15696474509207,-0.71819963126965969,1.1102230246251565e-16
restricted337,GPT-2 XL,CounterFact,locality,q,T_FE+trajectory_FE,90,10,9,-0.13274340066051177,True,,18,18,False,72,71,0.013607532708656304,0.029958793533191561,11.560005606799649,-0.13274340066051077,9.9920072216264089e-16
restricted337,GPT-2 XL,CounterFact,locality,q,D_H_rank+T_FE+trajectory_FE,90,10,9,-0.40093180063504302,True,,19,19,False,71,70,0.003836529492589879,0.029697008175438723,1342.6250634757105,-0.40093180063504258,4.4408920985006262e-16
restricted337,GPT-2 XL,CounterFact,locality,d,unadjusted,90,10,9,-0.83883766946258131,True,,1,1,False,89,88,1,1,1,-0.83883766946258131,0
restricted337,GPT-2 XL,CounterFact,locality,d,D_H_rank,90,10,9,-0.91791268647807878,True,,2,2,False,88,87,0.071632813526930045,0.53106591557519867,105.69706857813779,-0.91791268647807867,1.1102230246251565e-16
restricted337,GPT-2 XL,CounterFact,locality,d,T_rank,90,10,9,0.095576249515025732,True,,2,2,False,88,87,0.089665390788986277,0.20309196679700905,106.02962520666927,0.095576249515025996,2.6367796834847468e-16
restricted337,GPT-2 XL,CounterFact,locality,d,T_FE,90,10,9,0.13474111310032535,True,,9,9,False,81,80,0.085036012676462103,0.1915604033751801,9.8989794855663575,0.13474111310032527,8.3266726846886741e-17
restricted337,GPT-2 XL,CounterFact,locality,d,D_H_rank+T_rank,90,10,9,-0.71522920747307273,True,,3,3,False,87,86,0.014927561770999189,0.17093195611025036,152.41680763645101,-0.71522920747307284,1.1102230246251565e-16
restricted337,GPT-2 XL,CounterFact,locality,d,D_H_rank+T_FE,90,10,9,-0.72197388240107774,True,,10,10,False,80,79,0.012998904213746724,0.15710116712751027,599.15696474509207,-0.72197388240107807,3.3306690738754696e-16
restricted337,GPT-2 XL,CounterFact,locality,d,T_FE+trajectory_FE,90,10,9,-0.13425352943734475,True,,18,18,False,72,71,0.013501804063601807,0.029958793533191561,11.560005606799649,-0.13425352943734409,6.6613381477509392e-16
restricted337,GPT-2 XL,CounterFact,locality,d,D_H_rank+T_FE+trajectory_FE,90,10,9,-0.40790982925704572,True,,19,19,False,71,70,0.003739736247735625,0.029697008175438723,1342.6250634757105,-0.40790982925704544,2.7755575615628914e-16
