scope,dose_fraction,family,endpoint,metric,operation,n_states,n_cases_min,n_cases_max,mean_difference_pp
both_doses,0.25,locality,LOC,full,orthogonal,34,82,100,0.7036430036008295
both_doses,0.25,locality,LOC,full,parallel_minus_orthogonal,34,82,100,-0.784944803035975
both_doses,0.25,locality,LOC,full,parallel_only,34,82,100,-0.08130179943514547
both_doses,0.25,rephrase,GEN_TF,content_only,orthogonal,34,82,100,0.7049905911206359
both_doses,0.25,rephrase,GEN_TF,content_only,parallel_minus_orthogonal,34,82,100,-1.402239493382544
both_doses,0.25,rephrase,GEN_TF,content_only,parallel_only,34,82,100,-0.6972489022619082
both_doses,0.25,rephrase,GEN_TF,full,orthogonal,34,82,100,0.2554732945028528
both_doses,0.25,rephrase,GEN_TF,full,parallel_minus_orthogonal,34,82,100,-0.7316705818750942
both_doses,0.25,rephrase,GEN_TF,full,parallel_only,34,82,100,-0.4761972873722416
both_doses,0.25,rewrite,EFF_TF,content_only,orthogonal,34,82,100,0.6285831377099819
both_doses,0.25,rewrite,EFF_TF,content_only,parallel_minus_orthogonal,34,82,100,-1.2795184233254202
both_doses,0.25,rewrite,EFF_TF,content_only,parallel_only,34,82,100,-0.6509352856154383
both_doses,0.25,rewrite,EFF_TF,full,orthogonal,34,82,100,0.3411961110417079
both_doses,0.25,rewrite,EFF_TF,full,parallel_minus_orthogonal,34,82,100,-0.7489217396559551
both_doses,0.25,rewrite,EFF_TF,full,parallel_only,34,82,100,-0.40772562861424716
both_doses,0.5,locality,LOC,full,orthogonal,34,82,100,1.3623839453747948
both_doses,0.5,locality,LOC,full,parallel_minus_orthogonal,34,82,100,-1.9053146332982474
both_doses,0.5,locality,LOC,full,parallel_only,34,82,100,-0.5429306879234527
both_doses,0.5,rephrase,GEN_TF,content_only,orthogonal,34,82,100,0.5345523144734505
both_doses,0.5,rephrase,GEN_TF,content_only,parallel_minus_orthogonal,34,82,100,-1.942727200067442
both_doses,0.5,rephrase,GEN_TF,content_only,parallel_only,34,82,100,-1.4081748855939915
both_doses,0.5,rephrase,GEN_TF,full,orthogonal,34,82,100,-0.2793744563533154
both_doses,0.5,rephrase,GEN_TF,full,parallel_minus_orthogonal,34,82,100,-0.7146868626235009
both_doses,0.5,rephrase,GEN_TF,full,parallel_only,34,82,100,-0.9940613189768163
both_doses,0.5,rewrite,EFF_TF,content_only,orthogonal,34,82,100,0.28643065415394553
both_doses,0.5,rewrite,EFF_TF,content_only,parallel_minus_orthogonal,34,82,100,-2.4236756970891626
both_doses,0.5,rewrite,EFF_TF,content_only,parallel_only,34,82,100,-2.137245042935217
both_doses,0.5,rewrite,EFF_TF,full,orthogonal,34,82,100,-0.08775788759452044
both_doses,0.5,rewrite,EFF_TF,full,parallel_minus_orthogonal,34,82,100,-1.2853001721862234
both_doses,0.5,rewrite,EFF_TF,full,parallel_only,34,82,100,-1.373058059780744
dose_specific,0.25,locality,LOC,full,orthogonal,34,96,100,0.788261771484613
dose_specific,0.25,locality,LOC,full,parallel_minus_orthogonal,34,96,100,-0.9267435227662826
dose_specific,0.25,locality,LOC,full,parallel_only,34,96,100,-0.13848175128166956
dose_specific,0.25,rephrase,GEN_TF,content_only,orthogonal,34,96,100,0.7607486069508509
dose_specific,0.25,rephrase,GEN_TF,content_only,parallel_minus_orthogonal,34,96,100,-1.5050992094484363
dose_specific,0.25,rephrase,GEN_TF,content_only,parallel_only,34,96,100,-0.7443506024975856
dose_specific,0.25,rephrase,GEN_TF,full,orthogonal,34,96,100,0.27702762923351154
dose_specific,0.25,rephrase,GEN_TF,full,parallel_minus_orthogonal,34,96,100,-0.8017620033538772
dose_specific,0.25,rephrase,GEN_TF,full,parallel_only,34,96,100,-0.5247343741203657
dose_specific,0.25,rewrite,EFF_TF,content_only,orthogonal,34,96,100,0.6621660114894652
dose_specific,0.25,rewrite,EFF_TF,content_only,parallel_minus_orthogonal,34,96,100,-1.7090660942863038
dose_specific,0.25,rewrite,EFF_TF,content_only,parallel_only,34,96,100,-1.0469000827968387
dose_specific,0.25,rewrite,EFF_TF,full,orthogonal,34,96,100,0.3497463107131846
dose_specific,0.25,rewrite,EFF_TF,full,parallel_minus_orthogonal,34,96,100,-0.9688779507950218
dose_specific,0.25,rewrite,EFF_TF,full,parallel_only,34,96,100,-0.6191316400818372
dose_specific,0.5,locality,LOC,full,orthogonal,34,82,100,1.3623839453747948
dose_specific,0.5,locality,LOC,full,parallel_minus_orthogonal,34,82,100,-1.9053146332982474
dose_specific,0.5,locality,LOC,full,parallel_only,34,82,100,-0.5429306879234527
dose_specific,0.5,rephrase,GEN_TF,content_only,orthogonal,34,82,100,0.5345523144734505
dose_specific,0.5,rephrase,GEN_TF,content_only,parallel_minus_orthogonal,34,82,100,-1.942727200067442
dose_specific,0.5,rephrase,GEN_TF,content_only,parallel_only,34,82,100,-1.4081748855939915
dose_specific,0.5,rephrase,GEN_TF,full,orthogonal,34,82,100,-0.2793744563533154
dose_specific,0.5,rephrase,GEN_TF,full,parallel_minus_orthogonal,34,82,100,-0.7146868626235009
dose_specific,0.5,rephrase,GEN_TF,full,parallel_only,34,82,100,-0.9940613189768163
dose_specific,0.5,rewrite,EFF_TF,content_only,orthogonal,34,82,100,0.28643065415394553
dose_specific,0.5,rewrite,EFF_TF,content_only,parallel_minus_orthogonal,34,82,100,-2.4236756970891626
dose_specific,0.5,rewrite,EFF_TF,content_only,parallel_only,34,82,100,-2.137245042935217
dose_specific,0.5,rewrite,EFF_TF,full,orthogonal,34,82,100,-0.08775788759452044
dose_specific,0.5,rewrite,EFF_TF,full,parallel_minus_orthogonal,34,82,100,-1.2853001721862234
dose_specific,0.5,rewrite,EFF_TF,full,parallel_only,34,82,100,-1.373058059780744
