model,dataset,editor,method,order_id,edit_count,n_25,n_50,n_both,case_ids_25,case_ids_50,case_ids_both
GPT-2 XL,CounterFact,AlphaEdit,ENCORE,canonical,1000,100,100,100,7814|15122|12263|12387|1604|13652|8166|20110|19304|9420|14319|4946|18990|17458|5917|18555|16170|21070|2529|19310|16993|17003|14570|3336|21903|1770|19363|17443|13620|16296|7776|20913|2011|14202|20165|4818|4103|8982|15299|12891|8905|21615|16491|10975|11834|18234|20759|18304|3291|7142|899|15841|8494|19432|14856|19280|17509|5916|4866|9322|12597|21618|5870|8673|12146|8589|16044|623|19199|17388|505|4532|1597|3644|439|2628|5343|20804|16133|3515|8516|5600|1180|10936|11889|11316|1039|11187|19719|21573|5506|14847|107|17559|12413|11470|21515|20231|21401|3558,7814|15122|12263|12387|1604|13652|8166|20110|19304|9420|14319|4946|18990|17458|5917|18555|16170|21070|2529|19310|16993|17003|14570|3336|21903|1770|19363|17443|13620|16296|7776|20913|2011|14202|20165|4818|4103|8982|15299|12891|8905|21615|16491|10975|11834|18234|20759|18304|3291|7142|899|15841|8494|19432|14856|19280|17509|5916|4866|9322|12597|21618|5870|8673|12146|8589|16044|623|19199|17388|505|4532|1597|3644|439|2628|5343|20804|16133|3515|8516|5600|1180|10936|11889|11316|1039|11187|19719|21573|5506|14847|107|17559|12413|11470|21515|20231|21401|3558,7814|15122|12263|12387|1604|13652|8166|20110|19304|9420|14319|4946|18990|17458|5917|18555|16170|21070|2529|19310|16993|17003|14570|3336|21903|1770|19363|17443|13620|16296|7776|20913|2011|14202|20165|4818|4103|8982|15299|12891|8905|21615|16491|10975|11834|18234|20759|18304|3291|7142|899|15841|8494|19432|14856|19280|17509|5916|4866|9322|12597|21618|5870|8673|12146|8589|16044|623|19199|17388|505|4532|1597|3644|439|2628|5343|20804|16133|3515|8516|5600|1180|10936|11889|11316|1039|11187|19719|21573|5506|14847|107|17559|12413|11470|21515|20231|21401|3558
GPT-2 XL,CounterFact,AlphaEdit,NAS,canonical,1000,100,100,100,7814|15122|12263|12387|1604|13652|8166|20110|19304|9420|14319|4946|18990|17458|5917|18555|16170|21070|2529|19310|16993|17003|14570|3336|21903|1770|19363|17443|13620|16296|7776|20913|2011|14202|20165|4818|4103|8982|15299|12891|8905|21615|16491|10975|11834|18234|20759|18304|3291|7142|899|15841|8494|19432|14856|19280|17509|5916|4866|9322|12597|21618|5870|8673|12146|8589|16044|623|19199|17388|505|4532|1597|3644|439|2628|5343|20804|16133|3515|8516|5600|1180|10936|11889|11316|1039|11187|19719|21573|5506|14847|107|17559|12413|11470|21515|20231|21401|3558,7814|15122|12263|12387|1604|13652|8166|20110|19304|9420|14319|4946|18990|17458|5917|18555|16170|21070|2529|19310|16993|17003|14570|3336|21903|1770|19363|17443|13620|16296|7776|20913|2011|14202|20165|4818|4103|8982|15299|12891|8905|21615|16491|10975|11834|18234|20759|18304|3291|7142|899|15841|8494|19432|14856|19280|17509|5916|4866|9322|12597|21618|5870|8673|12146|8589|16044|623|19199|17388|505|4532|1597|3644|439|2628|5343|20804|16133|3515|8516|5600|1180|10936|11889|11316|1039|11187|19719|21573|5506|14847|107|17559|12413|11470|21515|20231|21401|3558,7814|15122|12263|12387|1604|13652|8166|20110|19304|9420|14319|4946|18990|17458|5917|18555|16170|21070|2529|19310|16993|17003|14570|3336|21903|1770|19363|17443|13620|16296|7776|20913|2011|14202|20165|4818|4103|8982|15299|12891|8905|21615|16491|10975|11834|18234|20759|18304|3291|7142|899|15841|8494|19432|14856|19280|17509|5916|4866|9322|12597|21618|5870|8673|12146|8589|16044|623|19199|17388|505|4532|1597|3644|439|2628|5343|20804|16133|3515|8516|5600|1180|10936|11889|11316|1039|11187|19719|21573|5506|14847|107|17559|12413|11470|21515|20231|21401|3558
GPT-2 XL,CounterFact,AlphaEdit,Native,canonical,1000,100,100,100,7814|15122|12263|12387|1604|13652|8166|20110|19304|9420|14319|4946|18990|17458|5917|18555|16170|21070|2529|19310|16993|17003|14570|3336|21903|1770|19363|17443|13620|16296|7776|20913|2011|14202|20165|4818|4103|8982|15299|12891|8905|21615|16491|10975|11834|18234|20759|18304|3291|7142|899|15841|8494|19432|14856|19280|17509|5916|4866|9322|12597|21618|5870|8673|12146|8589|16044|623|19199|17388|505|4532|1597|3644|439|2628|5343|20804|16133|3515|8516|5600|1180|10936|11889|11316|1039|11187|19719|21573|5506|14847|107|17559|12413|11470|21515|20231|21401|3558,7814|15122|12263|12387|1604|13652|8166|20110|19304|9420|14319|4946|18990|17458|5917|18555|16170|21070|2529|19310|16993|17003|14570|3336|21903|1770|19363|17443|13620|16296|7776|20913|2011|14202|20165|4818|4103|8982|15299|12891|8905|21615|16491|10975|11834|18234|20759|18304|3291|7142|899|15841|8494|19432|14856|19280|17509|5916|4866|9322|12597|21618|5870|8673|12146|8589|16044|623|19199|17388|505|4532|1597|3644|439|2628|5343|20804|16133|3515|8516|5600|1180|10936|11889|11316|1039|11187|19719|21573|5506|14847|107|17559|12413|11470|21515|20231|21401|3558,7814|15122|12263|12387|1604|13652|8166|20110|19304|9420|14319|4946|18990|17458|5917|18555|16170|21070|2529|19310|16993|17003|14570|3336|21903|1770|19363|17443|13620|16296|7776|20913|2011|14202|20165|4818|4103|8982|15299|12891|8905|21615|16491|10975|11834|18234|20759|18304|3291|7142|899|15841|8494|19432|14856|19280|17509|5916|4866|9322|12597|21618|5870|8673|12146|8589|16044|623|19199|17388|505|4532|1597|3644|439|2628|5343|20804|16133|3515|8516|5600|1180|10936|11889|11316|1039|11187|19719|21573|5506|14847|107|17559|12413|11470|21515|20231|21401|3558
GPT-2 XL,CounterFact,AlphaEdit,SADR,canonical,1000,100,100,100,7814|15122|12263|12387|1604|13652|8166|20110|19304|9420|14319|4946|18990|17458|5917|18555|16170|21070|2529|19310|16993|17003|14570|3336|21903|1770|19363|17443|13620|16296|7776|20913|2011|14202|20165|4818|4103|8982|15299|12891|8905|21615|16491|10975|11834|18234|20759|18304|3291|7142|899|15841|8494|19432|14856|19280|17509|5916|4866|9322|12597|21618|5870|8673|12146|8589|16044|623|19199|17388|505|4532|1597|3644|439|2628|5343|20804|16133|3515|8516|5600|1180|10936|11889|11316|1039|11187|19719|21573|5506|14847|107|17559|12413|11470|21515|20231|21401|3558,7814|15122|12263|12387|1604|13652|8166|20110|19304|9420|14319|4946|18990|17458|5917|18555|16170|21070|2529|19310|16993|17003|14570|3336|21903|1770|19363|17443|13620|16296|7776|20913|2011|14202|20165|4818|4103|8982|15299|12891|8905|21615|16491|10975|11834|18234|20759|18304|3291|7142|899|15841|8494|19432|14856|19280|17509|5916|4866|9322|12597|21618|5870|8673|12146|8589|16044|623|19199|17388|505|4532|1597|3644|439|2628|5343|20804|16133|3515|8516|5600|1180|10936|11889|11316|1039|11187|19719|21573|5506|14847|107|17559|12413|11470|21515|20231|21401|3558,7814|15122|12263|12387|1604|13652|8166|20110|19304|9420|14319|4946|18990|17458|5917|18555|16170|21070|2529|19310|16993|17003|14570|3336|21903|1770|19363|17443|13620|16296|7776|20913|2011|14202|20165|4818|4103|8982|15299|12891|8905|21615|16491|10975|11834|18234|20759|18304|3291|7142|899|15841|8494|19432|14856|19280|17509|5916|4866|9322|12597|21618|5870|8673|12146|8589|16044|623|19199|17388|505|4532|1597|3644|439|2628|5343|20804|16133|3515|8516|5600|1180|10936|11889|11316|1039|11187|19719|21573|5506|14847|107|17559|12413|11470|21515|20231|21401|3558
GPT-2 XL,CounterFact,AlphaEdit,SPHERE,canonical,1000,100,100,100,7814|15122|12263|12387|1604|13652|8166|20110|19304|9420|14319|4946|18990|17458|5917|18555|16170|21070|2529|19310|16993|17003|14570|3336|21903|1770|19363|17443|13620|16296|7776|20913|2011|14202|20165|4818|4103|8982|15299|12891|8905|21615|16491|10975|11834|18234|20759|18304|3291|7142|899|15841|8494|19432|14856|19280|17509|5916|4866|9322|12597|21618|5870|8673|12146|8589|16044|623|19199|17388|505|4532|1597|3644|439|2628|5343|20804|16133|3515|8516|5600|1180|10936|11889|11316|1039|11187|19719|21573|5506|14847|107|17559|12413|11470|21515|20231|21401|3558,7814|15122|12263|12387|1604|13652|8166|20110|19304|9420|14319|4946|18990|17458|5917|18555|16170|21070|2529|19310|16993|17003|14570|3336|21903|1770|19363|17443|13620|16296|7776|20913|2011|14202|20165|4818|4103|8982|15299|12891|8905|21615|16491|10975|11834|18234|20759|18304|3291|7142|899|15841|8494|19432|14856|19280|17509|5916|4866|9322|12597|21618|5870|8673|12146|8589|16044|623|19199|17388|505|4532|1597|3644|439|2628|5343|20804|16133|3515|8516|5600|1180|10936|11889|11316|1039|11187|19719|21573|5506|14847|107|17559|12413|11470|21515|20231|21401|3558,7814|15122|12263|12387|1604|13652|8166|20110|19304|9420|14319|4946|18990|17458|5917|18555|16170|21070|2529|19310|16993|17003|14570|3336|21903|1770|19363|17443|13620|16296|7776|20913|2011|14202|20165|4818|4103|8982|15299|12891|8905|21615|16491|10975|11834|18234|20759|18304|3291|7142|899|15841|8494|19432|14856|19280|17509|5916|4866|9322|12597|21618|5870|8673|12146|8589|16044|623|19199|17388|505|4532|1597|3644|439|2628|5343|20804|16133|3515|8516|5600|1180|10936|11889|11316|1039|11187|19719|21573|5506|14847|107|17559|12413|11470|21515|20231|21401|3558
GPT-2 XL,CounterFact,MEMIT,ENCORE,canonical,1000,100,100,100,7814|15122|12263|12387|1604|13652|8166|20110|19304|9420|14319|4946|18990|17458|5917|18555|16170|21070|2529|19310|16993|17003|14570|3336|21903|1770|19363|17443|13620|16296|7776|20913|2011|14202|20165|4818|4103|8982|15299|12891|8905|21615|16491|10975|11834|18234|20759|18304|3291|7142|899|15841|8494|19432|14856|19280|17509|5916|4866|9322|12597|21618|5870|8673|12146|8589|16044|623|19199|17388|505|4532|1597|3644|439|2628|5343|20804|16133|3515|8516|5600|1180|10936|11889|11316|1039|11187|19719|21573|5506|14847|107|17559|12413|11470|21515|20231|21401|3558,7814|15122|12263|12387|1604|13652|8166|20110|19304|9420|14319|4946|18990|17458|5917|18555|16170|21070|2529|19310|16993|17003|14570|3336|21903|1770|19363|17443|13620|16296|7776|20913|2011|14202|20165|4818|4103|8982|15299|12891|8905|21615|16491|10975|11834|18234|20759|18304|3291|7142|899|15841|8494|19432|14856|19280|17509|5916|4866|9322|12597|21618|5870|8673|12146|8589|16044|623|19199|17388|505|4532|1597|3644|439|2628|5343|20804|16133|3515|8516|5600|1180|10936|11889|11316|1039|11187|19719|21573|5506|14847|107|17559|12413|11470|21515|20231|21401|3558,7814|15122|12263|12387|1604|13652|8166|20110|19304|9420|14319|4946|18990|17458|5917|18555|16170|21070|2529|19310|16993|17003|14570|3336|21903|1770|19363|17443|13620|16296|7776|20913|2011|14202|20165|4818|4103|8982|15299|12891|8905|21615|16491|10975|11834|18234|20759|18304|3291|7142|899|15841|8494|19432|14856|19280|17509|5916|4866|9322|12597|21618|5870|8673|12146|8589|16044|623|19199|17388|505|4532|1597|3644|439|2628|5343|20804|16133|3515|8516|5600|1180|10936|11889|11316|1039|11187|19719|21573|5506|14847|107|17559|12413|11470|21515|20231|21401|3558
GPT-2 XL,CounterFact,MEMIT,NAS,canonical,1000,100,100,100,7814|15122|12263|12387|1604|13652|8166|20110|19304|9420|14319|4946|18990|17458|5917|18555|16170|21070|2529|19310|16993|17003|14570|3336|21903|1770|19363|17443|13620|16296|7776|20913|2011|14202|20165|4818|4103|8982|15299|12891|8905|21615|16491|10975|11834|18234|20759|18304|3291|7142|899|15841|8494|19432|14856|19280|17509|5916|4866|9322|12597|21618|5870|8673|12146|8589|16044|623|19199|17388|505|4532|1597|3644|439|2628|5343|20804|16133|3515|8516|5600|1180|10936|11889|11316|1039|11187|19719|21573|5506|14847|107|17559|12413|11470|21515|20231|21401|3558,7814|15122|12263|12387|1604|13652|8166|20110|19304|9420|14319|4946|18990|17458|5917|18555|16170|21070|2529|19310|16993|17003|14570|3336|21903|1770|19363|17443|13620|16296|7776|20913|2011|14202|20165|4818|4103|8982|15299|12891|8905|21615|16491|10975|11834|18234|20759|18304|3291|7142|899|15841|8494|19432|14856|19280|17509|5916|4866|9322|12597|21618|5870|8673|12146|8589|16044|623|19199|17388|505|4532|1597|3644|439|2628|5343|20804|16133|3515|8516|5600|1180|10936|11889|11316|1039|11187|19719|21573|5506|14847|107|17559|12413|11470|21515|20231|21401|3558,7814|15122|12263|12387|1604|13652|8166|20110|19304|9420|14319|4946|18990|17458|5917|18555|16170|21070|2529|19310|16993|17003|14570|3336|21903|1770|19363|17443|13620|16296|7776|20913|2011|14202|20165|4818|4103|8982|15299|12891|8905|21615|16491|10975|11834|18234|20759|18304|3291|7142|899|15841|8494|19432|14856|19280|17509|5916|4866|9322|12597|21618|5870|8673|12146|8589|16044|623|19199|17388|505|4532|1597|3644|439|2628|5343|20804|16133|3515|8516|5600|1180|10936|11889|11316|1039|11187|19719|21573|5506|14847|107|17559|12413|11470|21515|20231|21401|3558
GPT-2 XL,CounterFact,MEMIT,Native,canonical,1000,100,100,100,7814|15122|12263|12387|1604|13652|8166|20110|19304|9420|14319|4946|18990|17458|5917|18555|16170|21070|2529|19310|16993|17003|14570|3336|21903|1770|19363|17443|13620|16296|7776|20913|2011|14202|20165|4818|4103|8982|15299|12891|8905|21615|16491|10975|11834|18234|20759|18304|3291|7142|899|15841|8494|19432|14856|19280|17509|5916|4866|9322|12597|21618|5870|8673|12146|8589|16044|623|19199|17388|505|4532|1597|3644|439|2628|5343|20804|16133|3515|8516|5600|1180|10936|11889|11316|1039|11187|19719|21573|5506|14847|107|17559|12413|11470|21515|20231|21401|3558,7814|15122|12263|12387|1604|13652|8166|20110|19304|9420|14319|4946|18990|17458|5917|18555|16170|21070|2529|19310|16993|17003|14570|3336|21903|1770|19363|17443|13620|16296|7776|20913|2011|14202|20165|4818|4103|8982|15299|12891|8905|21615|16491|10975|11834|18234|20759|18304|3291|7142|899|15841|8494|19432|14856|19280|17509|5916|4866|9322|12597|21618|5870|8673|12146|8589|16044|623|19199|17388|505|4532|1597|3644|439|2628|5343|20804|16133|3515|8516|5600|1180|10936|11889|11316|1039|11187|19719|21573|5506|14847|107|17559|12413|11470|21515|20231|21401|3558,7814|15122|12263|12387|1604|13652|8166|20110|19304|9420|14319|4946|18990|17458|5917|18555|16170|21070|2529|19310|16993|17003|14570|3336|21903|1770|19363|17443|13620|16296|7776|20913|2011|14202|20165|4818|4103|8982|15299|12891|8905|21615|16491|10975|11834|18234|20759|18304|3291|7142|899|15841|8494|19432|14856|19280|17509|5916|4866|9322|12597|21618|5870|8673|12146|8589|16044|623|19199|17388|505|4532|1597|3644|439|2628|5343|20804|16133|3515|8516|5600|1180|10936|11889|11316|1039|11187|19719|21573|5506|14847|107|17559|12413|11470|21515|20231|21401|3558
GPT-2 XL,CounterFact,MEMIT,SADR,canonical,1000,100,100,100,7814|15122|12263|12387|1604|13652|8166|20110|19304|9420|14319|4946|18990|17458|5917|18555|16170|21070|2529|19310|16993|17003|14570|3336|21903|1770|19363|17443|13620|16296|7776|20913|2011|14202|20165|4818|4103|8982|15299|12891|8905|21615|16491|10975|11834|18234|20759|18304|3291|7142|899|15841|8494|19432|14856|19280|17509|5916|4866|9322|12597|21618|5870|8673|12146|8589|16044|623|19199|17388|505|4532|1597|3644|439|2628|5343|20804|16133|3515|8516|5600|1180|10936|11889|11316|1039|11187|19719|21573|5506|14847|107|17559|12413|11470|21515|20231|21401|3558,7814|15122|12263|12387|1604|13652|8166|20110|19304|9420|14319|4946|18990|17458|5917|18555|16170|21070|2529|19310|16993|17003|14570|3336|21903|1770|19363|17443|13620|16296|7776|20913|2011|14202|20165|4818|4103|8982|15299|12891|8905|21615|16491|10975|11834|18234|20759|18304|3291|7142|899|15841|8494|19432|14856|19280|17509|5916|4866|9322|12597|21618|5870|8673|12146|8589|16044|623|19199|17388|505|4532|1597|3644|439|2628|5343|20804|16133|3515|8516|5600|1180|10936|11889|11316|1039|11187|19719|21573|5506|14847|107|17559|12413|11470|21515|20231|21401|3558,7814|15122|12263|12387|1604|13652|8166|20110|19304|9420|14319|4946|18990|17458|5917|18555|16170|21070|2529|19310|16993|17003|14570|3336|21903|1770|19363|17443|13620|16296|7776|20913|2011|14202|20165|4818|4103|8982|15299|12891|8905|21615|16491|10975|11834|18234|20759|18304|3291|7142|899|15841|8494|19432|14856|19280|17509|5916|4866|9322|12597|21618|5870|8673|12146|8589|16044|623|19199|17388|505|4532|1597|3644|439|2628|5343|20804|16133|3515|8516|5600|1180|10936|11889|11316|1039|11187|19719|21573|5506|14847|107|17559|12413|11470|21515|20231|21401|3558
GPT-2 XL,CounterFact,MEMIT,SPHERE,canonical,1000,100,100,100,7814|15122|12263|12387|1604|13652|8166|20110|19304|9420|14319|4946|18990|17458|5917|18555|16170|21070|2529|19310|16993|17003|14570|3336|21903|1770|19363|17443|13620|16296|7776|20913|2011|14202|20165|4818|4103|8982|15299|12891|8905|21615|16491|10975|11834|18234|20759|18304|3291|7142|899|15841|8494|19432|14856|19280|17509|5916|4866|9322|12597|21618|5870|8673|12146|8589|16044|623|19199|17388|505|4532|1597|3644|439|2628|5343|20804|16133|3515|8516|5600|1180|10936|11889|11316|1039|11187|19719|21573|5506|14847|107|17559|12413|11470|21515|20231|21401|3558,7814|15122|12263|12387|1604|13652|8166|20110|19304|9420|14319|4946|18990|17458|5917|18555|16170|21070|2529|19310|16993|17003|14570|3336|21903|1770|19363|17443|13620|16296|7776|20913|2011|14202|20165|4818|4103|8982|15299|12891|8905|21615|16491|10975|11834|18234|20759|18304|3291|7142|899|15841|8494|19432|14856|19280|17509|5916|4866|9322|12597|21618|5870|8673|12146|8589|16044|623|19199|17388|505|4532|1597|3644|439|2628|5343|20804|16133|3515|8516|5600|1180|10936|11889|11316|1039|11187|19719|21573|5506|14847|107|17559|12413|11470|21515|20231|21401|3558,7814|15122|12263|12387|1604|13652|8166|20110|19304|9420|14319|4946|18990|17458|5917|18555|16170|21070|2529|19310|16993|17003|14570|3336|21903|1770|19363|17443|13620|16296|7776|20913|2011|14202|20165|4818|4103|8982|15299|12891|8905|21615|16491|10975|11834|18234|20759|18304|3291|7142|899|15841|8494|19432|14856|19280|17509|5916|4866|9322|12597|21618|5870|8673|12146|8589|16044|623|19199|17388|505|4532|1597|3644|439|2628|5343|20804|16133|3515|8516|5600|1180|10936|11889|11316|1039|11187|19719|21573|5506|14847|107|17559|12413|11470|21515|20231|21401|3558
GPT-2 XL,zsRE,AlphaEdit,ENCORE,canonical,1000,100,100,100,14|29|30|40|55|61|82|99|100|101|105|108|123|164|171|182|183|190|196|208|212|214|215|217|236|245|246|252|258|262|270|278|283|307|315|337|339|351|364|382|384|399|407|409|415|420|476|482|489|493|495|526|539|560|562|575|578|587|597|601|617|636|637|681|684|701|708|709|734|738|749|751|753|759|760|774|777|779|788|794|800|804|810|834|868|877|902|905|906|911|915|920|937|940|945|958|979|993|996|997,14|29|30|40|55|61|82|99|100|101|105|108|123|164|171|182|183|190|196|208|212|214|215|217|236|245|246|252|258|262|270|278|283|307|315|337|339|351|364|382|384|399|407|409|415|420|476|482|489|493|495|526|539|560|562|575|578|587|597|601|617|636|637|681|684|701|708|709|734|738|749|751|753|759|760|774|777|779|788|794|800|804|810|834|868|877|902|905|906|911|915|920|937|940|945|958|979|993|996|997,14|29|30|40|55|61|82|99|100|101|105|108|123|164|171|182|183|190|196|208|212|214|215|217|236|245|246|252|258|262|270|278|283|307|315|337|339|351|364|382|384|399|407|409|415|420|476|482|489|493|495|526|539|560|562|575|578|587|597|601|617|636|637|681|684|701|708|709|734|738|749|751|753|759|760|774|777|779|788|794|800|804|810|834|868|877|902|905|906|911|915|920|937|940|945|958|979|993|996|997
GPT-2 XL,zsRE,AlphaEdit,NAS,canonical,1000,100,100,100,14|29|30|40|55|61|82|99|100|101|105|108|123|164|171|182|183|190|196|208|212|214|215|217|236|245|246|252|258|262|270|278|283|307|315|337|339|351|364|382|384|399|407|409|415|420|476|482|489|493|495|526|539|560|562|575|578|587|597|601|617|636|637|681|684|701|708|709|734|738|749|751|753|759|760|774|777|779|788|794|800|804|810|834|868|877|902|905|906|911|915|920|937|940|945|958|979|993|996|997,14|29|30|40|55|61|82|99|100|101|105|108|123|164|171|182|183|190|196|208|212|214|215|217|236|245|246|252|258|262|270|278|283|307|315|337|339|351|364|382|384|399|407|409|415|420|476|482|489|493|495|526|539|560|562|575|578|587|597|601|617|636|637|681|684|701|708|709|734|738|749|751|753|759|760|774|777|779|788|794|800|804|810|834|868|877|902|905|906|911|915|920|937|940|945|958|979|993|996|997,14|29|30|40|55|61|82|99|100|101|105|108|123|164|171|182|183|190|196|208|212|214|215|217|236|245|246|252|258|262|270|278|283|307|315|337|339|351|364|382|384|399|407|409|415|420|476|482|489|493|495|526|539|560|562|575|578|587|597|601|617|636|637|681|684|701|708|709|734|738|749|751|753|759|760|774|777|779|788|794|800|804|810|834|868|877|902|905|906|911|915|920|937|940|945|958|979|993|996|997
GPT-2 XL,zsRE,AlphaEdit,Native,canonical,1000,100,100,100,14|29|30|40|55|61|82|99|100|101|105|108|123|164|171|182|183|190|196|208|212|214|215|217|236|245|246|252|258|262|270|278|283|307|315|337|339|351|364|382|384|399|407|409|415|420|476|482|489|493|495|526|539|560|562|575|578|587|597|601|617|636|637|681|684|701|708|709|734|738|749|751|753|759|760|774|777|779|788|794|800|804|810|834|868|877|902|905|906|911|915|920|937|940|945|958|979|993|996|997,14|29|30|40|55|61|82|99|100|101|105|108|123|164|171|182|183|190|196|208|212|214|215|217|236|245|246|252|258|262|270|278|283|307|315|337|339|351|364|382|384|399|407|409|415|420|476|482|489|493|495|526|539|560|562|575|578|587|597|601|617|636|637|681|684|701|708|709|734|738|749|751|753|759|760|774|777|779|788|794|800|804|810|834|868|877|902|905|906|911|915|920|937|940|945|958|979|993|996|997,14|29|30|40|55|61|82|99|100|101|105|108|123|164|171|182|183|190|196|208|212|214|215|217|236|245|246|252|258|262|270|278|283|307|315|337|339|351|364|382|384|399|407|409|415|420|476|482|489|493|495|526|539|560|562|575|578|587|597|601|617|636|637|681|684|701|708|709|734|738|749|751|753|759|760|774|777|779|788|794|800|804|810|834|868|877|902|905|906|911|915|920|937|940|945|958|979|993|996|997
GPT-2 XL,zsRE,AlphaEdit,SADR,canonical,1000,100,100,100,14|29|30|40|55|61|82|99|100|101|105|108|123|164|171|182|183|190|196|208|212|214|215|217|236|245|246|252|258|262|270|278|283|307|315|337|339|351|364|382|384|399|407|409|415|420|476|482|489|493|495|526|539|560|562|575|578|587|597|601|617|636|637|681|684|701|708|709|734|738|749|751|753|759|760|774|777|779|788|794|800|804|810|834|868|877|902|905|906|911|915|920|937|940|945|958|979|993|996|997,14|29|30|40|55|61|82|99|100|101|105|108|123|164|171|182|183|190|196|208|212|214|215|217|236|245|246|252|258|262|270|278|283|307|315|337|339|351|364|382|384|399|407|409|415|420|476|482|489|493|495|526|539|560|562|575|578|587|597|601|617|636|637|681|684|701|708|709|734|738|749|751|753|759|760|774|777|779|788|794|800|804|810|834|868|877|902|905|906|911|915|920|937|940|945|958|979|993|996|997,14|29|30|40|55|61|82|99|100|101|105|108|123|164|171|182|183|190|196|208|212|214|215|217|236|245|246|252|258|262|270|278|283|307|315|337|339|351|364|382|384|399|407|409|415|420|476|482|489|493|495|526|539|560|562|575|578|587|597|601|617|636|637|681|684|701|708|709|734|738|749|751|753|759|760|774|777|779|788|794|800|804|810|834|868|877|902|905|906|911|915|920|937|940|945|958|979|993|996|997
GPT-2 XL,zsRE,AlphaEdit,SPHERE,canonical,1000,100,100,100,14|29|30|40|55|61|82|99|100|101|105|108|123|164|171|182|183|190|196|208|212|214|215|217|236|245|246|252|258|262|270|278|283|307|315|337|339|351|364|382|384|399|407|409|415|420|476|482|489|493|495|526|539|560|562|575|578|587|597|601|617|636|637|681|684|701|708|709|734|738|749|751|753|759|760|774|777|779|788|794|800|804|810|834|868|877|902|905|906|911|915|920|937|940|945|958|979|993|996|997,14|29|30|40|55|61|82|99|100|101|105|108|123|164|171|182|183|190|196|208|212|214|215|217|236|245|246|252|258|262|270|278|283|307|315|337|339|351|364|382|384|399|407|409|415|420|476|482|489|493|495|526|539|560|562|575|578|587|597|601|617|636|637|681|684|701|708|709|734|738|749|751|753|759|760|774|777|779|788|794|800|804|810|834|868|877|902|905|906|911|915|920|937|940|945|958|979|993|996|997,14|29|30|40|55|61|82|99|100|101|105|108|123|164|171|182|183|190|196|208|212|214|215|217|236|245|246|252|258|262|270|278|283|307|315|337|339|351|364|382|384|399|407|409|415|420|476|482|489|493|495|526|539|560|562|575|578|587|597|601|617|636|637|681|684|701|708|709|734|738|749|751|753|759|760|774|777|779|788|794|800|804|810|834|868|877|902|905|906|911|915|920|937|940|945|958|979|993|996|997
GPT-2 XL,zsRE,MEMIT,ENCORE,canonical,1000,100,100,100,14|29|30|40|55|61|82|99|100|101|105|108|123|164|171|182|183|190|196|208|212|214|215|217|236|245|246|252|258|262|270|278|283|307|315|337|339|351|364|382|384|399|407|409|415|420|476|482|489|493|495|526|539|560|562|575|578|587|597|601|617|636|637|681|684|701|708|709|734|738|749|751|753|759|760|774|777|779|788|794|800|804|810|834|868|877|902|905|906|911|915|920|937|940|945|958|979|993|996|997,14|29|30|40|55|61|82|99|100|101|105|108|123|164|171|182|183|190|196|208|212|214|215|217|236|245|246|252|258|262|270|278|283|307|315|337|339|351|364|382|384|399|407|409|415|420|476|482|489|493|495|526|539|560|562|575|578|587|597|601|617|636|637|681|684|701|708|709|734|738|749|751|753|759|760|774|777|779|788|794|800|804|810|834|868|877|902|905|906|911|915|920|937|940|945|958|979|993|996|997,14|29|30|40|55|61|82|99|100|101|105|108|123|164|171|182|183|190|196|208|212|214|215|217|236|245|246|252|258|262|270|278|283|307|315|337|339|351|364|382|384|399|407|409|415|420|476|482|489|493|495|526|539|560|562|575|578|587|597|601|617|636|637|681|684|701|708|709|734|738|749|751|753|759|760|774|777|779|788|794|800|804|810|834|868|877|902|905|906|911|915|920|937|940|945|958|979|993|996|997
GPT-2 XL,zsRE,MEMIT,NAS,canonical,1000,100,100,100,14|29|30|40|55|61|82|99|100|101|105|108|123|164|171|182|183|190|196|208|212|214|215|217|236|245|246|252|258|262|270|278|283|307|315|337|339|351|364|382|384|399|407|409|415|420|476|482|489|493|495|526|539|560|562|575|578|587|597|601|617|636|637|681|684|701|708|709|734|738|749|751|753|759|760|774|777|779|788|794|800|804|810|834|868|877|902|905|906|911|915|920|937|940|945|958|979|993|996|997,14|29|30|40|55|61|82|99|100|101|105|108|123|164|171|182|183|190|196|208|212|214|215|217|236|245|246|252|258|262|270|278|283|307|315|337|339|351|364|382|384|399|407|409|415|420|476|482|489|493|495|526|539|560|562|575|578|587|597|601|617|636|637|681|684|701|708|709|734|738|749|751|753|759|760|774|777|779|788|794|800|804|810|834|868|877|902|905|906|911|915|920|937|940|945|958|979|993|996|997,14|29|30|40|55|61|82|99|100|101|105|108|123|164|171|182|183|190|196|208|212|214|215|217|236|245|246|252|258|262|270|278|283|307|315|337|339|351|364|382|384|399|407|409|415|420|476|482|489|493|495|526|539|560|562|575|578|587|597|601|617|636|637|681|684|701|708|709|734|738|749|751|753|759|760|774|777|779|788|794|800|804|810|834|868|877|902|905|906|911|915|920|937|940|945|958|979|993|996|997
GPT-2 XL,zsRE,MEMIT,Native,canonical,1000,100,93,93,14|29|30|40|55|61|82|99|100|101|105|108|123|164|171|182|183|190|196|208|212|214|215|217|236|245|246|252|258|262|270|278|283|307|315|337|339|351|364|382|384|399|407|409|415|420|476|482|489|493|495|526|539|560|562|575|578|587|597|601|617|636|637|681|684|701|708|709|734|738|749|751|753|759|760|774|777|779|788|794|800|804|810|834|868|877|902|905|906|911|915|920|937|940|945|958|979|993|996|997,29|30|40|55|61|82|99|100|101|105|108|123|164|171|182|183|190|208|212|214|215|217|236|245|246|252|258|262|270|278|283|307|315|337|339|364|382|384|399|407|409|415|420|476|482|489|493|495|526|539|560|562|575|578|587|597|617|636|637|681|684|701|708|709|734|738|749|751|759|760|774|777|779|788|794|800|810|834|868|877|902|905|906|915|920|937|940|945|958|979|993|996|997,29|30|40|55|61|82|99|100|101|105|108|123|164|171|182|183|190|208|212|214|215|217|236|245|246|252|258|262|270|278|283|307|315|337|339|364|382|384|399|407|409|415|420|476|482|489|493|495|526|539|560|562|575|578|587|597|617|636|637|681|684|701|708|709|734|738|749|751|759|760|774|777|779|788|794|800|810|834|868|877|902|905|906|915|920|937|940|945|958|979|993|996|997
GPT-2 XL,zsRE,MEMIT,SADR,canonical,1000,96,83,83,14|29|30|40|55|61|82|99|100|101|105|108|164|171|182|183|190|208|212|214|215|217|236|245|246|252|258|262|270|278|283|307|315|337|339|351|364|382|384|399|407|409|415|420|476|482|489|493|495|526|539|560|562|575|578|587|597|617|636|637|681|684|701|708|709|734|738|749|751|753|759|760|774|777|779|788|794|800|810|834|868|877|902|905|906|911|915|920|937|940|945|958|979|993|996|997,14|40|55|61|82|99|100|101|105|108|164|171|182|183|190|208|212|214|215|217|236|246|252|258|262|270|278|283|307|315|337|339|364|382|384|399|407|409|415|420|476|482|489|493|526|539|560|562|575|578|587|636|681|684|701|709|734|738|749|751|753|760|774|777|779|788|794|800|834|868|877|902|905|906|915|920|937|940|945|958|979|996|997,14|40|55|61|82|99|100|101|105|108|164|171|182|183|190|208|212|214|215|217|236|246|252|258|262|270|278|283|307|315|337|339|364|382|384|399|407|409|415|420|476|482|489|493|526|539|560|562|575|578|587|636|681|684|701|709|734|738|749|751|753|760|774|777|779|788|794|800|834|868|877|902|905|906|915|920|937|940|945|958|979|996|997
GPT-2 XL,zsRE,MEMIT,SPHERE,canonical,1000,100,100,100,14|29|30|40|55|61|82|99|100|101|105|108|123|164|171|182|183|190|196|208|212|214|215|217|236|245|246|252|258|262|270|278|283|307|315|337|339|351|364|382|384|399|407|409|415|420|476|482|489|493|495|526|539|560|562|575|578|587|597|601|617|636|637|681|684|701|708|709|734|738|749|751|753|759|760|774|777|779|788|794|800|804|810|834|868|877|902|905|906|911|915|920|937|940|945|958|979|993|996|997,14|29|30|40|55|61|82|99|100|101|105|108|123|164|171|182|183|190|196|208|212|214|215|217|236|245|246|252|258|262|270|278|283|307|315|337|339|351|364|382|384|399|407|409|415|420|476|482|489|493|495|526|539|560|562|575|578|587|597|601|617|636|637|681|684|701|708|709|734|738|749|751|753|759|760|774|777|779|788|794|800|804|810|834|868|877|902|905|906|911|915|920|937|940|945|958|979|993|996|997,14|29|30|40|55|61|82|99|100|101|105|108|123|164|171|182|183|190|196|208|212|214|215|217|236|245|246|252|258|262|270|278|283|307|315|337|339|351|364|382|384|399|407|409|415|420|476|482|489|493|495|526|539|560|562|575|578|587|597|601|617|636|637|681|684|701|708|709|734|738|749|751|753|759|760|774|777|779|788|794|800|804|810|834|868|877|902|905|906|911|915|920|937|940|945|958|979|993|996|997
Llama,CounterFact,AlphaEdit,ENCORE,canonical,1000,100,100,100,7814|15122|12263|12387|1604|13652|8166|20110|19304|9420|14319|4946|18990|17458|5917|18555|16170|21070|2529|19310|16993|17003|14570|3336|21903|1770|19363|17443|13620|16296|7776|20913|2011|14202|20165|4818|4103|8982|15299|12891|8905|21615|16491|10975|11834|18234|20759|18304|3291|7142|899|15841|8494|19432|14856|19280|17509|5916|4866|9322|12597|21618|5870|8673|12146|8589|16044|623|19199|17388|505|4532|1597|3644|439|2628|5343|20804|16133|3515|8516|5600|1180|10936|11889|11316|1039|11187|19719|21573|5506|14847|107|17559|12413|11470|21515|20231|21401|3558,7814|15122|12263|12387|1604|13652|8166|20110|19304|9420|14319|4946|18990|17458|5917|18555|16170|21070|2529|19310|16993|17003|14570|3336|21903|1770|19363|17443|13620|16296|7776|20913|2011|14202|20165|4818|4103|8982|15299|12891|8905|21615|16491|10975|11834|18234|20759|18304|3291|7142|899|15841|8494|19432|14856|19280|17509|5916|4866|9322|12597|21618|5870|8673|12146|8589|16044|623|19199|17388|505|4532|1597|3644|439|2628|5343|20804|16133|3515|8516|5600|1180|10936|11889|11316|1039|11187|19719|21573|5506|14847|107|17559|12413|11470|21515|20231|21401|3558,7814|15122|12263|12387|1604|13652|8166|20110|19304|9420|14319|4946|18990|17458|5917|18555|16170|21070|2529|19310|16993|17003|14570|3336|21903|1770|19363|17443|13620|16296|7776|20913|2011|14202|20165|4818|4103|8982|15299|12891|8905|21615|16491|10975|11834|18234|20759|18304|3291|7142|899|15841|8494|19432|14856|19280|17509|5916|4866|9322|12597|21618|5870|8673|12146|8589|16044|623|19199|17388|505|4532|1597|3644|439|2628|5343|20804|16133|3515|8516|5600|1180|10936|11889|11316|1039|11187|19719|21573|5506|14847|107|17559|12413|11470|21515|20231|21401|3558
Llama,CounterFact,AlphaEdit,NAS,canonical,1000,100,100,100,7814|15122|12263|12387|1604|13652|8166|20110|19304|9420|14319|4946|18990|17458|5917|18555|16170|21070|2529|19310|16993|17003|14570|3336|21903|1770|19363|17443|13620|16296|7776|20913|2011|14202|20165|4818|4103|8982|15299|12891|8905|21615|16491|10975|11834|18234|20759|18304|3291|7142|899|15841|8494|19432|14856|19280|17509|5916|4866|9322|12597|21618|5870|8673|12146|8589|16044|623|19199|17388|505|4532|1597|3644|439|2628|5343|20804|16133|3515|8516|5600|1180|10936|11889|11316|1039|11187|19719|21573|5506|14847|107|17559|12413|11470|21515|20231|21401|3558,7814|15122|12263|12387|1604|13652|8166|20110|19304|9420|14319|4946|18990|17458|5917|18555|16170|21070|2529|19310|16993|17003|14570|3336|21903|1770|19363|17443|13620|16296|7776|20913|2011|14202|20165|4818|4103|8982|15299|12891|8905|21615|16491|10975|11834|18234|20759|18304|3291|7142|899|15841|8494|19432|14856|19280|17509|5916|4866|9322|12597|21618|5870|8673|12146|8589|16044|623|19199|17388|505|4532|1597|3644|439|2628|5343|20804|16133|3515|8516|5600|1180|10936|11889|11316|1039|11187|19719|21573|5506|14847|107|17559|12413|11470|21515|20231|21401|3558,7814|15122|12263|12387|1604|13652|8166|20110|19304|9420|14319|4946|18990|17458|5917|18555|16170|21070|2529|19310|16993|17003|14570|3336|21903|1770|19363|17443|13620|16296|7776|20913|2011|14202|20165|4818|4103|8982|15299|12891|8905|21615|16491|10975|11834|18234|20759|18304|3291|7142|899|15841|8494|19432|14856|19280|17509|5916|4866|9322|12597|21618|5870|8673|12146|8589|16044|623|19199|17388|505|4532|1597|3644|439|2628|5343|20804|16133|3515|8516|5600|1180|10936|11889|11316|1039|11187|19719|21573|5506|14847|107|17559|12413|11470|21515|20231|21401|3558
Llama,CounterFact,AlphaEdit,Native,canonical,1000,100,87,87,7814|15122|12263|12387|1604|13652|8166|20110|19304|9420|14319|4946|18990|17458|5917|18555|16170|21070|2529|19310|16993|17003|14570|3336|21903|1770|19363|17443|13620|16296|7776|20913|2011|14202|20165|4818|4103|8982|15299|12891|8905|21615|16491|10975|11834|18234|20759|18304|3291|7142|899|15841|8494|19432|14856|19280|17509|5916|4866|9322|12597|21618|5870|8673|12146|8589|16044|623|19199|17388|505|4532|1597|3644|439|2628|5343|20804|16133|3515|8516|5600|1180|10936|11889|11316|1039|11187|19719|21573|5506|14847|107|17559|12413|11470|21515|20231|21401|3558,7814|15122|12263|12387|1604|13652|8166|20110|19304|9420|14319|4946|18990|17458|5917|18555|16170|21070|2529|19310|16993|17003|14570|3336|21903|1770|17443|13620|16296|7776|20913|2011|14202|20165|4818|4103|8982|15299|12891|8905|21615|16491|10975|11834|18234|20759|18304|3291|899|15841|8494|19432|14856|19280|9322|21618|5870|8673|12146|8589|16044|623|19199|505|4532|3644|439|2628|5343|16133|3515|5600|10936|11316|11187|19719|21573|5506|14847|107|17559|12413|11470|21515|20231|21401|3558,7814|15122|12263|12387|1604|13652|8166|20110|19304|9420|14319|4946|18990|17458|5917|18555|16170|21070|2529|19310|16993|17003|14570|3336|21903|1770|17443|13620|16296|7776|20913|2011|14202|20165|4818|4103|8982|15299|12891|8905|21615|16491|10975|11834|18234|20759|18304|3291|899|15841|8494|19432|14856|19280|9322|21618|5870|8673|12146|8589|16044|623|19199|505|4532|3644|439|2628|5343|16133|3515|5600|10936|11316|11187|19719|21573|5506|14847|107|17559|12413|11470|21515|20231|21401|3558
Llama,CounterFact,AlphaEdit,SADR,canonical,1000,97,82,82,7814|15122|12263|12387|1604|13652|8166|20110|19304|9420|14319|4946|18990|17458|5917|18555|16170|21070|2529|19310|16993|17003|14570|3336|21903|1770|19363|17443|13620|16296|7776|20913|2011|14202|20165|4818|4103|8982|15299|12891|8905|21615|16491|10975|11834|18234|20759|18304|3291|899|15841|8494|19432|14856|19280|17509|5916|4866|9322|12597|21618|5870|8673|12146|8589|16044|623|19199|17388|505|4532|1597|3644|439|2628|5343|16133|3515|5600|1180|10936|11889|11316|1039|11187|19719|21573|5506|14847|107|17559|12413|11470|21515|20231|21401|3558,7814|12263|12387|1604|13652|8166|20110|19304|9420|14319|4946|18990|17458|5917|18555|16170|21070|2529|19310|16993|17003|3336|1770|19363|17443|13620|16296|7776|20913|14202|20165|4818|4103|8982|15299|12891|8905|21615|16491|10975|11834|18234|20759|18304|3291|899|15841|8494|19432|14856|5916|4866|9322|21618|5870|8673|12146|8589|16044|19199|505|4532|439|2628|5343|16133|3515|5600|10936|11316|11187|21573|5506|14847|107|17559|12413|11470|21515|20231|21401|3558,7814|12263|12387|1604|13652|8166|20110|19304|9420|14319|4946|18990|17458|5917|18555|16170|21070|2529|19310|16993|17003|3336|1770|19363|17443|13620|16296|7776|20913|14202|20165|4818|4103|8982|15299|12891|8905|21615|16491|10975|11834|18234|20759|18304|3291|899|15841|8494|19432|14856|5916|4866|9322|21618|5870|8673|12146|8589|16044|19199|505|4532|439|2628|5343|16133|3515|5600|10936|11316|11187|21573|5506|14847|107|17559|12413|11470|21515|20231|21401|3558
Llama,CounterFact,AlphaEdit,SPHERE,canonical,1000,100,100,100,7814|15122|12263|12387|1604|13652|8166|20110|19304|9420|14319|4946|18990|17458|5917|18555|16170|21070|2529|19310|16993|17003|14570|3336|21903|1770|19363|17443|13620|16296|7776|20913|2011|14202|20165|4818|4103|8982|15299|12891|8905|21615|16491|10975|11834|18234|20759|18304|3291|7142|899|15841|8494|19432|14856|19280|17509|5916|4866|9322|12597|21618|5870|8673|12146|8589|16044|623|19199|17388|505|4532|1597|3644|439|2628|5343|20804|16133|3515|8516|5600|1180|10936|11889|11316|1039|11187|19719|21573|5506|14847|107|17559|12413|11470|21515|20231|21401|3558,7814|15122|12263|12387|1604|13652|8166|20110|19304|9420|14319|4946|18990|17458|5917|18555|16170|21070|2529|19310|16993|17003|14570|3336|21903|1770|19363|17443|13620|16296|7776|20913|2011|14202|20165|4818|4103|8982|15299|12891|8905|21615|16491|10975|11834|18234|20759|18304|3291|7142|899|15841|8494|19432|14856|19280|17509|5916|4866|9322|12597|21618|5870|8673|12146|8589|16044|623|19199|17388|505|4532|1597|3644|439|2628|5343|20804|16133|3515|8516|5600|1180|10936|11889|11316|1039|11187|19719|21573|5506|14847|107|17559|12413|11470|21515|20231|21401|3558,7814|15122|12263|12387|1604|13652|8166|20110|19304|9420|14319|4946|18990|17458|5917|18555|16170|21070|2529|19310|16993|17003|14570|3336|21903|1770|19363|17443|13620|16296|7776|20913|2011|14202|20165|4818|4103|8982|15299|12891|8905|21615|16491|10975|11834|18234|20759|18304|3291|7142|899|15841|8494|19432|14856|19280|17509|5916|4866|9322|12597|21618|5870|8673|12146|8589|16044|623|19199|17388|505|4532|1597|3644|439|2628|5343|20804|16133|3515|8516|5600|1180|10936|11889|11316|1039|11187|19719|21573|5506|14847|107|17559|12413|11470|21515|20231|21401|3558
Llama,CounterFact,MEMIT,ENCORE,canonical,1000,100,100,100,7814|15122|12263|12387|1604|13652|8166|20110|19304|9420|14319|4946|18990|17458|5917|18555|16170|21070|2529|19310|16993|17003|14570|3336|21903|1770|19363|17443|13620|16296|7776|20913|2011|14202|20165|4818|4103|8982|15299|12891|8905|21615|16491|10975|11834|18234|20759|18304|3291|7142|899|15841|8494|19432|14856|19280|17509|5916|4866|9322|12597|21618|5870|8673|12146|8589|16044|623|19199|17388|505|4532|1597|3644|439|2628|5343|20804|16133|3515|8516|5600|1180|10936|11889|11316|1039|11187|19719|21573|5506|14847|107|17559|12413|11470|21515|20231|21401|3558,7814|15122|12263|12387|1604|13652|8166|20110|19304|9420|14319|4946|18990|17458|5917|18555|16170|21070|2529|19310|16993|17003|14570|3336|21903|1770|19363|17443|13620|16296|7776|20913|2011|14202|20165|4818|4103|8982|15299|12891|8905|21615|16491|10975|11834|18234|20759|18304|3291|7142|899|15841|8494|19432|14856|19280|17509|5916|4866|9322|12597|21618|5870|8673|12146|8589|16044|623|19199|17388|505|4532|1597|3644|439|2628|5343|20804|16133|3515|8516|5600|1180|10936|11889|11316|1039|11187|19719|21573|5506|14847|107|17559|12413|11470|21515|20231|21401|3558,7814|15122|12263|12387|1604|13652|8166|20110|19304|9420|14319|4946|18990|17458|5917|18555|16170|21070|2529|19310|16993|17003|14570|3336|21903|1770|19363|17443|13620|16296|7776|20913|2011|14202|20165|4818|4103|8982|15299|12891|8905|21615|16491|10975|11834|18234|20759|18304|3291|7142|899|15841|8494|19432|14856|19280|17509|5916|4866|9322|12597|21618|5870|8673|12146|8589|16044|623|19199|17388|505|4532|1597|3644|439|2628|5343|20804|16133|3515|8516|5600|1180|10936|11889|11316|1039|11187|19719|21573|5506|14847|107|17559|12413|11470|21515|20231|21401|3558
Llama,CounterFact,MEMIT,NAS,canonical,1000,99,99,99,7814|15122|12263|12387|1604|13652|8166|20110|19304|9420|14319|4946|18990|17458|5917|18555|16170|21070|2529|19310|16993|17003|14570|3336|21903|1770|19363|17443|13620|16296|7776|20913|2011|14202|20165|4818|4103|8982|15299|12891|8905|21615|16491|10975|11834|18234|20759|18304|3291|7142|899|15841|8494|19432|14856|19280|17509|5916|4866|9322|12597|21618|5870|8673|12146|8589|16044|623|19199|17388|505|4532|1597|3644|439|2628|5343|20804|16133|3515|5600|1180|10936|11889|11316|1039|11187|19719|21573|5506|14847|107|17559|12413|11470|21515|20231|21401|3558,7814|15122|12263|12387|1604|13652|8166|20110|19304|9420|14319|4946|18990|17458|5917|18555|16170|21070|2529|19310|16993|17003|14570|3336|21903|1770|19363|17443|13620|16296|7776|20913|2011|14202|20165|4818|4103|8982|15299|12891|8905|21615|16491|10975|11834|18234|20759|18304|3291|7142|899|15841|8494|19432|14856|19280|17509|5916|4866|9322|12597|21618|5870|8673|12146|8589|16044|623|19199|17388|505|4532|1597|3644|439|2628|5343|20804|16133|3515|5600|1180|10936|11889|11316|1039|11187|19719|21573|5506|14847|107|17559|12413|11470|21515|20231|21401|3558,7814|15122|12263|12387|1604|13652|8166|20110|19304|9420|14319|4946|18990|17458|5917|18555|16170|21070|2529|19310|16993|17003|14570|3336|21903|1770|19363|17443|13620|16296|7776|20913|2011|14202|20165|4818|4103|8982|15299|12891|8905|21615|16491|10975|11834|18234|20759|18304|3291|7142|899|15841|8494|19432|14856|19280|17509|5916|4866|9322|12597|21618|5870|8673|12146|8589|16044|623|19199|17388|505|4532|1597|3644|439|2628|5343|20804|16133|3515|5600|1180|10936|11889|11316|1039|11187|19719|21573|5506|14847|107|17559|12413|11470|21515|20231|21401|3558
Llama,zsRE,AlphaEdit,ENCORE,canonical,1000,100,91,91,14|29|30|40|55|61|82|99|100|101|105|108|123|164|171|182|183|190|196|208|212|214|215|217|236|245|246|252|258|262|270|278|283|307|315|337|339|351|364|382|384|399|407|409|415|420|476|482|489|493|495|526|539|560|562|575|578|587|597|601|617|636|637|681|684|701|708|709|734|738|749|751|753|759|760|774|777|779|788|794|800|804|810|834|868|877|902|905|906|911|915|920|937|940|945|958|979|993|996|997,14|29|30|40|55|61|82|99|100|101|105|108|123|164|171|182|183|190|196|208|212|214|215|217|236|245|252|258|270|278|283|307|337|339|351|364|382|384|399|407|409|415|476|482|489|493|495|539|560|562|575|578|587|597|601|617|636|637|681|701|709|734|749|751|753|759|760|774|777|779|788|794|800|804|810|834|868|877|905|906|911|915|920|937|940|945|958|979|993|996|997,14|29|30|40|55|61|82|99|100|101|105|108|123|164|171|182|183|190|196|208|212|214|215|217|236|245|252|258|270|278|283|307|337|339|351|364|382|384|399|407|409|415|476|482|489|493|495|539|560|562|575|578|587|597|601|617|636|637|681|701|709|734|749|751|753|759|760|774|777|779|788|794|800|804|810|834|868|877|905|906|911|915|920|937|940|945|958|979|993|996|997
Llama,zsRE,AlphaEdit,NAS,canonical,1000,100,100,100,14|29|30|40|55|61|82|99|100|101|105|108|123|164|171|182|183|190|196|208|212|214|215|217|236|245|246|252|258|262|270|278|283|307|315|337|339|351|364|382|384|399|407|409|415|420|476|482|489|493|495|526|539|560|562|575|578|587|597|601|617|636|637|681|684|701|708|709|734|738|749|751|753|759|760|774|777|779|788|794|800|804|810|834|868|877|902|905|906|911|915|920|937|940|945|958|979|993|996|997,14|29|30|40|55|61|82|99|100|101|105|108|123|164|171|182|183|190|196|208|212|214|215|217|236|245|246|252|258|262|270|278|283|307|315|337|339|351|364|382|384|399|407|409|415|420|476|482|489|493|495|526|539|560|562|575|578|587|597|601|617|636|637|681|684|701|708|709|734|738|749|751|753|759|760|774|777|779|788|794|800|804|810|834|868|877|902|905|906|911|915|920|937|940|945|958|979|993|996|997,14|29|30|40|55|61|82|99|100|101|105|108|123|164|171|182|183|190|196|208|212|214|215|217|236|245|246|252|258|262|270|278|283|307|315|337|339|351|364|382|384|399|407|409|415|420|476|482|489|493|495|526|539|560|562|575|578|587|597|601|617|636|637|681|684|701|708|709|734|738|749|751|753|759|760|774|777|779|788|794|800|804|810|834|868|877|902|905|906|911|915|920|937|940|945|958|979|993|996|997
Llama,zsRE,AlphaEdit,Native,canonical,1000,99,89,89,14|29|30|40|55|61|82|99|100|101|105|108|123|164|171|182|183|190|196|208|212|214|215|217|236|245|246|252|258|262|270|278|283|307|315|337|339|351|364|382|384|399|407|409|415|420|476|482|489|493|495|526|539|560|562|575|578|587|597|601|617|636|637|681|701|708|709|734|738|749|751|753|759|760|774|777|779|788|794|800|804|810|834|868|877|902|905|906|911|915|920|937|940|945|958|979|993|996|997,14|29|30|40|55|61|82|99|100|101|105|108|123|164|171|182|183|190|196|208|212|214|215|236|245|252|258|270|278|283|307|337|339|351|364|382|384|399|407|409|415|476|482|489|493|495|539|560|562|575|578|587|597|601|617|636|637|681|701|709|734|749|751|753|760|774|777|779|788|794|800|804|810|834|868|877|905|906|911|915|920|937|940|945|958|979|993|996|997,14|29|30|40|55|61|82|99|100|101|105|108|123|164|171|182|183|190|196|208|212|214|215|236|245|252|258|270|278|283|307|337|339|351|364|382|384|399|407|409|415|476|482|489|493|495|539|560|562|575|578|587|597|601|617|636|637|681|701|709|734|749|751|753|760|774|777|779|788|794|800|804|810|834|868|877|905|906|911|915|920|937|940|945|958|979|993|996|997
Llama,zsRE,AlphaEdit,SADR,canonical,1000,100,88,88,14|29|30|40|55|61|82|99|100|101|105|108|123|164|171|182|183|190|196|208|212|214|215|217|236|245|246|252|258|262|270|278|283|307|315|337|339|351|364|382|384|399|407|409|415|420|476|482|489|493|495|526|539|560|562|575|578|587|597|601|617|636|637|681|684|701|708|709|734|738|749|751|753|759|760|774|777|779|788|794|800|804|810|834|868|877|902|905|906|911|915|920|937|940|945|958|979|993|996|997,14|29|30|40|55|82|99|100|101|105|108|123|164|171|182|183|190|196|208|212|214|215|236|245|252|258|270|278|283|307|337|339|351|364|382|384|399|407|409|415|476|482|489|493|495|539|560|562|575|578|587|597|601|617|636|637|681|701|709|734|749|751|753|760|774|777|779|788|794|800|804|810|834|868|877|905|906|911|915|920|937|940|945|958|979|993|996|997,14|29|30|40|55|82|99|100|101|105|108|123|164|171|182|183|190|196|208|212|214|215|236|245|252|258|270|278|283|307|337|339|351|364|382|384|399|407|409|415|476|482|489|493|495|539|560|562|575|578|587|597|601|617|636|637|681|701|709|734|749|751|753|760|774|777|779|788|794|800|804|810|834|868|877|905|906|911|915|920|937|940|945|958|979|993|996|997
Llama,zsRE,AlphaEdit,SPHERE,canonical,1000,100,96,96,14|29|30|40|55|61|82|99|100|101|105|108|123|164|171|182|183|190|196|208|212|214|215|217|236|245|246|252|258|262|270|278|283|307|315|337|339|351|364|382|384|399|407|409|415|420|476|482|489|493|495|526|539|560|562|575|578|587|597|601|617|636|637|681|684|701|708|709|734|738|749|751|753|759|760|774|777|779|788|794|800|804|810|834|868|877|902|905|906|911|915|920|937|940|945|958|979|993|996|997,14|29|30|40|55|61|82|99|100|101|105|108|123|164|171|182|183|190|196|208|212|214|215|217|236|245|246|252|258|270|278|283|307|337|339|351|364|382|384|399|407|409|415|420|476|482|489|493|495|526|539|560|562|575|578|587|597|601|617|636|637|681|701|709|734|738|749|751|753|759|760|774|777|779|788|794|800|804|810|834|868|877|902|905|906|911|915|920|937|940|945|958|979|993|996|997,14|29|30|40|55|61|82|99|100|101|105|108|123|164|171|182|183|190|196|208|212|214|215|217|236|245|246|252|258|270|278|283|307|337|339|351|364|382|384|399|407|409|415|420|476|482|489|493|495|526|539|560|562|575|578|587|597|601|617|636|637|681|701|709|734|738|749|751|753|759|760|774|777|779|788|794|800|804|810|834|868|877|902|905|906|911|915|920|937|940|945|958|979|993|996|997
Llama,zsRE,MEMIT,ENCORE,canonical,1000,100,100,100,14|29|30|40|55|61|82|99|100|101|105|108|123|164|171|182|183|190|196|208|212|214|215|217|236|245|246|252|258|262|270|278|283|307|315|337|339|351|364|382|384|399|407|409|415|420|476|482|489|493|495|526|539|560|562|575|578|587|597|601|617|636|637|681|684|701|708|709|734|738|749|751|753|759|760|774|777|779|788|794|800|804|810|834|868|877|902|905|906|911|915|920|937|940|945|958|979|993|996|997,14|29|30|40|55|61|82|99|100|101|105|108|123|164|171|182|183|190|196|208|212|214|215|217|236|245|246|252|258|262|270|278|283|307|315|337|339|351|364|382|384|399|407|409|415|420|476|482|489|493|495|526|539|560|562|575|578|587|597|601|617|636|637|681|684|701|708|709|734|738|749|751|753|759|760|774|777|779|788|794|800|804|810|834|868|877|902|905|906|911|915|920|937|940|945|958|979|993|996|997,14|29|30|40|55|61|82|99|100|101|105|108|123|164|171|182|183|190|196|208|212|214|215|217|236|245|246|252|258|262|270|278|283|307|315|337|339|351|364|382|384|399|407|409|415|420|476|482|489|493|495|526|539|560|562|575|578|587|597|601|617|636|637|681|684|701|708|709|734|738|749|751|753|759|760|774|777|779|788|794|800|804|810|834|868|877|902|905|906|911|915|920|937|940|945|958|979|993|996|997
Llama,zsRE,MEMIT,NAS,canonical,1000,100,96,96,14|29|30|40|55|61|82|99|100|101|105|108|123|164|171|182|183|190|196|208|212|214|215|217|236|245|246|252|258|262|270|278|283|307|315|337|339|351|364|382|384|399|407|409|415|420|476|482|489|493|495|526|539|560|562|575|578|587|597|601|617|636|637|681|684|701|708|709|734|738|749|751|753|759|760|774|777|779|788|794|800|804|810|834|868|877|902|905|906|911|915|920|937|940|945|958|979|993|996|997,14|29|30|40|55|61|82|99|100|101|105|108|123|164|171|182|183|190|196|208|212|214|215|217|236|245|246|252|258|270|283|307|315|337|339|351|364|382|384|399|407|409|415|420|476|482|489|493|495|526|539|560|562|575|578|587|597|601|617|637|681|701|708|709|734|738|749|751|753|759|760|774|777|779|788|794|800|804|810|834|868|877|902|905|906|911|915|920|937|940|945|958|979|993|996|997,14|29|30|40|55|61|82|99|100|101|105|108|123|164|171|182|183|190|196|208|212|214|215|217|236|245|246|252|258|270|283|307|315|337|339|351|364|382|384|399|407|409|415|420|476|482|489|493|495|526|539|560|562|575|578|587|597|601|617|637|681|701|708|709|734|738|749|751|753|759|760|774|777|779|788|794|800|804|810|834|868|877|902|905|906|911|915|920|937|940|945|958|979|993|996|997
