model,dataset,editor,method,order_id,edit_count,eff_tf_percent,gen_tf_percent,locality_percent,n_rewrite,n_rephrase,n_locality,tf_source_kind,dtype,batch_size,target_span,activation_intervention,score_unit,evaluation_scope
GPT-2 XL,CounterFact,AlphaEdit,Native,canonical,1000,94.450000000000003,55.300000000000004,48.299999999999997,1000,1000,1000,verified_stored_correct_full_target_TF,float32,8,complete target including EOS/EOT; correct first target; attention_mask padding,none,percent,1000_edit_endpoint_all1000_edited_requests_and_fixed1000_locality
GPT-2 XL,CounterFact,AlphaEdit,NAS,canonical,1000,96.25,59.599999999999994,47.899999999999999,1000,1000,1000,verified_stored_correct_full_target_TF,float32,8,complete target including EOS/EOT; correct first target; attention_mask padding,none,percent,1000_edit_endpoint_all1000_edited_requests_and_fixed1000_locality
GPT-2 XL,CounterFact,AlphaEdit,ENCORE,canonical,1000,88.649999999999991,46.650000000000006,61,1000,1000,1000,verified_stored_correct_full_target_TF,float32,8,complete target including EOS/EOT; correct first target; attention_mask padding,none,percent,1000_edit_endpoint_all1000_edited_requests_and_fixed1000_locality
GPT-2 XL,CounterFact,AlphaEdit,SPHERE,canonical,1000,95.599999999999994,55.649999999999999,49.399999999999999,1000,1000,1000,new_endpoint_forward_correct_full_target_TF,float32,8,complete target including EOS/EOT; correct first target; attention_mask padding,none,percent,1000_edit_endpoint_all1000_edited_requests_and_fixed1000_locality
GPT-2 XL,CounterFact,AlphaEdit,SADR,canonical,1000,94.899999999999991,36,53.600000000000001,1000,1000,1000,verified_stored_correct_full_target_TF,float32,8,complete target including EOS/EOT; correct first target; attention_mask padding,none,percent,1000_edit_endpoint_all1000_edited_requests_and_fixed1000_locality
GPT-2 XL,CounterFact,MEMIT,Native,canonical,1000,82,63.200000000000003,20.599999999999998,1000,1000,1000,verified_stored_correct_full_target_TF,float32,8,complete target including EOS/EOT; correct first target; attention_mask padding,none,percent,1000_edit_endpoint_all1000_edited_requests_and_fixed1000_locality
GPT-2 XL,CounterFact,MEMIT,NAS,canonical,1000,81,62.849999999999994,18.399999999999999,1000,1000,1000,verified_stored_correct_full_target_TF,float32,8,complete target including EOS/EOT; correct first target; attention_mask padding,none,percent,1000_edit_endpoint_all1000_edited_requests_and_fixed1000_locality
GPT-2 XL,CounterFact,MEMIT,ENCORE,canonical,1000,85.650000000000006,59.5,39.5,1000,1000,1000,verified_stored_correct_full_target_TF,float32,8,complete target including EOS/EOT; correct first target; attention_mask padding,none,percent,1000_edit_endpoint_all1000_edited_requests_and_fixed1000_locality
GPT-2 XL,CounterFact,MEMIT,SPHERE,canonical,1000,86.350000000000009,62.700000000000003,30,1000,1000,1000,new_endpoint_forward_correct_full_target_TF,float32,8,complete target including EOS/EOT; correct first target; attention_mask padding,none,percent,1000_edit_endpoint_all1000_edited_requests_and_fixed1000_locality
GPT-2 XL,CounterFact,MEMIT,SADR,canonical,1000,86.25,55.649999999999999,14.099999999999998,1000,1000,1000,verified_stored_correct_full_target_TF,float32,8,complete target including EOS/EOT; correct first target; attention_mask padding,none,percent,1000_edit_endpoint_all1000_edited_requests_and_fixed1000_locality
GPT-2 XL,zsRE,AlphaEdit,Native,canonical,1000,92.510775613275612,78.433596681096674,68.810937786961574,1000,1000,1000,verified_stored_correct_full_target_TF,float32,8,complete target including EOS/EOT; correct first target; attention_mask padding,none,percent,1000_edit_endpoint_all1000_edited_requests_and_fixed1000_locality
GPT-2 XL,zsRE,AlphaEdit,NAS,canonical,1000,91.030216450216443,77.581172438672425,71.577445665845318,1000,1000,1000,verified_stored_correct_full_target_TF,float32,8,complete target including EOS/EOT; correct first target; attention_mask padding,none,percent,1000_edit_endpoint_all1000_edited_requests_and_fixed1000_locality
GPT-2 XL,zsRE,AlphaEdit,ENCORE,canonical,1000,90.523798701298702,73.064469696969695,73.613621538185811,1000,1000,1000,verified_stored_correct_full_target_TF,float32,8,complete target including EOS/EOT; correct first target; attention_mask padding,none,percent,1000_edit_endpoint_all1000_edited_requests_and_fixed1000_locality
GPT-2 XL,zsRE,AlphaEdit,SPHERE,canonical,1000,93.973636363636373,80.275064935064947,68.747063160146809,1000,1000,1000,new_endpoint_forward_correct_full_target_TF,float32,8,complete target including EOS/EOT; correct first target; attention_mask padding,none,percent,1000_edit_endpoint_all1000_edited_requests_and_fixed1000_locality
GPT-2 XL,zsRE,AlphaEdit,SADR,canonical,1000,91.5605772005772,74.114866522366512,76.405587757344705,1000,1000,1000,verified_stored_correct_full_target_TF,float32,8,complete target including EOS/EOT; correct first target; attention_mask padding,none,percent,1000_edit_endpoint_all1000_edited_requests_and_fixed1000_locality
GPT-2 XL,zsRE,MEMIT,Native,canonical,1000,68.506085858585848,61.51878066378066,36.57507449808773,1000,1000,1000,verified_stored_correct_full_target_TF,float32,8,complete target including EOS/EOT; correct first target; attention_mask padding,none,percent,1000_edit_endpoint_all1000_edited_requests_and_fixed1000_locality
GPT-2 XL,zsRE,MEMIT,NAS,canonical,1000,78.923906926406929,69.877355699855698,47.743355934570495,1000,1000,1000,verified_stored_correct_full_target_TF,float32,8,complete target including EOS/EOT; correct first target; attention_mask padding,none,percent,1000_edit_endpoint_all1000_edited_requests_and_fixed1000_locality
GPT-2 XL,zsRE,MEMIT,ENCORE,canonical,1000,82.646370851370847,71.1824025974026,59.473588158922396,1000,1000,1000,verified_stored_correct_full_target_TF,float32,8,complete target including EOS/EOT; correct first target; attention_mask padding,none,percent,1000_edit_endpoint_all1000_edited_requests_and_fixed1000_locality
GPT-2 XL,zsRE,MEMIT,SPHERE,canonical,1000,83.167164502164496,72.124704184704186,59.120804521194081,1000,1000,1000,new_endpoint_forward_correct_full_target_TF,float32,8,complete target including EOS/EOT; correct first target; attention_mask padding,none,percent,1000_edit_endpoint_all1000_edited_requests_and_fixed1000_locality
GPT-2 XL,zsRE,MEMIT,SADR,canonical,1000,61.553499278499281,53.900050505050501,27.611048634664947,1000,1000,1000,verified_stored_correct_full_target_TF,float32,8,complete target including EOS/EOT; correct first target; attention_mask padding,none,percent,1000_edit_endpoint_all1000_edited_requests_and_fixed1000_locality
Llama,CounterFact,AlphaEdit,Native,canonical,1000,83.383333333333326,66.666666666666657,12.300000000000001,1000,1000,1000,new_endpoint_forward_correct_full_target_TF,bfloat16,2,complete target including EOS/EOT; correct first target; attention_mask padding,none,percent,1000_edit_endpoint_all1000_edited_requests_and_fixed1000_locality
Llama,CounterFact,AlphaEdit,NAS,canonical,1000,96.599999999999994,68.433333333333323,24.449999999999999,1000,1000,1000,new_endpoint_forward_correct_full_target_TF,bfloat16,2,complete target including EOS/EOT; correct first target; attention_mask padding,none,percent,1000_edit_endpoint_all1000_edited_requests_and_fixed1000_locality
Llama,CounterFact,AlphaEdit,ENCORE,canonical,1000,82.25,61.13333333333334,13.15,1000,1000,1000,new_endpoint_forward_correct_full_target_TF,bfloat16,2,complete target including EOS/EOT; correct first target; attention_mask padding,none,percent,1000_edit_endpoint_all1000_edited_requests_and_fixed1000_locality
Llama,CounterFact,AlphaEdit,SPHERE,canonical,1000,92.866666666666674,73.049999999999997,16.75,1000,1000,1000,new_endpoint_forward_correct_full_target_TF,bfloat16,2,complete target including EOS/EOT; correct first target; attention_mask padding,none,percent,1000_edit_endpoint_all1000_edited_requests_and_fixed1000_locality
Llama,CounterFact,AlphaEdit,SADR,canonical,1000,75.13333333333334,52.549999999999997,15.800000000000001,1000,1000,1000,new_endpoint_forward_correct_full_target_TF,bfloat16,2,complete target including EOS/EOT; correct first target; attention_mask padding,none,percent,1000_edit_endpoint_all1000_edited_requests_and_fixed1000_locality
Llama,CounterFact,MEMIT,Native,canonical,1000,0,0,0.59999999999999998,1000,1000,1000,new_endpoint_forward_correct_full_target_TF,bfloat16,2,complete target including EOS/EOT; correct first target; attention_mask padding,none,percent,1000_edit_endpoint_all1000_edited_requests_and_fixed1000_locality
Llama,CounterFact,MEMIT,NAS,canonical,1000,85.399999999999991,63.616666666666667,21.5,1000,1000,1000,new_endpoint_forward_correct_full_target_TF,bfloat16,2,complete target including EOS/EOT; correct first target; attention_mask padding,none,percent,1000_edit_endpoint_all1000_edited_requests_and_fixed1000_locality
Llama,CounterFact,MEMIT,ENCORE,canonical,1000,81.816666666666663,60.43333333333333,18.199999999999999,1000,1000,1000,new_endpoint_forward_correct_full_target_TF,bfloat16,2,complete target including EOS/EOT; correct first target; attention_mask padding,none,percent,1000_edit_endpoint_all1000_edited_requests_and_fixed1000_locality
Llama,CounterFact,MEMIT,SPHERE,canonical,1000,0,0,0.59999999999999998,1000,1000,1000,new_endpoint_forward_correct_full_target_TF,bfloat16,2,complete target including EOS/EOT; correct first target; attention_mask padding,none,percent,1000_edit_endpoint_all1000_edited_requests_and_fixed1000_locality
Llama,CounterFact,MEMIT,SADR,canonical,1000,0,0,0.59999999999999998,1000,1000,1000,new_endpoint_forward_correct_full_target_TF,bfloat16,2,complete target including EOS/EOT; correct first target; attention_mask padding,none,percent,1000_edit_endpoint_all1000_edited_requests_and_fixed1000_locality
Llama,zsRE,AlphaEdit,Native,canonical,1000,89.971031746031755,83.543214285714299,43.60455964291252,1000,1000,1000,new_endpoint_forward_correct_full_target_TF,bfloat16,2,complete target including EOS/EOT; correct first target; attention_mask padding,none,percent,1000_edit_endpoint_all1000_edited_requests_and_fixed1000_locality
Llama,zsRE,AlphaEdit,NAS,canonical,1000,94.836984126984134,85.762579365079361,66.197638388460717,1000,1000,1000,new_endpoint_forward_correct_full_target_TF,bfloat16,2,complete target including EOS/EOT; correct first target; attention_mask padding,none,percent,1000_edit_endpoint_all1000_edited_requests_and_fixed1000_locality
Llama,zsRE,AlphaEdit,ENCORE,canonical,1000,90.660039682539676,84.479206349206365,44.798491246960239,1000,1000,1000,new_endpoint_forward_correct_full_target_TF,bfloat16,2,complete target including EOS/EOT; correct first target; attention_mask padding,none,percent,1000_edit_endpoint_all1000_edited_requests_and_fixed1000_locality
Llama,zsRE,AlphaEdit,SPHERE,canonical,1000,94.216388888888886,87.754444444444445,47.573712620471241,1000,1000,1000,new_endpoint_forward_correct_full_target_TF,bfloat16,2,complete target including EOS/EOT; correct first target; attention_mask padding,none,percent,1000_edit_endpoint_all1000_edited_requests_and_fixed1000_locality
Llama,zsRE,AlphaEdit,SADR,canonical,1000,85.063015873015885,75.9497619047619,48.123360637246421,1000,1000,1000,new_endpoint_forward_correct_full_target_TF,bfloat16,2,complete target including EOS/EOT; correct first target; attention_mask padding,none,percent,1000_edit_endpoint_all1000_edited_requests_and_fixed1000_locality
Llama,zsRE,MEMIT,Native,canonical,1000,0,0,0,1000,1000,1000,new_endpoint_forward_correct_full_target_TF,bfloat16,2,complete target including EOS/EOT; correct first target; attention_mask padding,none,percent,1000_edit_endpoint_all1000_edited_requests_and_fixed1000_locality
Llama,zsRE,MEMIT,NAS,canonical,1000,61.935476190476194,55.995595238095234,74.359585475470297,1000,1000,1000,new_endpoint_forward_correct_full_target_TF,bfloat16,2,complete target including EOS/EOT; correct first target; attention_mask padding,none,percent,1000_edit_endpoint_all1000_edited_requests_and_fixed1000_locality
Llama,zsRE,MEMIT,ENCORE,canonical,1000,90.1479761904762,82.021904761904764,62.982224600238858,1000,1000,1000,new_endpoint_forward_correct_full_target_TF,bfloat16,2,complete target including EOS/EOT; correct first target; attention_mask padding,none,percent,1000_edit_endpoint_all1000_edited_requests_and_fixed1000_locality
Llama,zsRE,MEMIT,SPHERE,canonical,1000,0,0,0,1000,1000,1000,new_endpoint_forward_correct_full_target_TF,bfloat16,2,complete target including EOS/EOT; correct first target; attention_mask padding,none,percent,1000_edit_endpoint_all1000_edited_requests_and_fixed1000_locality
Llama,zsRE,MEMIT,SADR,canonical,1000,0,0,0,1000,1000,1000,new_endpoint_forward_correct_full_target_TF,bfloat16,2,complete target including EOS/EOT; correct first target; attention_mask padding,none,percent,1000_edit_endpoint_all1000_edited_requests_and_fixed1000_locality
