model,dataset,editor,method,order_id,edit_count,row_id,locality_percent,eff_percent,gen_percent,mean_p,mean_q,mean_kappa,mean_d,mean_abs_norm_deviation,mean_p_squared,mean_q_squared,mean_kappa_squared,mean_angle_degrees,context,P,Q,mean_squared_norm_increase,c,orthogonal_displacement_energy_fraction,legacy34_sensitivity_included
GPT-2 XL,CounterFact,AlphaEdit,ENCORE,canonical,1000,GPT-2 XL|CounterFact|AlphaEdit|ENCORE|canonical|1000,61.0,91.3,29.0,-0.06064891998806628,0.6779922717674658,1.1647386435898162,0.6813573353300667,0.16473906562293164,0.004762009368413622,0.4779316224491109,1.3613957918413926,35.511958957140365,rewrite,-0.11653583060771894,0.4779316224491109,0.3613957918413926,0.2438336890338898,0.9901345096464544,True
GPT-2 XL,CounterFact,AlphaEdit,NAS,canonical,1000,GPT-2 XL|CounterFact|AlphaEdit|NAS|canonical|1000,47.9,95.3,41.3,-0.07216146822454579,0.849399149676966,1.264022145741651,0.8531645264200901,0.2640248928047846,0.006673476298723732,0.7427141023365262,1.6050646421861587,42.136859769259644,rewrite,-0.13764946015036786,0.7427141023365262,0.6050646421861587,0.1853330369213838,0.9910947599226596,True
GPT-2 XL,CounterFact,AlphaEdit,Native,canonical,1000,GPT-2 XL|CounterFact|AlphaEdit|Native|canonical|1000,48.3,92.5,36.4,-0.07809444726753101,0.8526534247413078,1.2614724911238788,0.8569783291625983,0.26147282838175084,0.007718718284772315,0.7464115629524722,1.5979413867021826,42.46485012081875,rewrite,-0.14847017625028971,0.7464115629524722,0.5979413867021826,0.19891194566039105,0.9897647416145274,True
GPT-2 XL,CounterFact,AlphaEdit,SADR,canonical,1000,GPT-2 XL|CounterFact|AlphaEdit|SADR|canonical|1000,53.6,95.7,24.4,-0.0561606297821245,0.8760114111615501,1.2927847115570998,0.8784125388324139,0.292785007340049,0.0043212035430912924,0.7872633069478346,1.6792632509266772,42.563347413908176,rewrite,-0.10800005602115771,0.7872633069478346,0.6792632509266772,0.13718416070966963,0.9945410711227645,True
GPT-2 XL,CounterFact,AlphaEdit,SPHERE,canonical,1000,GPT-2 XL|CounterFact|AlphaEdit|SPHERE|canonical|1000,49.4,94.1,37.8,-0.07389308106273094,0.8500457316107477,1.262791874046783,0.8539882175141108,0.2627918740467832,0.00703202115567589,0.7416799001593938,1.6009257591896078,42.250771248213624,rewrite,-0.140754140969786,0.7416799001593938,0.6009257591896078,0.18977747804617148,0.9906078413399314,True
GPT-2 XL,CounterFact,MEMIT,ENCORE,canonical,1000,GPT-2 XL|CounterFact|MEMIT|ENCORE|canonical|1000,39.5,71.8,24.6,-0.08554143890186287,0.5902549119055311,1.0931865783607475,0.5968143970443379,0.09325441292687388,0.008043001439419797,0.36025128828153574,1.1972114119172301,32.64666328778826,rewrite,-0.16303987636430595,0.36025128828153574,0.19721141191723013,0.4525726393430426,0.9781614820976081,True
GPT-2 XL,CounterFact,MEMIT,NAS,canonical,1000,GPT-2 XL|CounterFact|MEMIT|NAS|canonical|1000,18.4,62.4,26.9,-0.10803896221285879,1.063446612161898,1.4019756316452028,1.0694205342458658,0.401990969590291,0.013011689867551229,1.2061990060023693,2.0031327714442035,48.932462945294745,rewrite,-0.20306623455816636,1.2061990060023693,1.0031327714442035,0.16835218197631932,0.9893277758211699,True
GPT-2 XL,CounterFact,MEMIT,Native,canonical,1000,GPT-2 XL|CounterFact|MEMIT|Native|canonical|1000,20.599999999999998,64.5,27.8,-0.12292590582740667,0.9193747209843871,1.2822235474544128,0.9280202463336908,0.28222512818256107,0.016423160196706903,0.893871848060748,1.664443196602642,45.54319576765117,rewrite,-0.22942865145810645,0.893871848060748,0.6644431966026421,0.25666839374777395,0.981958420020181,True
GPT-2 XL,CounterFact,MEMIT,SADR,canonical,1000,GPT-2 XL|CounterFact|MEMIT|SADR|canonical|1000,14.099999999999998,73.2,20.1,-0.10998726654816872,1.1397855834833,1.473218786231651,1.1456150075305263,0.4732190994630454,0.014303891455879788,1.4844844623571285,2.278813820716671,49.78618515947161,rewrite,-0.20567064164045765,1.4844844623571285,1.278813820716671,0.1385468469733155,0.9904563633554466,True
GPT-2 XL,CounterFact,MEMIT,SPHERE,canonical,1000,GPT-2 XL|CounterFact|MEMIT|SPHERE|canonical|1000,30.0,73.3,29.5,-0.0840925475042916,0.6718339429665089,1.1423559592590349,0.6775888843386314,0.14237840643075225,0.007943964511964167,0.47032559030755133,1.3100844598109325,35.92435774492236,rewrite,-0.16024113049661903,0.47032559030755133,0.31008445981093247,0.340702555418759,0.9833901940194333,True
GPT-2 XL,zsRE,AlphaEdit,ENCORE,canonical,1000,GPT-2 XL|zsRE|AlphaEdit|ENCORE|canonical|1000,73.61362153818581,75.6,40.2,-0.07442564900580666,0.7423994928869185,1.1914656381406494,0.7467102136478496,0.19146563814064926,0.0065874583974279595,0.5674069108158286,1.4251430712016435,38.450725538490516,rewrite,-0.14226383961418534,0.5674069108158286,0.4251430712016435,0.2507263075270543,0.9885234790605054,True
GPT-2 XL,zsRE,AlphaEdit,NAS,canonical,1000,GPT-2 XL|zsRE|AlphaEdit|NAS|canonical|1000,71.57744566584532,77.4,48.4,-0.07990395547004851,0.8848815715380465,1.2805505593229562,0.8892182136277886,0.2805505593229562,0.007768553442075694,0.801125752097794,1.6490863945997734,43.605717437764255,rewrite,-0.15203935749802133,0.801125752097794,0.6490863945997734,0.18978213732350696,0.9903960834080902,True
GPT-2 XL,zsRE,AlphaEdit,Native,canonical,1000,GPT-2 XL|zsRE|AlphaEdit|Native|canonical|1000,68.81093778696157,80.9,50.6,-0.08510320998820484,0.8631130716715395,1.261944770397498,0.8679147201600909,0.26194477039749775,0.008488280794466209,0.7611932020067914,1.5994750628248484,43.0718898562656,rewrite,-0.16171813918194347,0.7611932020067914,0.5994750628248484,0.21245347272623252,0.9889716967549056,True
GPT-2 XL,zsRE,AlphaEdit,SADR,canonical,1000,GPT-2 XL|zsRE|AlphaEdit|SADR|canonical|1000,76.4055877573447,76.9,41.6,-0.06930047590074094,0.8954348454547364,1.2955644602812042,0.898754757418118,0.2955644602812041,0.006055422234695302,0.8202556541634355,1.6877101245966493,43.61841565429184,rewrite,-0.13254552956678659,0.8202556541634355,0.6877101245966493,0.16159051009769324,0.9926717402106108,True
GPT-2 XL,zsRE,AlphaEdit,SPHERE,canonical,1000,GPT-2 XL|zsRE|AlphaEdit|SPHERE|canonical|1000,68.74706316014681,84.7,56.3,-0.08264282882464814,0.8569884904389338,1.259401247318386,0.8616163201819045,0.25940124731838604,0.00812136551548758,0.7498724467445892,1.5927081546107804,42.806011622258545,rewrite,-0.1571642921338087,0.7498724467445892,0.5927081546107804,0.2095880343598486,0.9892857100095943,True
GPT-2 XL,zsRE,MEMIT,ENCORE,canonical,1000,GPT-2 XL|zsRE|MEMIT|ENCORE|canonical|1000,59.4735881589224,59.6,36.2,-0.0980860160982322,0.6155557382733527,1.0952186943464512,0.6238005331705953,0.0952563740756921,0.010455838911479443,0.3871137211413004,1.2013975278563163,34.17566234477972,rewrite,-0.18571619328498495,0.3871137211413004,0.20139752785631626,0.4797458295651491,0.9737006049706337,True
GPT-2 XL,zsRE,MEMIT,NAS,canonical,1000,GPT-2 XL|zsRE|MEMIT|NAS|canonical|1000,47.743355934570495,52.9,36.8,-0.13015170635733314,0.9112686405188026,1.2691024457749314,0.9211527310960537,0.2691024457749313,0.01837054109052371,0.8709595838228679,1.6290267121987259,45.64216557931764,rewrite,-0.24193287162414256,0.8709595838228679,0.6290267121987259,0.27777738039489314,0.9793433950162065,True
GPT-2 XL,zsRE,MEMIT,Native,canonical,1000,GPT-2 XL|zsRE|MEMIT|Native|canonical|1000,36.57507449808773,38.1,25.7,-0.15987294758918033,1.1718240070335715,1.4537059885052763,1.183265021440542,0.4537059885052766,0.02778679631168709,1.4477027915113398,2.1557436926446667,53.3771842073985,rewrite,-0.2919590988666736,1.4477027915113398,1.1557436926446667,0.20167060572003234,0.9811677449024331,True
GPT-2 XL,zsRE,MEMIT,SADR,canonical,1000,GPT-2 XL|zsRE|MEMIT|SADR|canonical|1000,27.611048634664947,31.0,18.8,-0.16986992744105225,1.7013578928847302,1.914494060068215,1.710569653423769,0.914494060068215,0.034108511239445034,3.170628097089608,3.864996753446949,62.00183103979025,rewrite,-0.3056313436426595,3.170628097089608,2.864996753446949,0.096394573656622,0.9893568441316526,True
GPT-2 XL,zsRE,MEMIT,SPHERE,canonical,1000,GPT-2 XL|zsRE|MEMIT|SPHERE|canonical|1000,59.12080452119408,60.5,38.6,-0.09818962876638128,0.6906559444196794,1.1411466843764502,0.6981740400838728,0.1411608399276287,0.010714253260705468,0.49236059415230204,1.3066955898802448,37.16996253410984,rewrite,-0.1856650042720571,0.49236059415230204,0.3066955898802448,0.3770915188525938,0.978702466808265,True
Llama,CounterFact,AlphaEdit,ENCORE,canonical,1000,Llama|CounterFact|AlphaEdit|ENCORE|canonical|1000,13.15,67.10000000000001,28.9,0.1136539547114619,1.745839063227831,2.077196316251317,1.7521566054160371,1.077196316251317,0.02444500664212565,3.1899098391770275,4.441662755242077,56.80421138812529,rewrite,0.25175291606504946,3.1899098391770275,3.441662755242077,-0.0789216400329358,0.9923950503865743,True
Llama,CounterFact,AlphaEdit,NAS,canonical,1000,Llama|CounterFact|AlphaEdit|NAS|canonical|1000,24.45,93.5,45.4,-0.14268155280375522,0.9636615207804493,1.2922897828178812,0.9750421012677635,0.2922897828178813,0.022370615240640362,0.937138356132533,1.6741458657656632,48.22630588709435,rewrite,-0.26299249036687006,0.937138356132533,0.6741458657656632,0.2806335784314828,0.9766853506240538,True
Llama,CounterFact,AlphaEdit,Native,canonical,1000,Llama|CounterFact|AlphaEdit|Native|canonical|1000,12.3,79.1,46.9,0.22007901889226264,2.406031746771498,2.703884316051017,2.4187310497893604,1.7038843160510169,0.0683512128133321,6.087013959871087,7.595523210468944,62.44901279281324,rewrite,0.5085092505978573,6.087013959871087,6.595523210468944,-0.08354001714966112,0.98889566891715,True
Llama,CounterFact,AlphaEdit,SADR,canonical,1000,Llama|CounterFact|AlphaEdit|SADR|canonical|1000,15.8,73.5,32.8,0.18836370322888932,2.47031083661678,2.7488266609834544,2.479574537232424,1.7488266609834549,0.0517919469915897,6.467592072288045,7.896111425737414,63.481174252412664,rewrite,0.4285193534493683,6.467592072288045,6.896111425737414,-0.06625639784634264,0.9920556993055745,True
Llama,CounterFact,AlphaEdit,SPHERE,canonical,1000,Llama|CounterFact|AlphaEdit|SPHERE|canonical|1000,16.75,88.6,51.6,0.02703471235653744,1.6329309927925966,1.934387283504826,1.6346654989993774,0.9343872835048257,0.00574597010769213,2.756529515934617,3.8163449107553844,57.29096140072214,rewrite,0.05981539482076701,2.756529515934617,2.8163449107553844,-0.02169952996149445,0.9979198417620812,True
Llama,CounterFact,MEMIT,ENCORE,canonical,1000,Llama|CounterFact|MEMIT|ENCORE|canonical|1000,18.2,64.8,26.3,-0.08453917155003027,0.959277913357075,1.3325677570610424,0.963850634595677,0.33256775706104225,0.008683590399957645,0.9517047861864831,1.7913100334863803,45.84039354002562,rewrite,-0.1603947527001029,0.9517047861864831,0.7913100334863803,0.1685341452813437,0.990958251253704,True
Llama,CounterFact,MEMIT,NAS,canonical,1000,Llama|CounterFact|MEMIT|NAS|canonical|1000,21.5,72.8,36.1,-0.18714242619714466,1.2393370199861662,1.4930506557442045,1.2570801291530584,0.49305065574420437,0.04113683747258115,1.6529272411717975,2.3197792262500894,55.594509591804844,rewrite,-0.3331480149217082,1.6529272411717975,1.3197792262500894,0.20155032031871653,0.9757170711597287,True
Llama,CounterFact,MEMIT,Native,canonical,1000,Llama|CounterFact|MEMIT|Native|canonical|1000,0.6,0.0,0.0,111697.34678689766,1591478.1632836137,1595720.1869029265,1595720.1161111738,1595719.1869029265,13356128862.941536,2554178300671.592,2567534652930.227,85.93973484869518,rewrite,13356352257.635109,2554178300671.592,2567534652929.227,-0.005229216869520507,0.9947980721468406,False
Llama,CounterFact,MEMIT,SADR,canonical,1000,Llama|CounterFact|MEMIT|SADR|canonical|1000,0.6,0.0,0.0,67590.42815935078,1192198.0268761907,1194329.6892965694,1194329.6319437458,1194328.6892965694,5011461697.960306,1433275333084.5054,1438286929964.3218,86.71153699157347,rewrite,5011596878.816625,1433275333084.5054,1438286929963.3218,-0.0034966044298211213,0.9965156728712662,False
Llama,CounterFact,MEMIT,SPHERE,canonical,1000,Llama|CounterFact|MEMIT|SPHERE|canonical|1000,0.6,0.0,0.0,41.520010606424634,297.7689824782058,300.9447904733489,300.8034785541241,299.9447904733489,1792.4633563047535,89610.122866483,91486.62624400061,81.77711657871932,rewrite,1875.5033775176028,89610.122866483,91485.62624400061,-0.0209295927460345,0.9803893584374545,False
Llama,zsRE,AlphaEdit,ENCORE,canonical,1000,Llama|zsRE|AlphaEdit|ENCORE|canonical|1000,44.79849124696024,75.4,63.2,0.061460913255409554,1.6497889815626414,1.9675138904663219,1.652859967414454,0.9675138904663216,0.011299403983086143,2.8378521894629785,3.972073419956884,56.619656637787834,rewrite,0.13422123049390525,2.8378521894629785,2.972073419956884,-0.04729676584012102,0.996034116257949,True
Llama,zsRE,AlphaEdit,NAS,canonical,1000,Llama|zsRE|AlphaEdit|NAS|canonical|1000,66.19763838846072,83.4,64.4,-0.15788934186912343,0.942914829821631,1.2671622923629215,0.9569961581731605,0.26716229236292144,0.027099484963973366,0.8992357214747435,1.6105565227004701,48.08390975380188,rewrite,-0.2886791987742735,0.8992357214747435,0.6105565227004701,0.3210272811458608,0.9707454874049783,True
Llama,zsRE,AlphaEdit,Native,canonical,1000,Llama|zsRE|AlphaEdit|Native|canonical|1000,43.60455964291252,74.2,61.0,0.0916417656446592,1.7568428444833388,2.0739404982369214,1.7613211126010275,1.0739404982369216,0.017718457611122364,3.218187571281653,4.419189560182094,57.540527591584414,rewrite,0.20100198890044077,3.218187571281653,3.419189560182094,-0.06245813348299991,0.9945244214594251,True
Llama,zsRE,AlphaEdit,SADR,canonical,1000,Llama|zsRE|AlphaEdit|SADR|canonical|1000,48.12336063724642,62.4,44.8,0.1638642196794787,2.024120199187192,2.3421779562579905,2.0326187192091996,1.3421779562579905,0.03927834716083327,4.327673766075735,5.694680552595527,59.29764175636049,rewrite,0.3670067865197907,4.327673766075735,4.694680552595527,-0.08480463324124049,0.9910055466278695,True
Llama,zsRE,AlphaEdit,SPHERE,canonical,1000,Llama|zsRE|AlphaEdit|SPHERE|canonical|1000,47.57371262047124,83.5,69.0,0.002022325605223718,1.4482483452620303,1.7658477397170382,1.4497577937234458,0.7658477397170382,0.004260053282953706,2.160353074436646,3.168657778930047,54.85643222371046,rewrite,0.008304704493401142,2.160353074436646,2.168657778930047,-0.0038441422338183102,0.9980319562750497,True
Llama,zsRE,MEMIT,ENCORE,canonical,1000,Llama|zsRE|MEMIT|ENCORE|canonical|1000,62.98222460023886,72.39999999999999,56.00000000000001,-0.06159739350283596,0.9582808919808078,1.3450813055494746,0.9613982709101441,0.3450813055494747,0.00574569312150507,0.9390555523623692,1.8216064584782026,45.30058243467998,rewrite,-0.11744909388416686,0.9390555523623692,0.8216064584782026,0.12507150784498508,0.993918622409772,True
Llama,zsRE,MEMIT,NAS,canonical,1000,Llama|zsRE|MEMIT|NAS|canonical|1000,74.3595854754703,39.0,29.3,-0.4622890189542668,0.8654527110947473,1.0288780342005133,0.989897228990311,0.08298155703481394,0.23518362057179165,0.7601224497562046,1.0707280324194626,58.365999170079014,rewrite,-0.6893944173367419,0.7601224497562046,0.07072803241946257,0.9069517911987109,0.7637072378205344,True
Llama,zsRE,MEMIT,Native,canonical,1000,Llama|zsRE|MEMIT|Native|canonical|1000,0.0,0.0,0.0,34278.63521401865,424619.89458470297,426109.29339510127,426109.21197288705,426108.29339510127,1250189889.8525903,181915965598.2697,183166224046.39273,85.32845873543057,rewrite,1250258447.1230183,181915965598.2697,183166224045.39273,-0.0068727252333860575,0.9931745584410998,False
Llama,zsRE,MEMIT,SADR,canonical,1000,Llama|zsRE|MEMIT|SADR|canonical|1000,0.0,0.0,0.0,39868.66984280733,416687.25484781474,418742.96077333664,418742.86433609907,418741.96077333664,1691968312.9531426,175197299261.61948,176889347312.9123,84.46394057372225,rewrite,1692048050.2928283,175197299261.61948,176889347311.9123,-0.009657957385325436,0.9904348729792787,False
Llama,zsRE,MEMIT,SPHERE,canonical,1000,Llama|zsRE|MEMIT|SPHERE|canonical|1000,0.0,0.0,0.0,67.42481970152807,556.1342194620087,560.597728630728,560.4749670317108,559.597728630728,4774.863361920535,312433.7259902028,317344.4389915264,82.89401764424277,rewrite,4909.713001323591,312433.7259902028,317343.4389915264,-0.015714414267419863,0.9849472444246454,False
GPT-2 XL,CounterFact,AlphaEdit,ENCORE,canonical,1000,GPT-2 XL|CounterFact|AlphaEdit|ENCORE|canonical|1000,61.0,91.3,29.0,-0.0031812047527900182,0.2218735956912278,1.0230998166485654,0.22286806464453116,0.0268772926330662,0.00045435748186805627,0.05331010065584534,1.0474020486321334,12.503203683932327,locality,-0.00590805202371198,0.05331010065584534,0.047402048632133376,0.11082425189651511,0.9915491107395846,True
GPT-2 XL,CounterFact,AlphaEdit,NAS,canonical,1000,GPT-2 XL|CounterFact|AlphaEdit|NAS|canonical|1000,47.9,95.3,41.3,-0.003219316540061352,0.269744416934448,1.0351833335789855,0.27067517570900784,0.0373280914897007,0.0005078089953091216,0.07854119378703607,1.0726103697022225,15.06396130191423,locality,-0.005930824084813582,0.07854119378703607,0.07261036970222245,0.07551227322690017,0.9935760227525281,True
GPT-2 XL,CounterFact,AlphaEdit,Native,canonical,1000,GPT-2 XL|CounterFact|AlphaEdit|Native|canonical|1000,48.3,92.5,36.4,-0.003098528663262331,0.2952083292988204,1.0436988244810363,0.29623178517256465,0.045750660131557,0.0006303608315368179,0.09636633765544995,1.0907996411604621,16.367940867763775,locality,-0.005566696494987844,0.09636633765544995,0.09079964116046213,0.057765985824750524,0.9935012135323205,True
GPT-2 XL,CounterFact,AlphaEdit,SADR,canonical,1000,GPT-2 XL|CounterFact|AlphaEdit|SADR|canonical|1000,53.6,95.7,24.4,-3.147494159815517e-05,0.2184527994145153,1.0250469755811364,0.21917894513702907,0.0264966708750745,0.00033481223853332865,0.05100504713419273,1.0512769094895298,12.284321182373274,locality,0.0002718623553370183,0.05100504713419273,0.05127690948952979,-0.005330106932785627,0.9934785127457674,True
GPT-2 XL,CounterFact,AlphaEdit,SPHERE,canonical,1000,GPT-2 XL|CounterFact|AlphaEdit|SPHERE|canonical|1000,49.4,94.1,37.8,-0.0015321821350615967,0.2850082216797173,1.0416193004364835,0.285990218295242,0.04377742375643015,0.0005740675702021943,0.08875729471584683,1.0862669980159259,15.824471530875943,locality,-0.002490296699920999,0.08875729471584683,0.08626699801592586,0.02805737497851406,0.9935737286938046,True
GPT-2 XL,CounterFact,MEMIT,ENCORE,canonical,1000,GPT-2 XL|CounterFact|MEMIT|ENCORE|canonical|1000,39.5,71.8,24.6,-0.004857118661171331,0.179727470086691,1.012428866640192,0.18011409541688786,0.0140442492653983,0.0001453702908849833,0.03475940343855813,1.0251905364071003,10.218304475352474,locality,-0.009568867031457678,0.03475940343855813,0.02519053640710034,0.27528858624895347,0.9958352318221058,True
GPT-2 XL,CounterFact,MEMIT,NAS,canonical,1000,GPT-2 XL|CounterFact|MEMIT|NAS|canonical|1000,18.4,62.4,26.9,-0.011261474846332433,0.3218096556492358,1.0452952593538516,0.32246697132720137,0.0455755010852211,0.00045555655574140377,0.11619860292331369,1.0941312097863902,17.859306685624436,locality,-0.022067393136923463,0.11619860292331369,0.09413120978639022,0.18991100221305618,0.996094810868504,True
GPT-2 XL,CounterFact,MEMIT,Native,canonical,1000,GPT-2 XL|CounterFact|MEMIT|Native|canonical|1000,20.599999999999998,64.5,27.8,-0.0135650519419947,0.2856526914038595,1.0315754183400232,0.28647861572751127,0.0324099835149061,0.0005289346102313229,0.09163583018720485,1.0650346609134467,16.038296379123697,locality,-0.02660116927375808,0.09163583018720485,0.06503466091344667,0.29029222760806517,0.9942609888779749,True
GPT-2 XL,CounterFact,MEMIT,SADR,canonical,1000,GPT-2 XL|CounterFact|MEMIT|SADR|canonical|1000,14.099999999999998,73.2,20.1,-0.010700138895283788,0.2076183990603926,1.0161027243140273,0.20812084684142554,0.017900725440819,0.000254159192207827,0.05436758475819276,1.0332214661598331,11.737548280463146,locality,-0.02114611859835975,0.05436758475819276,0.033221466159833124,0.3889471767489763,0.9953469227852076,True
GPT-2 XL,CounterFact,MEMIT,SPHERE,canonical,1000,GPT-2 XL|CounterFact|MEMIT|SPHERE|canonical|1000,30.0,73.3,29.5,-0.0005154203758629959,0.19647332393290567,1.0202110652438483,0.19690003519300414,0.02120860898474698,0.00017391700311107379,0.04199576820046198,1.041138844451847,11.088490869298996,locality,-0.0008569237486149181,0.04199576820046198,0.04113884445184701,0.020405002345105127,0.9958757813279493,True
GPT-2 XL,zsRE,AlphaEdit,ENCORE,canonical,1000,GPT-2 XL|zsRE|AlphaEdit|ENCORE|canonical|1000,73.61362153818581,75.6,40.2,-0.03409098961986564,0.2669203255666912,1.004641809107084,0.2699274589914,0.0175680421513523,0.0017724820549866011,0.0762083061932483,1.0097988090085037,15.424143287219605,locality,-0.06640949718474468,0.0762083061932483,0.009798809008503717,0.8714207217300448,0.9772702726555637,True
GPT-2 XL,zsRE,AlphaEdit,NAS,canonical,1000,GPT-2 XL|zsRE|AlphaEdit|NAS|canonical|1000,71.57744566584532,77.4,48.4,-0.03505490935381817,0.3005371765491915,1.013658023569858,0.3034708780345927,0.0220192693931121,0.001940690371937925,0.09632455691853162,1.0281554285828334,17.258667998011763,locality,-0.06816912833569842,0.09632455691853162,0.028155428582833375,0.7077024853937693,0.9802504911405627,True
GPT-2 XL,zsRE,AlphaEdit,Native,canonical,1000,GPT-2 XL|zsRE|AlphaEdit|Native|canonical|1000,68.81093778696157,80.9,50.6,-0.03618585884264134,0.3086853508081536,1.0152473439607084,0.31164137034986344,0.0228899331913361,0.0019975097687635916,0.10179271413221096,1.031418506215692,17.708114754996128,locality,-0.07037420791651909,0.10179271413221096,0.03141850621569198,0.6913481825930615,0.9807543553363042,True
GPT-2 XL,zsRE,AlphaEdit,SADR,canonical,1000,GPT-2 XL|zsRE|AlphaEdit|SADR|canonical|1000,76.4055877573447,76.9,41.6,-0.028896842118668466,0.2883272476875633,1.0156402100341757,0.29034192215460974,0.0208461215568554,0.0012409270691333854,0.08864197111031039,1.0320892139421067,16.484037124238725,locality,-0.05655275716820355,0.08864197111031039,0.03208921394210673,0.6379907447886797,0.9861939579801269,True
GPT-2 XL,zsRE,AlphaEdit,SPHERE,canonical,1000,GPT-2 XL|zsRE|AlphaEdit|SPHERE|canonical|1000,68.74706316014681,84.7,56.3,-0.03565155189355222,0.3050894324131395,1.014588573523309,0.30804428761398983,0.02264912004144997,0.0019754724391647122,0.09940945470202868,1.030081823354089,17.508483570757782,locality,-0.06932763134793973,0.09940945470202868,0.030081823354088932,0.6973947453563986,0.9805151269042826,True
GPT-2 XL,zsRE,MEMIT,ENCORE,canonical,1000,GPT-2 XL|zsRE|MEMIT|ENCORE|canonical|1000,59.4735881589224,59.6,36.2,-0.03790931396578822,0.2427686185931271,0.9962618403125012,0.24600952889836883,0.0134716194841471,0.0017890133981386409,0.06686415689418262,0.9928345423607448,14.116663631294818,locality,-0.0740296145334378,0.06686415689418262,-0.007165457639255246,1.1071644057457426,0.9739412850051772,True
GPT-2 XL,zsRE,MEMIT,NAS,canonical,1000,GPT-2 XL|zsRE|MEMIT|NAS|canonical|1000,47.743355934570495,52.9,36.8,-0.05678246581440345,0.3640348508136367,1.021576623197748,0.36878553227408256,0.0303181553106981,0.0039613108043415534,0.15522553237317338,1.045621911548708,20.822617665132743,locality,-0.10960362082446536,0.15522553237317338,0.04562191154870798,0.7060927358327259,0.9751153378930685,True
GPT-2 XL,zsRE,MEMIT,Native,canonical,1000,GPT-2 XL|zsRE|MEMIT|Native|canonical|1000,36.57507449808773,38.1,25.7,-0.07624361146709012,0.518054489471453,1.076888977819978,0.5239962700537976,0.0801768352401103,0.006933207456134545,0.31331082886833345,1.1677568133902878,28.52845659908182,locality,-0.1455540154780457,0.31331082886833345,0.1677568133902878,0.46456745846857944,0.9783502371013401,True
GPT-2 XL,zsRE,MEMIT,SADR,canonical,1000,GPT-2 XL|zsRE|MEMIT|SADR|canonical|1000,27.611048634664947,31.0,18.8,-0.07191946062469047,0.6703764685679379,1.1741347110420484,0.6745196812637296,0.1752138715708524,0.006491022619817514,0.546439211903898,1.4090913132743346,34.161760817526314,locality,-0.13734789862956343,0.546439211903898,0.40909131327433457,0.2513507369850294,0.9882606842336832,True
GPT-2 XL,zsRE,MEMIT,SPHERE,canonical,1000,GPT-2 XL|zsRE|MEMIT|SPHERE|canonical|1000,59.12080452119408,60.5,38.6,-0.03671183385355937,0.2515430544553109,1.0003674914891416,0.25461348677887546,0.014082574330924498,0.0018000926451576073,0.07276113022706178,1.0011375551651007,14.578792756356572,locality,-0.07162357506196113,0.07276113022706178,0.0011375551651007232,0.9843658947909311,0.9758575225054644,True
Llama,CounterFact,AlphaEdit,ENCORE,canonical,1000,Llama|CounterFact|AlphaEdit|ENCORE|canonical|1000,13.15,67.10000000000001,28.9,-0.008692037229323681,0.5805128838972295,1.1552499792898308,0.5813407180167491,0.15525641856480973,0.0009662018166858144,0.3591672525094487,1.342749379867487,29.938068151897262,locality,-0.016417872641961546,0.3591672525094487,0.342749379867487,0.04571093975648472,0.9973171006328925,True
Llama,CounterFact,AlphaEdit,NAS,canonical,1000,Llama|CounterFact|AlphaEdit|NAS|canonical|1000,24.45,93.5,45.4,-0.04398127731987328,0.3559768156703405,1.0227099436402631,0.3590369432811994,0.0251877642905577,0.0023157260957383866,0.13210156394088216,1.0464547353968743,20.363547377542783,locality,-0.08564682854400818,0.13210156394088216,0.04645473539687428,0.6483407613730954,0.9827721114217711,True
Llama,CounterFact,AlphaEdit,Native,canonical,1000,Llama|CounterFact|AlphaEdit|Native|canonical|1000,12.3,79.1,46.9,-0.007914828219172582,0.7836642094708312,1.2750656115204284,0.7847508597441326,0.2750656115204284,0.0017631391812838672,0.6672266425280519,1.6531601252709907,37.43694090708771,locality,-0.014066517257061296,0.6672266425280519,0.6531601252709907,0.021082067712051688,0.997364475169144,True
Llama,CounterFact,AlphaEdit,SADR,canonical,1000,Llama|CounterFact|AlphaEdit|SADR|canonical|1000,15.8,73.5,32.8,0.007215556199422386,0.8199636803591268,1.310667690150106,0.8206221957094804,0.310667690150106,0.0012162790564899156,0.7327148312546439,1.7483622227099787,38.19614860535741,locality,0.015647391455334687,0.7327148312546439,0.7483622227099787,-0.021355363352672022,0.9983427885268764,True
Llama,CounterFact,AlphaEdit,SPHERE,canonical,1000,Llama|CounterFact|AlphaEdit|SPHERE|canonical|1000,16.75,88.6,51.6,-0.030644398440490214,0.5574525733907351,1.1235216508236243,0.5589296325854121,0.12355869360110805,0.0016697411254249467,0.3265923476595389,1.2669732919039833,29.614384897098045,locality,-0.05961905575555548,0.3265923476595389,0.26697329190398333,0.1825488447074892,0.994913390298571,True
Llama,CounterFact,MEMIT,ENCORE,canonical,1000,Llama|CounterFact|MEMIT|ENCORE|canonical|1000,18.2,64.8,26.3,-0.025476087490399806,0.2338042449446445,1.0042269872233585,0.23543347690414249,0.011290921856012296,0.0008177921636295788,0.058851181003730844,1.008716798186561,13.45670785652897,locality,-0.05013438281717003,0.058851181003730844,0.008716798186561014,0.851884056736122,0.9862945158895927,True
Llama,CounterFact,MEMIT,NAS,canonical,1000,Llama|CounterFact|MEMIT|NAS|canonical|1000,21.5,72.8,36.1,-0.02768923987569091,0.2317583231549949,1.0028453034594822,0.23387223540179725,0.0162250539469643,0.0010267835466209849,0.06064473686160187,1.006293040656841,13.33424088037086,locality,-0.05435169620476083,0.06064473686160187,0.006293040656841109,0.8962310501700672,0.9833507664506341,True
Llama,CounterFact,MEMIT,Native,canonical,1000,Llama|CounterFact|MEMIT|Native|canonical|1000,0.6,0.0,0.0,79099.97756012087,1916297.2581194844,1918375.7515642515,1918375.7101003337,1918374.7515642515,7933835624.687207,3691176215514.531,3699110209340.173,87.62309210724933,locality,7933993824.642327,3691176215514.531,3699110209339.173,-0.002149448674732634,0.9978552042207439,False
Llama,CounterFact,MEMIT,SADR,canonical,1000,Llama|CounterFact|MEMIT|SADR|canonical|1000,0.6,0.0,0.0,38364.58507135485,1435128.7260200162,1435943.6779042028,1435943.6509595963,1435942.6779042028,2324734197.579415,2070362730640.377,2072687541568.1265,88.45570125883626,locality,2324810926.7495575,2070362730640.377,2072687541567.1265,-0.0011229002977804175,0.9988783961706639,False
Llama,CounterFact,MEMIT,SPHERE,canonical,1000,Llama|CounterFact|MEMIT|SPHERE|canonical|1000,0.6,0.0,0.0,28.46539621209839,324.3058357127829,325.80303521434814,325.71303861173834,324.80303521434814,912.0129511406311,106974.0540605463,107943.99780411112,84.74452586243069,locality,968.9437435648279,106974.0540605463,107942.99780411112,-0.009057745376429454,0.991546517762652,False
Llama,zsRE,AlphaEdit,ENCORE,canonical,1000,Llama|zsRE|AlphaEdit|ENCORE|canonical|1000,44.79849124696024,75.4,63.2,0.02548107471842991,0.6861530981123118,1.2532913473463467,0.6879558665508241,0.25333253858052635,0.003336296302394892,0.5627862383461406,1.6170846840853954,32.23824534736424,locality,0.05429844573925471,0.5627862383461406,0.6170846840853954,-0.09648147385199307,0.9941067594059542,True
Llama,zsRE,AlphaEdit,NAS,canonical,1000,Llama|zsRE|AlphaEdit|NAS|canonical|1000,66.19763838846072,83.4,64.4,-0.04437415186738444,0.4293099553972743,1.0555497378426997,0.43205979340246975,0.0561317167132373,0.0027087481360082133,0.20255813219198865,1.116518576593228,23.92186848786596,locality,-0.08603955559876067,0.20255813219198865,0.11651857659322795,0.4247647560119218,0.9868037740346621,True
Llama,zsRE,AlphaEdit,Native,canonical,1000,Llama|zsRE|AlphaEdit|Native|canonical|1000,43.60455964291252,74.2,61.0,0.041092233352460636,0.7585254152790506,1.308328803645135,0.7610872390981733,0.3083362534290879,0.005326132088883265,0.6845899089427447,1.7721005077365493,34.37859715871829,locality,0.08751059879380453,0.6845899089427447,0.7721005077365493,-0.12782922688555642,0.9922800286236002,True
Llama,zsRE,AlphaEdit,SADR,canonical,1000,Llama|zsRE|AlphaEdit|SADR|canonical|1000,48.12336063724642,62.4,44.8,0.09045282820574721,0.8164889353891812,1.3857294917807137,0.8225738883690925,0.3857294917807135,0.013957176485086145,0.8151009682288866,2.0099638011254672,34.76733214039409,locality,0.19486283289658057,0.8151009682288866,1.0099638011254672,-0.239065883236519,0.9831650209649634,True
Llama,zsRE,AlphaEdit,SPHERE,canonical,1000,Llama|zsRE|AlphaEdit|SPHERE|canonical|1000,47.57371262047124,83.5,69.0,0.00205734438732237,0.6227608916610539,1.1964985032714213,0.6240488169895677,0.19657248947139494,0.0018501823842104193,0.45569250283010365,1.461657373988959,30.631276385899874,locality,0.005964871158855159,0.45569250283010365,0.4616573739889589,-0.013089684648770816,0.9959562627837799,True
Llama,zsRE,MEMIT,ENCORE,canonical,1000,Llama|zsRE|MEMIT|ENCORE|canonical|1000,62.98222460023886,72.39999999999999,56.00000000000001,-0.02124585201627017,0.369151819060625,1.0564280411952391,0.3703843086704418,0.058916319689669296,0.0008366742978091696,0.1632161687246317,1.1215611389899005,20.175675203431,locality,-0.04165502973473117,0.1632161687246317,0.12156113898990051,0.2552138679655505,0.9948999707509201,True
Llama,zsRE,MEMIT,NAS,canonical,1000,Llama|zsRE|MEMIT|NAS|canonical|1000,74.3595854754703,39.0,29.3,-0.1135418505927125,0.4433981895774673,1.0045404756858558,0.4594650072315109,0.0319081822855725,0.017857270107979887,0.22031872120215912,1.011092290124714,26.407428043128625,locality,-0.20922643107744512,0.22031872120215912,0.01109229012471391,0.9496534381454766,0.925024894365918,True
Llama,zsRE,MEMIT,Native,canonical,1000,Llama|zsRE|MEMIT|Native|canonical|1000,0.0,0.0,0.0,41484.532949276596,412522.8832659037,414734.840276316,414734.73983813415,414733.840276316,1825180175.1654046,171215197769.63385,173040460914.86514,84.23377265185084,locality,1825263144.2313032,171215197769.63385,173040460913.86514,-0.01066063742009137,0.9894522873976406,False
Llama,zsRE,MEMIT,SADR,canonical,1000,Llama|zsRE|MEMIT|SADR|canonical|1000,0.0,0.0,0.0,45303.183946398094,404831.379064947,407519.2484741552,407519.1366034268,407518.2484741552,2167783251.8464055,164902927225.8751,167070801085.08942,83.5743057656789,locality,2167873858.2142982,164902927225.8751,167070801084.08942,-0.013146363710359502,0.9870247558913956,False
Llama,zsRE,MEMIT,SPHERE,canonical,1000,Llama|zsRE|MEMIT|SPHERE|canonical|1000,0.0,0.0,0.0,72.61457708521685,535.7449690214114,541.0354036582266,540.899616832874,540.0354036582266,5522.120845148502,288636.31649349374,294304.6664928126,82.13954227801278,locality,5667.349999318935,288636.31649349374,294303.6664928126,-0.0196349165904308,0.9812273926421791,False
