model,dataset,editor,method,order_id,edit_count,dose_fraction,delta_EFF_TF,delta_GEN_TF,delta_LOC,intervened_EFF_TF,intervened_GEN_TF,intervened_LOC,baseline_LOC,baseline_EFF_TF,baseline_GEN_TF,LOC_up_no_edit_loss,LOC_up_both_losses_at_most_1pp,baseline_LOC_at_most_5
GPT-2 XL,CounterFact,AlphaEdit,ENCORE,canonical,1000,0.0,0.0,0.0,0.0,86.0,49.0,51.0,51.0,86.0,49.0,False,False,False
GPT-2 XL,CounterFact,AlphaEdit,ENCORE,canonical,1000,0.25,-1.0,-0.5,1.0,85.0,48.5,52.0,51.0,86.0,49.0,False,True,False
GPT-2 XL,CounterFact,AlphaEdit,ENCORE,canonical,1000,0.5,-1.0,-1.0,1.0,85.0,48.0,52.0,51.0,86.0,49.0,False,True,False
GPT-2 XL,CounterFact,AlphaEdit,ENCORE,canonical,1000,0.75,-1.0,-1.5,3.0,85.0,47.5,54.0,51.0,86.0,49.0,False,False,False
GPT-2 XL,CounterFact,AlphaEdit,ENCORE,canonical,1000,1.0,-1.0,-1.0,3.0,85.0,48.0,54.0,51.0,86.0,49.0,False,True,False
GPT-2 XL,CounterFact,AlphaEdit,NAS,canonical,1000,0.0,0.0,0.0,0.0,96.5,64.5,41.0,41.0,96.5,64.5,False,False,False
GPT-2 XL,CounterFact,AlphaEdit,NAS,canonical,1000,0.25,0.5,1.0,2.0,97.0,65.5,43.0,41.0,96.5,64.5,True,True,False
GPT-2 XL,CounterFact,AlphaEdit,NAS,canonical,1000,0.5,1.0,0.0,4.0,97.5,64.5,45.0,41.0,96.5,64.5,True,True,False
GPT-2 XL,CounterFact,AlphaEdit,NAS,canonical,1000,0.75,0.5,0.0,5.0,97.0,64.5,46.0,41.0,96.5,64.5,True,True,False
GPT-2 XL,CounterFact,AlphaEdit,NAS,canonical,1000,1.0,0.5,1.0,8.0,97.0,65.5,49.0,41.0,96.5,64.5,True,True,False
GPT-2 XL,CounterFact,AlphaEdit,Native,canonical,1000,0.0,0.0,0.0,0.0,93.0,57.5,42.0,42.0,93.0,57.5,False,False,False
GPT-2 XL,CounterFact,AlphaEdit,Native,canonical,1000,0.25,0.0,1.5,0.0,93.0,59.0,42.0,42.0,93.0,57.5,False,False,False
GPT-2 XL,CounterFact,AlphaEdit,Native,canonical,1000,0.5,1.0,1.5,4.0,94.0,59.0,46.0,42.0,93.0,57.5,True,True,False
GPT-2 XL,CounterFact,AlphaEdit,Native,canonical,1000,0.75,2.5,1.5,5.0,95.5,59.0,47.0,42.0,93.0,57.5,True,True,False
GPT-2 XL,CounterFact,AlphaEdit,Native,canonical,1000,1.0,2.5,2.0,5.0,95.5,59.5,47.0,42.0,93.0,57.5,True,True,False
GPT-2 XL,CounterFact,AlphaEdit,SADR,canonical,1000,0.0,0.0,0.0,0.0,96.0,36.5,51.0,51.0,96.0,36.5,False,False,False
GPT-2 XL,CounterFact,AlphaEdit,SADR,canonical,1000,0.25,0.5,0.5,1.0,96.5,37.0,52.0,51.0,96.0,36.5,True,True,False
GPT-2 XL,CounterFact,AlphaEdit,SADR,canonical,1000,0.5,0.5,2.0,2.0,96.5,38.5,53.0,51.0,96.0,36.5,True,True,False
GPT-2 XL,CounterFact,AlphaEdit,SADR,canonical,1000,0.75,0.5,1.0,2.0,96.5,37.5,53.0,51.0,96.0,36.5,True,True,False
GPT-2 XL,CounterFact,AlphaEdit,SADR,canonical,1000,1.0,0.5,1.5,2.0,96.5,38.0,53.0,51.0,96.0,36.5,True,True,False
GPT-2 XL,CounterFact,AlphaEdit,SPHERE,canonical,1000,0.0,0.0,0.0,0.0,94.5,57.5,42.0,42.0,94.5,57.5,False,False,False
GPT-2 XL,CounterFact,AlphaEdit,SPHERE,canonical,1000,0.25,1.0,0.5,2.0,95.5,58.0,44.0,42.0,94.5,57.5,True,True,False
GPT-2 XL,CounterFact,AlphaEdit,SPHERE,canonical,1000,0.5,1.0,1.0,4.0,95.5,58.5,46.0,42.0,94.5,57.5,True,True,False
GPT-2 XL,CounterFact,AlphaEdit,SPHERE,canonical,1000,0.75,2.0,1.5,3.0,96.5,59.0,45.0,42.0,94.5,57.5,True,True,False
GPT-2 XL,CounterFact,AlphaEdit,SPHERE,canonical,1000,1.0,1.5,1.5,4.0,96.0,59.0,46.0,42.0,94.5,57.5,True,True,False
GPT-2 XL,CounterFact,MEMIT,ENCORE,canonical,1000,0.0,0.0,0.0,0.0,88.0,61.5,35.0,35.0,88.0,61.5,False,False,False
GPT-2 XL,CounterFact,MEMIT,ENCORE,canonical,1000,0.25,-0.5,0.5,-1.0,87.5,62.0,34.0,35.0,88.0,61.5,False,False,False
GPT-2 XL,CounterFact,MEMIT,ENCORE,canonical,1000,0.5,-0.5,0.5,-1.0,87.5,62.0,34.0,35.0,88.0,61.5,False,False,False
GPT-2 XL,CounterFact,MEMIT,ENCORE,canonical,1000,0.75,-1.0,0.0,-1.0,87.0,61.5,34.0,35.0,88.0,61.5,False,False,False
GPT-2 XL,CounterFact,MEMIT,ENCORE,canonical,1000,1.0,-2.0,-0.5,-2.0,86.0,61.0,33.0,35.0,88.0,61.5,False,False,False
GPT-2 XL,CounterFact,MEMIT,NAS,canonical,1000,0.0,0.0,0.0,0.0,81.0,67.5,15.0,15.0,81.0,67.5,False,False,False
GPT-2 XL,CounterFact,MEMIT,NAS,canonical,1000,0.25,0.5,-0.5,-2.0,81.5,67.0,13.0,15.0,81.0,67.5,False,False,False
GPT-2 XL,CounterFact,MEMIT,NAS,canonical,1000,0.5,0.5,-1.0,0.0,81.5,66.5,15.0,15.0,81.0,67.5,False,False,False
GPT-2 XL,CounterFact,MEMIT,NAS,canonical,1000,0.75,0.5,-1.5,0.0,81.5,66.0,15.0,15.0,81.0,67.5,False,False,False
GPT-2 XL,CounterFact,MEMIT,NAS,canonical,1000,1.0,-0.5,-1.0,0.0,80.5,66.5,15.0,15.0,81.0,67.5,False,False,False
GPT-2 XL,CounterFact,MEMIT,Native,canonical,1000,0.0,0.0,0.0,0.0,83.5,65.5,18.0,18.0,83.5,65.5,False,False,False
GPT-2 XL,CounterFact,MEMIT,Native,canonical,1000,0.25,0.0,0.0,0.0,83.5,65.5,18.0,18.0,83.5,65.5,False,False,False
GPT-2 XL,CounterFact,MEMIT,Native,canonical,1000,0.5,-1.0,0.0,-1.0,82.5,65.5,17.0,18.0,83.5,65.5,False,False,False
GPT-2 XL,CounterFact,MEMIT,Native,canonical,1000,0.75,-1.0,-1.0,-1.0,82.5,64.5,17.0,18.0,83.5,65.5,False,False,False
GPT-2 XL,CounterFact,MEMIT,Native,canonical,1000,1.0,-0.5,-1.0,-1.0,83.0,64.5,17.0,18.0,83.5,65.5,False,False,False
GPT-2 XL,CounterFact,MEMIT,SADR,canonical,1000,0.0,0.0,0.0,0.0,87.5,60.0,15.0,15.0,87.5,60.0,False,False,False
GPT-2 XL,CounterFact,MEMIT,SADR,canonical,1000,0.25,0.5,0.0,0.0,88.0,60.0,15.0,15.0,87.5,60.0,False,False,False
GPT-2 XL,CounterFact,MEMIT,SADR,canonical,1000,0.5,0.5,0.5,1.0,88.0,60.5,16.0,15.0,87.5,60.0,True,True,False
GPT-2 XL,CounterFact,MEMIT,SADR,canonical,1000,0.75,1.0,-1.0,1.0,88.5,59.0,16.0,15.0,87.5,60.0,False,True,False
GPT-2 XL,CounterFact,MEMIT,SADR,canonical,1000,1.0,0.5,0.0,2.0,88.0,60.0,17.0,15.0,87.5,60.0,True,True,False
GPT-2 XL,CounterFact,MEMIT,SPHERE,canonical,1000,0.0,0.0,0.0,0.0,88.5,65.5,29.0,29.0,88.5,65.5,False,False,False
GPT-2 XL,CounterFact,MEMIT,SPHERE,canonical,1000,0.25,0.0,0.0,1.0,88.5,65.5,30.0,29.0,88.5,65.5,True,True,False
GPT-2 XL,CounterFact,MEMIT,SPHERE,canonical,1000,0.5,0.0,-0.5,1.0,88.5,65.0,30.0,29.0,88.5,65.5,False,True,False
GPT-2 XL,CounterFact,MEMIT,SPHERE,canonical,1000,0.75,-0.5,-0.5,-1.0,88.0,65.0,28.0,29.0,88.5,65.5,False,False,False
GPT-2 XL,CounterFact,MEMIT,SPHERE,canonical,1000,1.0,0.0,0.5,-1.0,88.5,66.0,28.0,29.0,88.5,65.5,False,False,False
GPT-2 XL,zsRE,AlphaEdit,ENCORE,canonical,1000,0.0,0.0,0.0,0.0,90.37857142857142,71.51666666666667,70.26517926517927,70.26517926517927,90.37857142857142,71.51666666666667,False,False,False
GPT-2 XL,zsRE,AlphaEdit,ENCORE,canonical,1000,0.25,1.885714285714286,-0.4404761904761905,-0.2924242424242422,92.26428571428572,71.07619047619046,69.97275502275502,70.26517926517927,90.37857142857142,71.51666666666667,False,False,False
GPT-2 XL,zsRE,AlphaEdit,ENCORE,canonical,1000,0.5,1.5523809523809524,-3.7404761904761914,0.1788059163059166,91.9309523809524,67.77619047619048,70.44398518148517,70.26517926517927,90.37857142857142,71.51666666666667,False,False,False
GPT-2 XL,zsRE,AlphaEdit,ENCORE,canonical,1000,0.75,-6.807142857142858,-8.757142857142858,0.0788059163059166,83.57142857142857,62.7595238095238,70.34398518148518,70.26517926517927,90.37857142857142,71.51666666666667,False,False,False
GPT-2 XL,zsRE,AlphaEdit,ENCORE,canonical,1000,1.0,-19.15,-14.01904761904762,0.4771575646575648,71.22857142857143,57.49761904761905,70.74233682983683,70.26517926517927,90.37857142857142,71.51666666666667,False,False,False
GPT-2 XL,zsRE,AlphaEdit,NAS,canonical,1000,0.0,0.0,0.0,0.0,92.38095238095237,76.62619047619047,69.98003524253524,69.98003524253524,92.38095238095237,76.62619047619047,False,False,False
GPT-2 XL,zsRE,AlphaEdit,NAS,canonical,1000,0.25,1.5666666666666669,0.026190476190476,0.573809523809524,93.94761904761904,76.65238095238095,70.55384476634477,69.98003524253524,92.38095238095237,76.62619047619047,True,True,False
GPT-2 XL,zsRE,AlphaEdit,NAS,canonical,1000,0.5,-1.85,-5.740476190476191,0.7682539682539681,90.5309523809524,70.88571428571427,70.74828921078921,69.98003524253524,92.38095238095237,76.62619047619047,False,False,False
GPT-2 XL,zsRE,AlphaEdit,NAS,canonical,1000,0.75,-10.526190476190475,-9.807142857142855,1.022222222222222,81.8547619047619,66.81904761904761,71.00225746475746,69.98003524253524,92.38095238095237,76.62619047619047,False,False,False
GPT-2 XL,zsRE,AlphaEdit,NAS,canonical,1000,1.0,-16.826190476190476,-15.759523809523811,1.134126984126984,75.5547619047619,60.86666666666666,71.11416222666223,69.98003524253524,92.38095238095237,76.62619047619047,False,False,False
GPT-2 XL,zsRE,AlphaEdit,Native,canonical,1000,0.0,0.0,0.0,0.0,92.79047619047618,77.22619047619048,65.07697580197579,65.07697580197579,92.79047619047618,77.22619047619048,False,False,False
GPT-2 XL,zsRE,AlphaEdit,Native,canonical,1000,0.25,1.75,0.5000000000000001,0.626923076923077,94.54047619047618,77.72619047619047,65.70389887889887,65.07697580197579,92.79047619047618,77.22619047619048,True,True,False
GPT-2 XL,zsRE,AlphaEdit,Native,canonical,1000,0.5,0.016666666666667,-3.5476190476190474,1.4257326007326008,92.80714285714286,73.67857142857143,66.5027084027084,65.07697580197579,92.79047619047618,77.22619047619048,False,False,False
GPT-2 XL,zsRE,AlphaEdit,Native,canonical,1000,0.75,-3.45,-5.883333333333333,2.129141691641692,89.34047619047618,71.34285714285714,67.20611749361748,65.07697580197579,92.79047619047618,77.22619047619048,False,False,False
GPT-2 XL,zsRE,AlphaEdit,Native,canonical,1000,1.0,-9.65952380952381,-8.8,2.049776612276612,83.13095238095237,68.42619047619047,67.12675241425241,65.07697580197579,92.79047619047618,77.22619047619048,False,False,False
GPT-2 XL,zsRE,AlphaEdit,SADR,canonical,1000,0.0,0.0,0.0,0.0,90.96428571428572,73.88333333333333,75.71280247530248,75.71280247530248,90.96428571428572,73.88333333333333,False,False,False
GPT-2 XL,zsRE,AlphaEdit,SADR,canonical,1000,0.25,2.392857142857143,0.4738095238095237,1.674267399267399,93.35714285714286,74.35714285714285,77.38706987456987,75.71280247530248,90.96428571428572,73.88333333333333,True,True,False
GPT-2 XL,zsRE,AlphaEdit,SADR,canonical,1000,0.5,0.2499999999999995,-2.976190476190476,1.736767399267399,91.21428571428572,70.90714285714286,77.44956987456987,75.71280247530248,90.96428571428572,73.88333333333333,False,False,False
GPT-2 XL,zsRE,AlphaEdit,SADR,canonical,1000,0.75,-8.426190476190476,-7.602380952380953,1.6459554334554338,82.53809523809522,66.28095238095239,77.35875790875791,75.71280247530248,90.96428571428572,73.88333333333333,False,False,False
GPT-2 XL,zsRE,AlphaEdit,SADR,canonical,1000,1.0,-15.47857142857143,-13.81904761904762,3.2615689865689865,75.48571428571428,60.06428571428571,78.97437146187146,75.71280247530248,90.96428571428572,73.88333333333333,False,False,False
GPT-2 XL,zsRE,AlphaEdit,SPHERE,canonical,1000,0.0,0.0,0.0,0.0,94.5047619047619,78.08333333333333,62.488783438783436,62.488783438783436,94.5047619047619,78.08333333333333,False,False,False
GPT-2 XL,zsRE,AlphaEdit,SPHERE,canonical,1000,0.25,1.1166666666666667,0.8999999999999997,2.033333333333333,95.62142857142857,78.98333333333333,64.52211677211677,62.488783438783436,94.5047619047619,78.08333333333333,True,True,False
GPT-2 XL,zsRE,AlphaEdit,SPHERE,canonical,1000,0.5,0.1666666666666667,0.3499999999999997,2.7059523809523807,94.67142857142855,78.43333333333334,65.19473581973581,62.488783438783436,94.5047619047619,78.08333333333333,True,True,False
GPT-2 XL,zsRE,AlphaEdit,SPHERE,canonical,1000,0.75,-4.042857142857144,-1.5261904761904768,2.563095238095238,90.46190476190475,76.55714285714286,65.05187867687867,62.488783438783436,94.5047619047619,78.08333333333333,False,False,False
GPT-2 XL,zsRE,AlphaEdit,SPHERE,canonical,1000,1.0,-10.178571428571429,-8.05952380952381,2.5107142857142857,84.32619047619048,70.02380952380952,64.99949772449772,62.488783438783436,94.5047619047619,78.08333333333333,False,False,False
GPT-2 XL,zsRE,MEMIT,ENCORE,canonical,1000,0.0,0.0,0.0,0.0,81.60238095238095,70.38571428571429,62.09346903096903,62.09346903096903,81.60238095238095,70.38571428571429,False,False,False
GPT-2 XL,zsRE,MEMIT,ENCORE,canonical,1000,0.25,-0.3238095238095239,0.1666666666666667,-1.0067460317460315,81.27857142857142,70.55238095238094,61.086722999223,62.09346903096903,81.60238095238095,70.38571428571429,False,False,False
GPT-2 XL,zsRE,MEMIT,ENCORE,canonical,1000,0.5,1.2928571428571427,0.9666666666666668,-1.097222222222222,82.89523809523808,71.35238095238095,60.9962468087468,62.09346903096903,81.60238095238095,70.38571428571429,False,False,False
GPT-2 XL,zsRE,MEMIT,ENCORE,canonical,1000,0.75,0.5999999999999999,-0.3333333333333331,-0.365613553113553,82.20238095238095,70.05238095238096,61.72785547785547,62.09346903096903,81.60238095238095,70.38571428571429,False,False,False
GPT-2 XL,zsRE,MEMIT,ENCORE,canonical,1000,1.0,-1.7333333333333334,-1.5595238095238095,0.759386446886447,79.86904761904762,68.82619047619048,62.85285547785547,62.09346903096903,81.60238095238095,70.38571428571429,False,False,False
GPT-2 XL,zsRE,MEMIT,NAS,canonical,1000,0.0,0.0,0.0,0.0,80.98095238095237,69.58571428571427,49.036610611610605,49.036610611610605,80.98095238095237,69.58571428571427,False,False,False
GPT-2 XL,zsRE,MEMIT,NAS,canonical,1000,0.25,0.3904761904761905,0.6238095238095238,2.022023809523809,81.37142857142857,70.2095238095238,51.05863442113442,49.036610611610605,80.98095238095237,69.58571428571427,True,True,False
GPT-2 XL,zsRE,MEMIT,NAS,canonical,1000,0.5,-0.2761904761904763,-0.9928571428571428,1.2303571428571425,80.70476190476191,68.59285714285714,50.26696775446774,49.036610611610605,80.98095238095237,69.58571428571427,False,True,False
GPT-2 XL,zsRE,MEMIT,NAS,canonical,1000,0.75,-1.619047619047619,-2.9595238095238097,1.744246031746031,79.36190476190475,66.62619047619047,50.78085664335664,49.036610611610605,80.98095238095237,69.58571428571427,False,False,False
GPT-2 XL,zsRE,MEMIT,NAS,canonical,1000,1.0,-5.302380952380953,-5.092857142857143,2.3211691086691086,75.67857142857142,64.49285714285713,51.35777972027972,49.036610611610605,80.98095238095237,69.58571428571427,False,False,False
GPT-2 XL,zsRE,MEMIT,Native,canonical,1000,0.0,0.0,0.0,0.0,70.0142857142857,64.12380952380953,39.092959817959816,39.092959817959816,70.0142857142857,64.12380952380953,False,False,False
GPT-2 XL,zsRE,MEMIT,Native,canonical,1000,0.25,-0.0333333333333331,2.8095238095238098,3.0654761904761902,69.98095238095237,66.93333333333334,42.158436008436,39.092959817959816,70.0142857142857,64.12380952380953,False,True,False
GPT-2 XL,zsRE,MEMIT,Native,canonical,1000,0.5,-0.7666666666666667,1.2833333333333328,4.324999999999999,69.24761904761904,65.40714285714286,43.41795981795981,39.092959817959816,70.0142857142857,64.12380952380953,False,True,False
GPT-2 XL,zsRE,MEMIT,Native,canonical,1000,0.75,-2.4261904761904765,1.133333333333333,5.942857142857142,67.58809523809524,65.25714285714285,45.03581696081696,39.092959817959816,70.0142857142857,64.12380952380953,False,False,False
GPT-2 XL,zsRE,MEMIT,Native,canonical,1000,1.0,-3.9595238095238097,-1.335714285714286,6.139743589743589,66.0547619047619,62.78809523809524,45.23270340770341,39.092959817959816,70.0142857142857,64.12380952380953,False,False,False
GPT-2 XL,zsRE,MEMIT,SADR,canonical,1000,0.0,0.0,0.0,0.0,61.65,54.58809523809523,28.712440337440334,28.712440337440334,61.65,54.58809523809523,False,False,False
GPT-2 XL,zsRE,MEMIT,SADR,canonical,1000,0.25,2.092857142857143,0.8095238095238093,2.299379786879787,63.74285714285715,55.397619047619045,31.011820124320124,28.712440337440334,61.65,54.58809523809523,True,True,False
GPT-2 XL,zsRE,MEMIT,SADR,canonical,1000,0.5,1.1928571428571428,1.576190476190476,4.276302863802864,62.842857142857135,56.1642857142857,32.9887432012432,28.712440337440334,61.65,54.58809523809523,True,True,False
GPT-2 XL,zsRE,MEMIT,SADR,canonical,1000,0.75,-0.2333333333333332,2.002380952380952,7.402060439560439,61.41666666666666,56.59047619047618,36.11450077700078,28.712440337440334,61.65,54.58809523809523,False,True,False
GPT-2 XL,zsRE,MEMIT,SADR,canonical,1000,1.0,-2.4,2.719047619047619,10.83374542124542,59.25,57.307142857142864,39.54618575868576,28.712440337440334,61.65,54.58809523809523,False,False,False
GPT-2 XL,zsRE,MEMIT,SPHERE,canonical,1000,0.0,0.0,0.0,0.0,83.81904761904761,71.90952380952382,59.87101232101232,59.87101232101232,83.81904761904761,71.90952380952382,False,False,False
GPT-2 XL,zsRE,MEMIT,SPHERE,canonical,1000,0.25,-0.6404761904761902,-0.3333333333333334,0.8498015873015871,83.17857142857143,71.57619047619048,60.7208139083139,59.87101232101232,83.81904761904761,71.90952380952382,False,True,False
GPT-2 XL,zsRE,MEMIT,SPHERE,canonical,1000,0.5,-1.1404761904761904,-0.41666666666666685,1.2694444444444444,82.67857142857142,71.49285714285713,61.140456765456754,59.87101232101232,83.81904761904761,71.90952380952382,False,False,False
GPT-2 XL,zsRE,MEMIT,SPHERE,canonical,1000,0.75,-1.807142857142857,-0.9404761904761905,1.2277777777777776,82.01190476190476,70.96904761904763,61.0987900987901,59.87101232101232,83.81904761904761,71.90952380952382,False,False,False
GPT-2 XL,zsRE,MEMIT,SPHERE,canonical,1000,1.0,-2.783333333333333,-1.7,1.7978535353535354,81.03571428571428,70.2095238095238,61.668865856365855,59.87101232101232,83.81904761904761,71.90952380952382,False,False,False
Llama,CounterFact,AlphaEdit,ENCORE,canonical,1000,0.0,0.0,0.0,0.0,83.0,63.5,9.0,9.0,83.0,63.5,False,False,False
Llama,CounterFact,AlphaEdit,ENCORE,canonical,1000,0.25,0.0,1.0,0.0,83.0,64.5,9.0,9.0,83.0,63.5,False,False,False
Llama,CounterFact,AlphaEdit,ENCORE,canonical,1000,0.5,-0.5,1.5,1.0,82.5,65.0,10.0,9.0,83.0,63.5,False,True,False
Llama,CounterFact,AlphaEdit,ENCORE,canonical,1000,0.75,1.0,1.5,1.0,84.0,65.0,10.0,9.0,83.0,63.5,True,True,False
Llama,CounterFact,AlphaEdit,ENCORE,canonical,1000,1.0,0.0,0.5,1.0,83.0,64.0,10.0,9.0,83.0,63.5,True,True,False
Llama,CounterFact,AlphaEdit,NAS,canonical,1000,0.0,0.0,0.0,0.0,94.66666666666666,66.83333333333333,22.0,22.0,94.66666666666666,66.83333333333333,False,False,False
Llama,CounterFact,AlphaEdit,NAS,canonical,1000,0.25,0.0,0.5,0.0,94.66666666666666,67.33333333333333,22.0,22.0,94.66666666666666,66.83333333333333,False,False,False
Llama,CounterFact,AlphaEdit,NAS,canonical,1000,0.5,-0.5,0.5,-1.0,94.16666666666666,67.33333333333333,21.0,22.0,94.66666666666666,66.83333333333333,False,False,False
Llama,CounterFact,AlphaEdit,NAS,canonical,1000,0.75,0.0,0.5,0.0,94.66666666666666,67.33333333333333,22.0,22.0,94.66666666666666,66.83333333333333,False,False,False
Llama,CounterFact,AlphaEdit,NAS,canonical,1000,1.0,0.0,0.0,0.0,94.66666666666666,66.83333333333333,22.0,22.0,94.66666666666666,66.83333333333333,False,False,False
Llama,CounterFact,AlphaEdit,Native,canonical,1000,0.0,0.0,0.0,0.0,80.16666666666666,68.66666666666666,7.5,7.5,80.16666666666666,68.66666666666666,False,False,False
Llama,CounterFact,AlphaEdit,Native,canonical,1000,0.25,1.0,-0.5,1.0,81.16666666666666,68.16666666666666,8.5,7.5,80.16666666666666,68.66666666666666,False,True,False
Llama,CounterFact,AlphaEdit,Native,canonical,1000,0.5,0.5,-0.5,-1.0,80.66666666666666,68.16666666666666,6.5,7.5,80.16666666666666,68.66666666666666,False,False,False
Llama,CounterFact,AlphaEdit,Native,canonical,1000,0.75,0.0,-1.0,-1.0,80.16666666666666,67.66666666666666,6.5,7.5,80.16666666666666,68.66666666666666,False,False,False
Llama,CounterFact,AlphaEdit,Native,canonical,1000,1.0,0.0,-0.5,-2.0,80.16666666666666,68.16666666666666,5.5,7.5,80.16666666666666,68.66666666666666,False,False,False
Llama,CounterFact,AlphaEdit,SADR,canonical,1000,0.0,0.0,0.0,0.0,69.83333333333333,50.66666666666666,14.5,14.5,69.83333333333333,50.66666666666666,False,False,False
Llama,CounterFact,AlphaEdit,SADR,canonical,1000,0.25,2.0,0.0,1.0,71.83333333333333,50.66666666666666,15.5,14.5,69.83333333333333,50.66666666666666,True,True,False
Llama,CounterFact,AlphaEdit,SADR,canonical,1000,0.5,2.0,1.0,0.0,71.83333333333333,51.66666666666666,14.5,14.5,69.83333333333333,50.66666666666666,False,False,False
Llama,CounterFact,AlphaEdit,SADR,canonical,1000,0.75,1.5,1.0,-1.0,71.33333333333333,51.66666666666666,13.5,14.5,69.83333333333333,50.66666666666666,False,False,False
Llama,CounterFact,AlphaEdit,SADR,canonical,1000,1.0,0.5,1.5,-1.0,70.33333333333333,52.16666666666666,13.5,14.5,69.83333333333333,50.66666666666666,False,False,False
Llama,CounterFact,AlphaEdit,SPHERE,canonical,1000,0.0,0.0,0.0,0.0,93.33333333333331,75.33333333333333,11.0,11.0,93.33333333333331,75.33333333333333,False,False,False
Llama,CounterFact,AlphaEdit,SPHERE,canonical,1000,0.25,0.5,0.0,0.0,93.83333333333331,75.33333333333333,11.0,11.0,93.33333333333331,75.33333333333333,False,False,False
Llama,CounterFact,AlphaEdit,SPHERE,canonical,1000,0.5,0.5,1.0,0.0,93.83333333333331,76.33333333333333,11.0,11.0,93.33333333333331,75.33333333333333,False,False,False
Llama,CounterFact,AlphaEdit,SPHERE,canonical,1000,0.75,0.5,0.5,1.0,93.83333333333331,75.83333333333333,12.0,11.0,93.33333333333331,75.33333333333333,True,True,False
Llama,CounterFact,AlphaEdit,SPHERE,canonical,1000,1.0,0.5,0.0,1.0,93.83333333333331,75.33333333333333,12.0,11.0,93.33333333333331,75.33333333333333,True,True,False
Llama,CounterFact,MEMIT,ENCORE,canonical,1000,0.0,0.0,0.0,0.0,79.33333333333333,61.33333333333333,12.5,12.5,79.33333333333333,61.33333333333333,False,False,False
Llama,CounterFact,MEMIT,ENCORE,canonical,1000,0.25,0.5,-0.5,0.0,79.83333333333333,60.83333333333333,12.5,12.5,79.33333333333333,61.33333333333333,False,False,False
Llama,CounterFact,MEMIT,ENCORE,canonical,1000,0.5,0.0,-0.5,0.0,79.33333333333333,60.83333333333333,12.5,12.5,79.33333333333333,61.33333333333333,False,False,False
Llama,CounterFact,MEMIT,ENCORE,canonical,1000,0.75,1.0,-1.0,0.0,80.33333333333333,60.33333333333333,12.5,12.5,79.33333333333333,61.33333333333333,False,False,False
Llama,CounterFact,MEMIT,ENCORE,canonical,1000,1.0,0.5,-1.0,0.0,79.83333333333333,60.33333333333333,12.5,12.5,79.33333333333333,61.33333333333333,False,False,False
Llama,CounterFact,MEMIT,NAS,canonical,1000,0.0,0.0,0.0,0.0,81.66666666666666,63.83333333333333,16.5,16.5,81.66666666666666,63.83333333333333,False,False,False
Llama,CounterFact,MEMIT,NAS,canonical,1000,0.25,1.0,-0.5,0.0,82.66666666666666,63.33333333333333,16.5,16.5,81.66666666666666,63.83333333333333,False,False,False
Llama,CounterFact,MEMIT,NAS,canonical,1000,0.5,0.5,-0.5,1.0,82.16666666666666,63.33333333333333,17.5,16.5,81.66666666666666,63.83333333333333,False,True,False
Llama,CounterFact,MEMIT,NAS,canonical,1000,0.75,0.5,-0.5,1.0,82.16666666666666,63.33333333333333,17.5,16.5,81.66666666666666,63.83333333333333,False,True,False
Llama,CounterFact,MEMIT,NAS,canonical,1000,1.0,0.0,-0.5,-1.0,81.66666666666666,63.33333333333333,15.5,16.5,81.66666666666666,63.83333333333333,False,False,False
Llama,CounterFact,MEMIT,Native,canonical,1000,0.0,0.0,0.0,0.0,0.0,0.0,2.0,2.0,0.0,0.0,False,False,True
Llama,CounterFact,MEMIT,Native,canonical,1000,0.25,0.0,0.0,0.0,0.0,0.0,2.0,2.0,0.0,0.0,False,False,True
Llama,CounterFact,MEMIT,Native,canonical,1000,0.5,0.0,0.0,0.0,0.0,0.0,2.0,2.0,0.0,0.0,False,False,True
Llama,CounterFact,MEMIT,Native,canonical,1000,0.75,0.0,0.0,0.0,0.0,0.0,2.0,2.0,0.0,0.0,False,False,True
Llama,CounterFact,MEMIT,Native,canonical,1000,1.0,0.0,0.0,-2.0,0.0,0.0,0.0,2.0,0.0,0.0,False,False,True
Llama,CounterFact,MEMIT,SADR,canonical,1000,0.0,0.0,0.0,0.0,0.0,0.0,2.0,2.0,0.0,0.0,False,False,True
Llama,CounterFact,MEMIT,SADR,canonical,1000,0.25,0.0,0.0,0.0,0.0,0.0,2.0,2.0,0.0,0.0,False,False,True
Llama,CounterFact,MEMIT,SADR,canonical,1000,0.5,0.0,0.0,0.0,0.0,0.0,2.0,2.0,0.0,0.0,False,False,True
Llama,CounterFact,MEMIT,SADR,canonical,1000,0.75,0.0,0.0,0.0,0.0,0.0,2.0,2.0,0.0,0.0,False,False,True
Llama,CounterFact,MEMIT,SADR,canonical,1000,1.0,0.0,0.0,-2.0,0.0,0.0,0.0,2.0,0.0,0.0,False,False,True
Llama,CounterFact,MEMIT,SPHERE,canonical,1000,0.0,0.0,0.0,0.0,0.0,0.0,2.0,2.0,0.0,0.0,False,False,True
Llama,CounterFact,MEMIT,SPHERE,canonical,1000,0.25,0.0,0.0,0.0,0.0,0.0,2.0,2.0,0.0,0.0,False,False,True
Llama,CounterFact,MEMIT,SPHERE,canonical,1000,0.5,0.0,0.0,0.0,0.0,0.0,2.0,2.0,0.0,0.0,False,False,True
Llama,CounterFact,MEMIT,SPHERE,canonical,1000,0.75,0.0,0.0,-2.0,0.0,0.0,0.0,2.0,0.0,0.0,False,False,True
Llama,CounterFact,MEMIT,SPHERE,canonical,1000,1.0,0.0,0.0,-2.0,0.0,0.0,0.0,2.0,0.0,0.0,False,False,True
Llama,zsRE,AlphaEdit,ENCORE,canonical,1000,0.0,0.0,0.0,0.0,91.17857142857143,82.34047619047618,37.86303949673515,37.86303949673515,91.17857142857143,82.34047619047618,False,False,False
Llama,zsRE,AlphaEdit,ENCORE,canonical,1000,0.25,0.22619047619047605,0.6666666666666669,2.161904761904762,91.40476190476191,83.00714285714287,40.02494425863991,37.86303949673515,91.17857142857143,82.34047619047618,True,True,False
Llama,zsRE,AlphaEdit,ENCORE,canonical,1000,0.5,-0.11666666666666671,0.7500000000000004,2.5857142857142854,91.06190476190477,83.09047619047618,40.44875378244943,37.86303949673515,91.17857142857143,82.34047619047618,False,True,False
Llama,zsRE,AlphaEdit,ENCORE,canonical,1000,0.75,-1.3190476190476192,-0.14285714285714277,2.7642857142857142,89.85952380952382,82.19761904761904,40.62732521102086,37.86303949673515,91.17857142857143,82.34047619047618,False,False,False
Llama,zsRE,AlphaEdit,ENCORE,canonical,1000,1.0,-1.8190476190476192,-0.5714285714285712,3.323809523809524,89.35952380952382,81.76904761904761,41.18684902054467,37.86303949673515,91.17857142857143,82.34047619047618,False,False,False
Llama,zsRE,AlphaEdit,NAS,canonical,1000,0.0,0.0,0.0,0.0,95.09285714285714,85.41190476190476,63.81110712958538,63.81110712958538,95.09285714285714,85.41190476190476,False,False,False
Llama,zsRE,AlphaEdit,NAS,canonical,1000,0.25,0.0,-0.75,-0.2667781493868451,95.09285714285714,84.66190476190476,63.54432898019854,63.81110712958538,95.09285714285714,85.41190476190476,False,False,False
Llama,zsRE,AlphaEdit,NAS,canonical,1000,0.5,-0.5333333333333334,-1.3071428571428572,1.1641131815044856,94.5595238095238,84.10476190476192,64.97522031108987,63.81110712958538,95.09285714285714,85.41190476190476,False,False,False
Llama,zsRE,AlphaEdit,NAS,canonical,1000,0.75,-1.0666666666666669,-3.6095238095238096,2.102777777777778,94.02619047619048,81.80238095238094,65.91388490736317,63.81110712958538,95.09285714285714,85.41190476190476,False,False,False
Llama,zsRE,AlphaEdit,NAS,canonical,1000,1.0,-3.083333333333334,-7.342857142857143,1.5941086691086692,92.0095238095238,78.06904761904761,65.40521579869406,63.81110712958538,95.09285714285714,85.41190476190476,False,False,False
Llama,zsRE,AlphaEdit,Native,canonical,1000,0.0,0.0,0.0,0.0,90.96190476190478,81.58571428571429,37.00743218134522,37.00743218134522,90.96190476190478,81.58571428571429,False,False,False
Llama,zsRE,AlphaEdit,Native,canonical,1000,0.25,0.0833333333333334,0.45,1.8450655624568664,91.04523809523808,82.03571428571429,38.85249774380209,37.00743218134522,90.96190476190478,81.58571428571429,True,True,False
Llama,zsRE,AlphaEdit,Native,canonical,1000,0.5,0.4166666666666668,0.592857142857143,3.575682168073473,91.37857142857143,82.17857142857143,40.58311434941869,37.00743218134522,90.96190476190478,81.58571428571429,True,True,False
Llama,zsRE,AlphaEdit,Native,canonical,1000,0.75,0.8928571428571432,0.3428571428571429,4.553459945851251,91.85476190476192,81.92857142857143,41.56089212719648,37.00743218134522,90.96190476190478,81.58571428571429,True,True,False
Llama,zsRE,AlphaEdit,Native,canonical,1000,1.0,-0.0595238095238092,0.9023809523809524,4.401078993470298,90.90238095238097,82.48809523809523,41.40851117481552,37.00743218134522,90.96190476190478,81.58571428571429,False,True,False
Llama,zsRE,AlphaEdit,SADR,canonical,1000,0.0,0.0,0.0,0.0,83.2452380952381,71.94047619047619,46.16990762860328,46.16990762860328,83.2452380952381,71.94047619047619,False,False,False
Llama,zsRE,AlphaEdit,SADR,canonical,1000,0.25,0.1761904761904762,2.035714285714286,1.5706349206349204,83.42142857142856,73.97619047619048,47.74054254923821,46.16990762860328,83.2452380952381,71.94047619047619,True,True,False
Llama,zsRE,AlphaEdit,SADR,canonical,1000,0.5,0.0571428571428569,1.7285714285714286,3.175396825396825,83.30238095238096,73.66904761904762,49.3453044540001,46.16990762860328,83.2452380952381,71.94047619047619,True,True,False
Llama,zsRE,AlphaEdit,SADR,canonical,1000,0.75,-0.0857142857142859,0.788095238095238,2.663492063492064,83.15952380952382,72.72857142857143,48.83339969209535,46.16990762860328,83.2452380952381,71.94047619047619,False,True,False
Llama,zsRE,AlphaEdit,SADR,canonical,1000,1.0,-0.5142857142857146,0.2880952380952379,3.974603174603173,82.73095238095239,72.22857142857143,50.14451080320646,46.16990762860328,83.2452380952381,71.94047619047619,False,True,False
Llama,zsRE,AlphaEdit,SPHERE,canonical,1000,0.0,0.0,0.0,0.0,94.79761904761905,84.96904761904761,41.59116234007538,41.59116234007538,94.79761904761905,84.96904761904761,False,False,False
Llama,zsRE,AlphaEdit,SPHERE,canonical,1000,0.25,0.0,0.6666666666666669,1.3760179434092479,94.79761904761905,85.6357142857143,42.96718028348462,41.59116234007538,94.79761904761905,84.96904761904761,True,True,False
Llama,zsRE,AlphaEdit,SPHERE,canonical,1000,0.5,-0.3333333333333334,1.616666666666667,2.9468253968253966,94.46428571428572,86.58571428571429,44.537987736900774,41.59116234007538,94.79761904761905,84.96904761904761,False,True,False
Llama,zsRE,AlphaEdit,SPHERE,canonical,1000,0.75,-0.3333333333333334,1.7238095238095241,2.7753968253968253,94.46428571428572,86.69285714285714,44.3665591654722,41.59116234007538,94.79761904761905,84.96904761904761,False,True,False
Llama,zsRE,AlphaEdit,SPHERE,canonical,1000,1.0,0.14285714285714277,2.223809523809524,4.017287784679089,94.9404761904762,87.19285714285714,45.60845012475446,41.59116234007538,94.79761904761905,84.96904761904761,True,True,False
Llama,zsRE,MEMIT,ENCORE,canonical,1000,0.0,0.0,0.0,0.0,88.70952380952382,79.95238095238095,62.354361097839345,62.354361097839345,88.70952380952382,79.95238095238095,False,False,False
Llama,zsRE,MEMIT,ENCORE,canonical,1000,0.25,-0.2,0.5499999999999998,0.2166666666666667,88.50952380952381,80.50238095238096,62.571027764506006,62.354361097839345,88.70952380952382,79.95238095238095,False,True,False
Llama,zsRE,MEMIT,ENCORE,canonical,1000,0.5,0.46666666666666656,0.4999999999999998,1.633333333333333,89.1761904761905,80.45238095238095,63.987694431172685,62.354361097839345,88.70952380952382,79.95238095238095,True,True,False
Llama,zsRE,MEMIT,ENCORE,canonical,1000,0.75,0.35952380952380947,-0.28333333333333366,1.0019230769230767,89.06904761904764,79.66904761904762,63.35628417476243,62.354361097839345,88.70952380952382,79.95238095238095,False,True,False
Llama,zsRE,MEMIT,ENCORE,canonical,1000,1.0,-1.116666666666667,-0.9428571428571431,1.3293040293040292,87.59285714285714,79.00952380952381,63.683665127143385,62.354361097839345,88.70952380952382,79.95238095238095,False,False,False
Llama,zsRE,MEMIT,NAS,canonical,1000,0.0,0.0,0.0,0.0,61.98095238095239,57.71428571428571,74.39744120613686,74.39744120613686,61.98095238095239,57.71428571428571,False,False,False
Llama,zsRE,MEMIT,NAS,canonical,1000,0.25,-3.873809523809524,-2.7690476190476194,1.6345755693581785,58.10714285714285,54.94523809523809,76.03201677549504,74.39744120613686,61.98095238095239,57.71428571428571,False,False,False
Llama,zsRE,MEMIT,NAS,canonical,1000,0.5,-6.35952380952381,-4.333333333333334,0.9196687370600412,55.62142857142857,53.38095238095238,75.3171099431969,74.39744120613686,61.98095238095239,57.71428571428571,False,False,False
Llama,zsRE,MEMIT,NAS,canonical,1000,0.75,-10.107142857142858,-7.626190476190476,2.174430641821946,51.87380952380952,50.08809523809523,76.5718718479588,74.39744120613686,61.98095238095239,57.71428571428571,False,False,False
Llama,zsRE,MEMIT,NAS,canonical,1000,1.0,-12.492857142857142,-9.226190476190476,3.24824016563147,49.48809523809524,48.48809523809524,77.64568137176833,74.39744120613686,61.98095238095239,57.71428571428571,False,False,False
Llama,zsRE,MEMIT,Native,canonical,1000,0.0,0.0,0.0,0.0,0.0,0.0,0.0,0.0,0.0,0.0,False,False,True
Llama,zsRE,MEMIT,Native,canonical,1000,0.25,0.0,0.0,0.0,0.0,0.0,0.0,0.0,0.0,0.0,False,False,True
Llama,zsRE,MEMIT,Native,canonical,1000,0.5,0.0,0.0,0.0,0.0,0.0,0.0,0.0,0.0,0.0,False,False,True
Llama,zsRE,MEMIT,Native,canonical,1000,0.75,0.0,0.0,0.0,0.0,0.0,0.0,0.0,0.0,0.0,False,False,True
Llama,zsRE,MEMIT,Native,canonical,1000,1.0,0.25,0.0,0.0,0.25,0.0,0.0,0.0,0.0,0.0,False,False,True
Llama,zsRE,MEMIT,SADR,canonical,1000,0.0,0.0,0.0,0.0,0.0,0.0,0.0,0.0,0.0,0.0,False,False,True
Llama,zsRE,MEMIT,SADR,canonical,1000,0.25,0.0,0.0,0.0,0.0,0.0,0.0,0.0,0.0,0.0,False,False,True
Llama,zsRE,MEMIT,SADR,canonical,1000,0.5,0.0,0.0,0.0,0.0,0.0,0.0,0.0,0.0,0.0,False,False,True
Llama,zsRE,MEMIT,SADR,canonical,1000,0.75,0.0,0.0,0.0,0.0,0.0,0.0,0.0,0.0,0.0,False,False,True
Llama,zsRE,MEMIT,SADR,canonical,1000,1.0,0.25,0.0,0.0,0.25,0.0,0.0,0.0,0.0,0.0,False,False,True
Llama,zsRE,MEMIT,SPHERE,canonical,1000,0.0,0.0,0.0,0.0,0.0,0.0,0.0,0.0,0.0,0.0,False,False,True
Llama,zsRE,MEMIT,SPHERE,canonical,1000,0.25,0.0,0.0,0.0,0.0,0.0,0.0,0.0,0.0,0.0,False,False,True
Llama,zsRE,MEMIT,SPHERE,canonical,1000,0.5,0.0,0.0,0.0,0.0,0.0,0.0,0.0,0.0,0.0,False,False,True
Llama,zsRE,MEMIT,SPHERE,canonical,1000,0.75,0.0,0.0,0.0,0.0,0.0,0.0,0.0,0.0,0.0,False,False,True
Llama,zsRE,MEMIT,SPHERE,canonical,1000,1.0,1.0595238095238095,1.1428571428571428,0.0,1.0595238095238095,1.1428571428571428,0.0,0.0,0.0,0.0,False,False,True
