model,dataset,editor,method,order_id,n,regression_intercept,regression_slope,regression_r2,target_actual_pearson,target_actual_spearman,identity_ratio_MAE,identity_ratio_RMSE,identity_ratio_mean_bias_actual_minus_target,actual_lt_target_count,actual_lt_target_fraction,target_ratio_median,actual_ratio_median,target_nonexpands_count,actual_nonexpands_count,pi_z,pi_post
GPT-2 XL,CounterFact,AlphaEdit,ENCORE,canonical,1000,0.041085178812336,0.9549748984294251,0.980074850664539,0.9899872982339415,0.9904162144162144,0.010814275900130604,0.013796248848044985,-0.010502893522318486,947,0.947,1.1428585712981398,1.1318066790890273,2,5,0.002,0.005
GPT-2 XL,CounterFact,AlphaEdit,NAS,canonical,1000,0.058412730488638126,0.9405961765474071,0.9555991211964693,0.9775475032940697,0.9750113399363741,0.015242593907325616,0.01900479709190005,-0.014331034105589379,917,0.917,1.223173633798655,1.2094225566116337,6,5,0.006,0.005
GPT-2 XL,CounterFact,AlphaEdit,Native,canonical,1000,0.05551316231186483,0.9440831173441365,0.9568702075912023,0.9781974277165129,0.9402664842664843,0.013404454809872061,0.017247879070724424,-0.012631747268807558,918,0.918,1.2320355886020269,1.219735845918394,3,3,0.003,0.003
GPT-2 XL,CounterFact,AlphaEdit,SADR,canonical,1000,0.057144981178423586,0.9465574830458866,0.9136873850726394,0.955869962428279,0.9112984432984433,0.010233174859919082,0.013597941706258788,-0.009112155306136873,882,0.882,1.2432185464691226,1.2335640083722281,2,3,0.002,0.003
GPT-2 XL,CounterFact,AlphaEdit,SPHERE,canonical,1000,0.06576347502715402,0.9334660327850476,0.9491803841210693,0.9742588896802888,0.936935892935893,0.015993779360942605,0.020033245420920935,-0.015446367536145963,949,0.949,1.2333687650904683,1.2162492834550265,3,2,0.003,0.002
GPT-2 XL,CounterFact,MEMIT,ENCORE,canonical,1000,0.7505381174984237,0.24636209561859934,0.37453826771680043,0.6119953167441731,0.6136566376566376,0.12536336575129695,0.13518989950909668,-0.12535624610572763,994,0.994,1.1620614645595446,1.0318358506262166,6,21,0.006,0.021
GPT-2 XL,CounterFact,MEMIT,NAS,canonical,1000,0.6510195682341715,0.3381687478311432,0.6027566976684249,0.77637407070846,0.7661789104774472,0.10774515585170939,0.12389349133502543,-0.10661344762225278,961,0.961,1.146138941443607,1.0365084371166793,54,146,0.054,0.146
GPT-2 XL,CounterFact,MEMIT,Native,canonical,1000,0.7029462874648899,0.29218071725043154,0.5840856405861001,0.7642549578420148,0.78583292983293,0.11010412260830792,0.130037847813223,-0.11003928807602857,991,0.991,1.1321485475585642,1.0282820484797908,3,76,0.003,0.076
GPT-2 XL,CounterFact,MEMIT,SADR,canonical,1000,0.6307752163921807,0.36043169832213207,0.36802859490570417,0.6066536037193747,0.5673604713604714,0.1462838165568912,0.15868259845717111,-0.14617932591693478,987,0.987,1.2429053546655409,1.0689783799197605,3,61,0.003,0.061
GPT-2 XL,CounterFact,MEMIT,SPHERE,canonical,1000,0.7175970135156136,0.27657740939597664,0.4237597606945106,0.6509683254156922,0.6836308076308076,0.15223563232889228,0.16455846643225958,-0.15222736430863817,994,0.994,1.2314280049473418,1.0456619023547598,6,20,0.006,0.02
GPT-2 XL,zsRE,AlphaEdit,ENCORE,canonical,1000,0.038955863716186985,0.9566954164541677,0.9856493152384921,0.9927987284633738,0.9921333321333321,0.011604179706951333,0.01387940874340883,-0.011522151382674579,984,0.984,1.170610751658253,1.1582584330036012,1,1,0.001,0.001
GPT-2 XL,zsRE,AlphaEdit,NAS,canonical,1000,0.03762592719194625,0.9578525266840004,0.9711566730289553,0.985472816991395,0.9855059055059057,0.01419606428458703,0.016817992712444135,-0.014119349890883072,988,0.988,1.2257269824679242,1.2128937733840564,0,0,0.0,0.0
GPT-2 XL,zsRE,AlphaEdit,Native,canonical,1000,0.041520254578727316,0.9549638108690118,0.9755174585134176,0.9876828734535279,0.963742404633632,0.013448242167224025,0.01600289004906769,-0.013327245872830235,976,0.976,1.2339114037095236,1.2212666305925404,2,2,0.002,0.002
GPT-2 XL,zsRE,AlphaEdit,SADR,canonical,1000,0.021637879839689466,0.973706251941714,0.9426668293904102,0.9709103096529618,0.9564073764073764,0.011149612421737742,0.013362283639770602,-0.010988010476345593,968,0.968,1.2448567393831522,1.2341638270626023,0,0,0.0,0.0
GPT-2 XL,zsRE,AlphaEdit,SPHERE,canonical,1000,0.04683027526839863,0.9478970454425883,0.9718400683951948,0.985819490776681,0.9600761249563533,0.016701749585913105,0.019100595396905614,-0.016654478356975998,990,0.99,1.2334630985515451,1.2173918922359737,2,3,0.002,0.003
GPT-2 XL,zsRE,MEMIT,ENCORE,canonical,1000,0.7665449689686139,0.22917833263770618,0.2788748136107504,0.5280859907351743,0.530895806895807,0.16100219845163644,0.16806667598909117,-0.16100219845163644,1000,1.0,1.2147160838363553,1.0391659041156212,1,13,0.001,0.013
GPT-2 XL,zsRE,MEMIT,NAS,canonical,1000,0.5631585483665094,0.4108605969722418,0.5898880781328117,0.7680417164014022,0.7575676695676695,0.12454965328587642,0.13395299231428442,-0.12450373576281051,997,0.997,1.1684530269089752,1.0420554858375888,14,122,0.014,0.122
GPT-2 XL,zsRE,MEMIT,Native,canonical,1000,0.6885264987399675,0.305838909226765,0.47494664033392375,0.6891637253468321,0.7138232098232098,0.13374256941602078,0.14676031401873707,-0.13363887065398822,993,0.993,1.2077368709081224,1.046472055837619,1,52,0.001,0.052
GPT-2 XL,zsRE,MEMIT,SADR,canonical,1000,0.5819120688719004,0.3994408996136822,0.3152069429597808,0.56143293718821,0.517011128562162,0.15463401366776774,0.16142006343976528,-0.15454957727571875,992,0.992,1.2418966118972956,1.0717361326473434,2,39,0.002,0.039
GPT-2 XL,zsRE,MEMIT,SPHERE,canonical,1000,0.6932935216773585,0.29758252558800785,0.3663058030064411,0.6052320241084747,0.6021413493670457,0.1638302504070882,0.17114506403683374,-0.1638286688704274,999,0.999,1.2409158133168912,1.05555333158983,3,10,0.003,0.01
Llama,CounterFact,AlphaEdit,ENCORE,canonical,1000,0.45012014797927624,0.515903386714154,0.6777528440671701,0.8232574591627883,0.8052645335031994,0.14333629251237623,0.1488541212698317,-0.14330472100288824,987,0.987,1.2529064253868438,1.0881735291171548,33,37,0.033,0.037
Llama,CounterFact,AlphaEdit,NAS,canonical,1000,0.30687478064655355,0.648832091276488,0.8800830530825752,0.9381274183620131,0.9401161961161961,0.08983242883459866,0.09324304773837092,-0.08983242883459866,1000,1.0,1.1212836411082407,1.0328763833780887,0,162,0.0,0.162
Llama,CounterFact,AlphaEdit,Native,canonical,1000,0.28303645792137067,0.6439374983514924,0.5509576772928292,0.7422652337896674,0.7520048000048,0.16101136967134594,0.16501005956574044,-0.16101136967134594,1000,1.0,1.2612502070849456,1.0894229368146695,1,48,0.001,0.048
Llama,CounterFact,AlphaEdit,SADR,canonical,1000,0.30405650712486215,0.6292496776079317,0.3886386061599377,0.6234088595455937,0.6054950814950816,0.1635441430774762,0.1666144735620677,-0.16354302619701122,999,0.999,1.2649925424740933,1.100380332072329,1,12,0.001,0.012
Llama,CounterFact,AlphaEdit,SPHERE,canonical,1000,0.25753557685182465,0.6655411297746321,0.43341220683619397,0.6583404946045731,0.6897648260420041,0.16329353222651338,0.16597376994071547,-0.16329173986799003,999,0.999,1.2635166053267661,1.0961577565342915,3,6,0.003,0.006
Llama,CounterFact,MEMIT,ENCORE,canonical,1000,0.3194193826287244,0.5665719686906355,0.33375645208541993,0.5777165845684369,0.5293597453597454,0.22786489735553703,0.22847156655643486,-0.22786489735553703,1000,1.0,1.2630085310023464,1.034464841129528,0,28,0.0,0.028
Llama,CounterFact,MEMIT,NAS,canonical,1000,0.17870663026177874,0.7689902370623458,0.9208527016547925,0.9596107031785299,0.9503991381319882,0.06455378564010449,0.07436181614823897,-0.06431355364783327,940,0.94,1.0349884355896313,0.9984287891844679,416,526,0.416,0.526
Llama,CounterFact,MEMIT,Native,canonical,1000,0.5197392090821942,0.4732581465807599,0.7535707539108559,0.8680845315468165,0.6461438359170861,0.05005737470246106,0.08501562765242808,-0.050017546214677897,969,0.969,1.000557945413521,0.9988349392818796,358,625,0.358,0.625
Llama,CounterFact,MEMIT,SADR,canonical,1000,0.5190076498417289,0.47539645382754714,0.8657025549040136,0.9304313810829972,0.7143906517339694,0.05122223223272981,0.08359506233926127,-0.05120479249961546,971,0.971,1.000608381215645,0.998970081449706,327,600,0.327,0.6
Llama,CounterFact,MEMIT,SPHERE,canonical,1000,0.29828612051475695,0.6425880630257186,0.4042049799373838,0.6357711694763957,0.8035508875508874,0.13833865713512858,0.1523693140450971,-0.13073600985445433,979,0.979,1.247072727156076,1.084344874624116,1,260,0.001,0.26
Llama,zsRE,AlphaEdit,ENCORE,canonical,1000,0.3111938996498552,0.6296335362043718,0.2700091166027302,0.5196240146516812,0.5085492710622282,0.15473605946172542,0.15717206993926616,-0.15473214023661463,998,0.998,1.2593056245829588,1.1049359141833515,5,4,0.005,0.004
Llama,zsRE,AlphaEdit,NAS,canonical,1000,0.3177231457806401,0.6384258139693777,0.821289860028925,0.9062504400158514,0.893827217827218,0.09764239260394458,0.10065198919046882,-0.09764239260394458,1000,1.0,1.1429791869797814,1.0478839516327823,0,71,0.0,0.071
Llama,zsRE,AlphaEdit,Native,canonical,1000,0.2993007588012589,0.6369246217548225,0.3194644941130381,0.5652119019562823,0.568415535909354,0.15738253920517042,0.160458718154843,-0.15737784021945025,997,0.997,1.261518363001132,1.10259875483445,7,7,0.007,0.007
Llama,zsRE,AlphaEdit,SADR,canonical,1000,0.3499559740412887,0.5982920407188946,0.33312787454303805,0.577172309230994,0.5056524007459057,0.15703811820184843,0.1599656626485125,-0.15703595078039273,998,0.998,1.2647436141345674,1.1071083816296043,6,10,0.006,0.01
Llama,zsRE,AlphaEdit,SPHERE,canonical,1000,0.3371174811401338,0.6066649822605175,0.32140277305365506,0.5669239570292078,0.5767514540928388,0.15857073888847656,0.1611468322787889,-0.15856896889161856,998,0.998,1.2624778694247696,1.1036839609240716,8,6,0.008,0.006
Llama,zsRE,MEMIT,ENCORE,canonical,1000,0.4690086197114269,0.46753558519731947,0.26911625993940036,0.5187641660132284,0.529295733053478,0.20041828569600015,0.20179000956891655,-0.20041013023941448,997,0.997,1.2581215018936163,1.0570172444871568,5,8,0.005,0.008
Llama,zsRE,MEMIT,NAS,canonical,1000,0.08329769220964789,0.8480835368845941,0.9625446297458412,0.9810935886783897,0.985516298995516,0.07613553904467707,0.08006788580779951,-0.07611387653276423,996,0.996,1.0498624095885072,0.981104913198831,347,577,0.347,0.577
Llama,zsRE,MEMIT,Native,canonical,1000,0.5759298698701222,0.4169929329496501,0.6861509269306527,0.8283422764356849,0.4326475324131122,0.047164849319568054,0.08421215336903384,-0.04672990789672333,982,0.982,1.0001406113858353,0.9981508143192779,378,720,0.378,0.72
Llama,zsRE,MEMIT,SADR,canonical,1000,0.5551408218651039,0.4368962390684252,0.7829349274023614,0.8848361019998907,0.5171192148623254,0.050638885210253844,0.08498766665066138,-0.050443073786726654,970,0.97,1.0001891999166375,0.9982505045308303,364,671,0.364,0.671
Llama,zsRE,MEMIT,SPHERE,canonical,1000,0.42702578056890367,0.5282785209601756,0.395341446174586,0.6287618358127233,0.7754623394623396,0.13310329401532522,0.15430007272297594,-0.1276339773224962,988,0.988,1.2428766382393728,1.0639107172929443,1,365,0.001,0.365
