model,dataset,editor,method,order_id,n,target_ratio_median_original,target_ratio_median_common,post_ratio_median,target_median_change,spearman_original,spearman_common,spearman_change,target_minus_post_median_gap_original,target_minus_post_median_gap_common,paired_gap_median_original,paired_gap_median_common,paired_ratio_mae_original,paired_ratio_mae_common,per_edit_target_ratio_change_max,target_gt_post_count_original,target_gt_post_count_common
GPT-2 XL,CounterFact,AlphaEdit,ENCORE,canonical,1000,1.1428585712981398,1.1428586286486793,1.1318066790890273,5.7350539428568936e-08,0.99041621441621441,0.9904160584160584,-1.5600015601524575e-07,0.011051892209112513,0.011051949559651941,0.0087410436959405313,0.0087410153216709308,0.010814275900130604,0.010814275045426657,4.0304763171405966e-07,947,947
GPT-2 XL,CounterFact,AlphaEdit,NAS,canonical,1000,1.223173633798655,1.2231737057199608,1.2094225566116337,7.1921305799804713e-08,0.97501133993637412,0.97501075501075507,-5.8492561905154616e-07,0.013751077187021288,0.013751149108327088,0.012819101552539514,0.012819081526631138,0.015242593907325616,0.015242594225730667,4.7606628039709165e-07,917,916
GPT-2 XL,CounterFact,AlphaEdit,Native,canonical,1000,1.2320355886020269,1.2320356118339555,1.219735845918394,2.3231928603095753e-08,0.94026648426648429,0.94026400026400048,-2.4840024838157504e-06,0.012299742683632875,0.012299765915561478,0.010688030741541898,0.010687912922208054,0.013404454809872061,0.013404451620055966,7.8035222417227601e-07,918,918
GPT-2 XL,CounterFact,AlphaEdit,SADR,canonical,1000,1.2432185464691226,1.2432185138046918,1.2335640083722281,-3.2664430715811932e-08,0.91129844329844334,0.91130027930027946,1.8360018361196495e-06,0.0096545380968944272,0.0096545054324637114,0.0075096427014085254,0.0075097067325747835,0.010233174859919082,0.010233172287994927,6.8293920163498001e-07,882,882
GPT-2 XL,CounterFact,AlphaEdit,SPHERE,canonical,1000,1.2333687650904683,1.2333688815685235,1.2162492834550265,1.1647805520098586e-07,0.93693589293589297,0.93693589293589297,0,0.017119481635441858,0.017119598113497059,0.013272812892651698,0.013272742175568397,0.015993779360942605,0.015993778964946061,6.4387924991748946e-07,949,949
GPT-2 XL,CounterFact,MEMIT,ENCORE,canonical,1000,1.1620614645595446,1.162061577697199,1.0318358506262166,1.1313765435616574e-07,0.61365663765663758,0.61365663765663758,0,0.13022561393332799,0.13022572707098234,0.1239915707137863,0.12399155778123494,0.12536336575129695,0.1253633656305711,3.3785120656659728e-07,994,994
GPT-2 XL,CounterFact,MEMIT,NAS,canonical,1000,1.146138941443607,1.1461390701572003,1.0365084371166793,1.2871359333921362e-07,0.76617891047744724,0.76617891417891426,3.701467021777205e-09,0.10963050432692767,0.10963063304052101,0.10375023111607051,0.10375031140602475,0.10774515585170939,0.10774515383988001,4.3442823005612752e-07,961,962
GPT-2 XL,CounterFact,MEMIT,Native,canonical,1000,1.1321485475585642,1.1321485743010076,1.0282820484797908,2.6742443370864066e-08,0.78583292983292996,0.78583292983292996,0,0.10386649907877343,0.1038665258212168,0.09846443661324078,0.098464412884508024,0.11010412260830792,0.11010412125951465,3.444408540609345e-07,991,991
GPT-2 XL,CounterFact,MEMIT,SADR,canonical,1000,1.2429053546655409,1.2429054402685744,1.0689783799197605,8.5603033550540886e-08,0.56736047136047141,0.56736047136047141,0,0.17392697474578034,0.17392706034881389,0.15788173564526398,0.15788170304939564,0.14628381655689121,0.14628381971768545,7.6654856928648485e-07,987,988
GPT-2 XL,CounterFact,MEMIT,SPHERE,canonical,1000,1.2314280049473418,1.2314279688867129,1.0456619023547598,-3.6060628927359062e-08,0.68363080763080764,0.68363080763080764,0,0.18576610259258208,0.18576606653195316,0.16596996413790577,0.16596990971441095,0.15223563232889228,0.15223563113799615,4.1471388878555615e-07,994,994
GPT-2 XL,zsRE,AlphaEdit,ENCORE,canonical,1000,1.1706107516582529,1.1706106790997068,1.1582584330036012,-7.2558546060363938e-08,0.9921333321333321,0.9921333321333321,0,0.012352318654651695,0.012352246096105635,0.010080798703047011,0.01008071993420967,0.011604179706951333,0.011604178578375738,3.1882050977039e-07,984,985
GPT-2 XL,zsRE,AlphaEdit,NAS,canonical,1000,1.2257269824679242,1.2257270274689187,1.2128937733840564,4.500099448634387e-08,0.98550590550590567,0.98550590550590567,0,0.012833209083867869,0.012833254084862356,0.012768573525157478,0.012768646826440855,0.014196064284587031,0.014196061371694433,3.8110248867795349e-07,988,988
GPT-2 XL,zsRE,AlphaEdit,Native,canonical,1000,1.2339114037095236,1.2339114285328718,1.2212666305925404,2.4823348265812228e-08,0.96374240463363203,0.96373985173985188,-2.5528937801500007e-06,0.012644773116983199,0.012644797940331465,0.011943656760229238,0.011943672818925388,0.013448242167224025,0.013448236058618163,4.2733613114798175e-07,976,977
GPT-2 XL,zsRE,AlphaEdit,SADR,canonical,1000,1.2448567393831522,1.244856734796046,1.2341638270626023,-4.58710625039771e-09,0.95640737640737639,0.95640849240849246,1.116001116074905e-06,0.010692912320549919,0.010692907733443668,0.0099149908576867674,0.0099149321674176782,0.011149612421737742,0.011149603755161473,3.8152393089241343e-07,968,968
GPT-2 XL,zsRE,AlphaEdit,SPHERE,canonical,1000,1.2334630985515451,1.2334630758643281,1.2173918922359737,-2.2687216993944048e-08,0.96007612495635331,0.96007611607611609,-8.8802372122387396e-09,0.016071206315571462,0.016071183628354468,0.015090839671948686,0.015090776412536977,0.016701749585913105,0.016701750630101854,3.1431071922938258e-07,990,991
GPT-2 XL,zsRE,MEMIT,ENCORE,canonical,1000,1.2147160838363553,1.2147160688543917,1.0391659041156212,-1.4981963669669085e-08,0.53089580689580695,0.53089580689580695,0,0.17555017972073417,0.1755501647387705,0.16812237101158778,0.16812234341157839,0.16100219845163644,0.16100219795071519,3.1055120119916069e-07,1000,999
GPT-2 XL,zsRE,MEMIT,NAS,canonical,1000,1.1684530269089752,1.1684528721041216,1.0420554858375888,-1.548048536026414e-07,0.75756766956766952,0.75756766956766952,0,0.12639754107138645,0.12639738626653285,0.12270293947986,0.12270283903320389,0.12454965328587642,0.12454965170690221,3.9404071960902343e-07,997,997
GPT-2 XL,zsRE,MEMIT,Native,canonical,1000,1.2077368709081224,1.2077369022206901,1.046472055837619,3.131256764987711e-08,0.71382320982320979,0.71382320982320979,0,0.16126481507050339,0.16126484638307104,0.14398898370021385,0.14398900029432793,0.13374256941602078,0.13374256853670716,5.5084956107620542e-07,993,994
GPT-2 XL,zsRE,MEMIT,SADR,canonical,1000,1.2418966118972956,1.2418965578552807,1.0717361326473434,-5.404201486314264e-08,0.51701112856216203,0.51701113301113311,4.448971080428521e-09,0.17016047924995226,0.17016042520793739,0.16043318807703533,0.16043342526283599,0.15463401366776774,0.15463400761951884,1.1996618138887527e-06,992,990
GPT-2 XL,zsRE,MEMIT,SPHERE,canonical,1000,1.2409158133168912,1.2409159358579847,1.05555333158983,1.2254109349463249e-07,0.60214134936704566,0.6021413301413302,-1.9225715464088466e-08,0.18536248172706116,0.18536260426815465,0.17341180678050783,0.17341182564230295,0.16383025040708821,0.1638302474564744,3.2736830424262564e-07,999,997
Llama,CounterFact,AlphaEdit,ENCORE,canonical,1000,1.2529064253868438,1.2523344953175553,1.0881735291171548,-0.00057193006928857315,0.80526453350319938,0.80592176592176601,0.00065723241856663339,0.16473289626968901,0.16416096620040044,0.14863112246021859,0.14766075755109886,0.14333629251237623,0.14311986776043739,0.015737589549941422,987,978
Llama,CounterFact,AlphaEdit,NAS,canonical,1000,1.1212836411082407,1.1208537309556812,1.0328763833780887,-0.00042991015255955389,0.94011619611619612,0.94143270543270541,0.0013165093165092845,0.088407257730152011,0.087977347577592457,0.085504385695546414,0.084813035910169532,0.08983242883459866,0.089445455561895537,0.013063843772724404,1000,1000
Llama,CounterFact,AlphaEdit,Native,canonical,1000,1.2612502070849456,1.260671413220257,1.0894229368146695,-0.00057879386468862037,0.75200480000479997,0.75168833568833571,-0.00031646431646425999,0.17182727027027611,0.17124847640558749,0.16288928332974184,0.16290584598870284,0.16101136967134594,0.16064555132214528,0.01911917764648563,1000,999
Llama,CounterFact,AlphaEdit,SADR,canonical,1000,1.2649925424740933,1.2651751581709192,1.1003803320723291,0.00018261569682587186,0.60549508149508158,0.60201368601368599,-0.0034813954813955883,0.16461221040176421,0.16479482609859009,0.16293464043196082,0.16271159449853267,0.1635441430774762,0.16345357407141958,0.015889600134879611,999,999
Llama,CounterFact,AlphaEdit,SPHERE,canonical,1000,1.2635166053267661,1.2632320556462804,1.0961577565342915,-0.00028454968048574614,0.68976482604200406,0.68900520500520512,-0.00075962103679894089,0.16735884879247465,0.1670742991119889,0.16385510494714606,0.16357587972491694,0.16329353222651338,0.16321802238124331,0.015071456124561067,999,998
Llama,CounterFact,MEMIT,ENCORE,canonical,1000,1.2630085310023464,1.2632484327509532,1.0344648411295281,0.00023990174860677449,0.52935974535974539,0.5358243918243919,0.0064646464646465063,0.22854368987281837,0.22878359162142514,0.22789517883008814,0.22778149831900452,0.22786489735553703,0.22764236583898947,0.016799520147991576,1000,1000
Llama,CounterFact,MEMIT,NAS,canonical,1000,1.0349884355896313,1.032420429825295,0.99842878918446787,-0.0025680057643362453,0.95039913813198817,0.95257063657063668,0.0021714984386485003,0.036559646405163404,0.033991640640827159,0.061632894172796382,0.060942218504589252,0.064553785640104486,0.064036611959118361,0.02084133282086631,940,939
Llama,CounterFact,MEMIT,Native,canonical,1000,1.0005579454135209,1.0006766452942166,0.99883493928187961,0.00011869988069568294,0.64614383591708613,0.68697113097113105,0.040827295054044921,0.0017230061316413359,0.0018417060123370188,0.0056362821474471025,0.0055009376097981399,0.050057374702461063,0.049852508754098045,0.031394697709010044,969,968
Llama,CounterFact,MEMIT,SADR,canonical,1000,1.000608381215645,1.0006136710198559,0.998970081449706,5.289804210883986e-06,0.71439065173396943,0.748964380964381,0.034573729230411576,0.0016382997659389886,0.0016435895701498726,0.0059728818713717935,0.0058566593735285277,0.051222232232729807,0.050997652424102535,0.037646465342719426,971,971
Llama,CounterFact,MEMIT,SPHERE,canonical,1000,1.247072727156076,1.2472579609405399,1.084344874624116,0.00018523378446388961,0.80355088755088744,0.80212078612078608,-0.0014301014301013604,0.16272785253195998,0.16291308631642387,0.14108958509766012,0.14101412426509841,0.13833865713512858,0.13826082432793982,0.039668272104208979,979,980
Llama,zsRE,AlphaEdit,ENCORE,canonical,1000,1.2593056245829588,1.2587333397620508,1.1049359141833515,-0.00057228482090798671,0.50854927106222825,0.49399336999337007,-0.014555901068858179,0.15436971039960734,0.15379742557869935,0.15259908682139167,0.15209591701271652,0.15473605946172542,0.15429146818001524,0.013405495195980777,998,996
Llama,zsRE,AlphaEdit,NAS,canonical,1000,1.1429791869797814,1.1427420406381033,1.0478839516327823,-0.00023714634167815163,0.89382721782721797,0.89478888678888668,0.00096166896166871574,0.095095235346999152,0.094858089005321,0.095609453861710603,0.094407488403112083,0.097642392603944583,0.097167548722923242,0.0085007186324497219,1000,1000
Llama,zsRE,AlphaEdit,Native,canonical,1000,1.261518363001132,1.2603641581421741,1.10259875483445,-0.0011542048589578968,0.56841553590935401,0.55631687231687232,-0.012098663592481684,0.15891960816668194,0.15776540330772404,0.1558543981467414,0.15583488570637904,0.15738253920517042,0.1569601986397415,0.014209615420638144,997,995
Llama,zsRE,AlphaEdit,SADR,canonical,1000,1.2647436141345674,1.2644347484386569,1.1071083816296043,-0.0003088656959104874,0.50565240074590567,0.50752265152265152,0.0018702507767458521,0.15763523250496303,0.15732636680905254,0.15517577489910805,0.15494678196376277,0.15703811820184843,0.15658061679675553,0.012522417462624169,998,998
Llama,zsRE,AlphaEdit,SPHERE,canonical,1000,1.2624778694247696,1.2619829239338443,1.1036839609240716,-0.0004949454909253248,0.57675145409283879,0.56538374538374536,-0.011367708709093427,0.15879390850069797,0.15829896300977264,0.15660853067339031,0.15587785368439144,0.15857073888847656,0.15812713166215808,0.011648090313322479,998,996
Llama,zsRE,MEMIT,ENCORE,canonical,1000,1.2581215018936163,1.2574989363568569,1.0570172444871568,-0.00062256553675932302,0.52929573305347799,0.52514188514188509,-0.0041538479115929006,0.20110425740645943,0.20048169186970011,0.20061083893313647,0.20034946861477831,0.20041828569600015,0.19983355537389202,0.011735482773183703,997,996
Llama,zsRE,MEMIT,NAS,canonical,1000,1.0498624095885072,1.0502111552483249,0.98110491319883097,0.00034874565981768413,0.98551629899551596,0.98571922971922976,0.00020293072371380116,0.068757496389676209,0.069106242049493893,0.071564661521823447,0.070553697153909689,0.07613553904467707,0.075372556059288887,0.011436349047923677,996,997
Llama,zsRE,MEMIT,Native,canonical,1000,1.0001406113858353,1.0004438803270084,0.99815081431927788,0.00030326894117305159,0.43264753241311221,0.50978098178098175,0.077133449367869533,0.0019897970665574416,0.0022930660077304932,0.005544881554641945,0.0055116105972078944,0.047164849319568054,0.046873589729456239,0.15447965948710496,982,984
Llama,zsRE,MEMIT,SADR,canonical,1000,1.0001891999166375,1.0005207578051105,0.99825050453083031,0.00033155788847305523,0.51711921486232537,0.58359618759618759,0.066476972733862216,0.0019386953858071543,0.0022702532742802095,0.0071130384118743839,0.0070807051567007284,0.050638885210253844,0.05049027660687895,0.038571051146800261,970,982
Llama,zsRE,MEMIT,SPHERE,canonical,1000,1.2428766382393728,1.241247553991617,1.0639107172929443,-0.0016290842477557632,0.77546233946233956,0.77082539082539092,-0.0046369486369486346,0.17896592094642849,0.17733683669867273,0.14186284558183127,0.14215062087473629,0.13310329401532522,0.13303210499376353,0.082971225595482867,988,990
