model,dataset,editor,method,order_id,edit_count,dose_fraction,scope,family,endpoint,lhs,rhs,n_cases,mean_difference_pp,ci_low_pp,ci_high_pp
GPT-2 XL,CounterFact,AlphaEdit,ENCORE,canonical,1000,0.25,B_common_all_families,rewrite,EFF,projection_match_f025,perp_f025,100,0.5,0.0,1.5
GPT-2 XL,CounterFact,AlphaEdit,ENCORE,canonical,1000,0.25,B_common_all_families,rephrase,Gen,projection_match_f025,perp_f025,100,0.5,0.0,1.5
GPT-2 XL,CounterFact,AlphaEdit,ENCORE,canonical,1000,0.25,B_common_all_families,locality,LOC,projection_match_f025,perp_f025,100,-1.0,-5.0,2.0
GPT-2 XL,CounterFact,AlphaEdit,ENCORE,canonical,1000,0.5,B_common_all_families,rewrite,EFF,projection_match_f050,perp_f050,100,1.0,0.0,2.5
GPT-2 XL,CounterFact,AlphaEdit,ENCORE,canonical,1000,0.5,B_common_all_families,rephrase,Gen,projection_match_f050,perp_f050,100,1.0,0.0,2.5
GPT-2 XL,CounterFact,AlphaEdit,ENCORE,canonical,1000,0.5,B_common_all_families,locality,LOC,projection_match_f050,perp_f050,100,-1.0,-5.0,2.0
GPT-2 XL,CounterFact,AlphaEdit,NAS,canonical,1000,0.25,B_common_all_families,rewrite,EFF,projection_match_f025,perp_f025,100,-0.5,-1.5,0.0
GPT-2 XL,CounterFact,AlphaEdit,NAS,canonical,1000,0.25,B_common_all_families,rephrase,Gen,projection_match_f025,perp_f025,100,-0.5,-2.5,1.0
GPT-2 XL,CounterFact,AlphaEdit,NAS,canonical,1000,0.25,B_common_all_families,locality,LOC,projection_match_f025,perp_f025,100,-2.0,-5.0,0.0
GPT-2 XL,CounterFact,AlphaEdit,NAS,canonical,1000,0.5,B_common_all_families,rewrite,EFF,projection_match_f050,perp_f050,100,-1.0,-2.5,0.0
GPT-2 XL,CounterFact,AlphaEdit,NAS,canonical,1000,0.5,B_common_all_families,rephrase,Gen,projection_match_f050,perp_f050,100,1.0,-1.5,3.5
GPT-2 XL,CounterFact,AlphaEdit,NAS,canonical,1000,0.5,B_common_all_families,locality,LOC,projection_match_f050,perp_f050,100,-3.0,-8.0,1.0
GPT-2 XL,CounterFact,AlphaEdit,Native,canonical,1000,0.25,B_common_all_families,rewrite,EFF,projection_match_f025,perp_f025,100,-0.5,-1.5,0.0
GPT-2 XL,CounterFact,AlphaEdit,Native,canonical,1000,0.25,B_common_all_families,rephrase,Gen,projection_match_f025,perp_f025,100,-3.0,-5.512499999999989,-0.5
GPT-2 XL,CounterFact,AlphaEdit,Native,canonical,1000,0.25,B_common_all_families,locality,LOC,projection_match_f025,perp_f025,100,0.0,-3.0,3.0
GPT-2 XL,CounterFact,AlphaEdit,Native,canonical,1000,0.5,B_common_all_families,rewrite,EFF,projection_match_f050,perp_f050,100,-2.5,-5.0,-0.5
GPT-2 XL,CounterFact,AlphaEdit,Native,canonical,1000,0.5,B_common_all_families,rephrase,Gen,projection_match_f050,perp_f050,100,-3.0,-6.0,0.0
GPT-2 XL,CounterFact,AlphaEdit,Native,canonical,1000,0.5,B_common_all_families,locality,LOC,projection_match_f050,perp_f050,100,-4.0,-9.0,0.0
GPT-2 XL,CounterFact,AlphaEdit,SADR,canonical,1000,0.25,B_common_all_families,rewrite,EFF,projection_match_f025,perp_f025,100,-0.5,-1.5,0.0
GPT-2 XL,CounterFact,AlphaEdit,SADR,canonical,1000,0.25,B_common_all_families,rephrase,Gen,projection_match_f025,perp_f025,100,-0.5,-2.0,1.0
GPT-2 XL,CounterFact,AlphaEdit,SADR,canonical,1000,0.25,B_common_all_families,locality,LOC,projection_match_f025,perp_f025,100,-1.0,-3.0,0.0
GPT-2 XL,CounterFact,AlphaEdit,SADR,canonical,1000,0.5,B_common_all_families,rewrite,EFF,projection_match_f050,perp_f050,100,-0.5,-1.5,0.0
GPT-2 XL,CounterFact,AlphaEdit,SADR,canonical,1000,0.5,B_common_all_families,rephrase,Gen,projection_match_f050,perp_f050,100,-2.0,-4.5,0.0
GPT-2 XL,CounterFact,AlphaEdit,SADR,canonical,1000,0.5,B_common_all_families,locality,LOC,projection_match_f050,perp_f050,100,-2.0,-6.0,2.0
GPT-2 XL,CounterFact,AlphaEdit,SPHERE,canonical,1000,0.25,B_common_all_families,rewrite,EFF,projection_match_f025,perp_f025,100,-1.0,-2.5,0.0
GPT-2 XL,CounterFact,AlphaEdit,SPHERE,canonical,1000,0.25,B_common_all_families,rephrase,Gen,projection_match_f025,perp_f025,100,-1.5,-4.0,1.0
GPT-2 XL,CounterFact,AlphaEdit,SPHERE,canonical,1000,0.25,B_common_all_families,locality,LOC,projection_match_f025,perp_f025,100,-2.0,-5.0,0.0
GPT-2 XL,CounterFact,AlphaEdit,SPHERE,canonical,1000,0.5,B_common_all_families,rewrite,EFF,projection_match_f050,perp_f050,100,-1.5,-3.5,0.0
GPT-2 XL,CounterFact,AlphaEdit,SPHERE,canonical,1000,0.5,B_common_all_families,rephrase,Gen,projection_match_f050,perp_f050,100,-2.5,-5.5,0.0
GPT-2 XL,CounterFact,AlphaEdit,SPHERE,canonical,1000,0.5,B_common_all_families,locality,LOC,projection_match_f050,perp_f050,100,-4.0,-8.0,-1.0
GPT-2 XL,CounterFact,MEMIT,ENCORE,canonical,1000,0.25,B_common_all_families,rewrite,EFF,projection_match_f025,perp_f025,100,0.5,0.0,1.5
GPT-2 XL,CounterFact,MEMIT,ENCORE,canonical,1000,0.25,B_common_all_families,rephrase,Gen,projection_match_f025,perp_f025,100,-0.5,-1.5,0.0
GPT-2 XL,CounterFact,MEMIT,ENCORE,canonical,1000,0.25,B_common_all_families,locality,LOC,projection_match_f025,perp_f025,100,1.0,0.0,3.0
GPT-2 XL,CounterFact,MEMIT,ENCORE,canonical,1000,0.5,B_common_all_families,rewrite,EFF,projection_match_f050,perp_f050,100,0.0,-1.5,1.5
GPT-2 XL,CounterFact,MEMIT,ENCORE,canonical,1000,0.5,B_common_all_families,rephrase,Gen,projection_match_f050,perp_f050,100,-0.5,-1.5,0.0
GPT-2 XL,CounterFact,MEMIT,ENCORE,canonical,1000,0.5,B_common_all_families,locality,LOC,projection_match_f050,perp_f050,100,1.0,0.0,3.0
GPT-2 XL,CounterFact,MEMIT,NAS,canonical,1000,0.25,B_common_all_families,rewrite,EFF,projection_match_f025,perp_f025,100,-0.5,-2.5,1.0
GPT-2 XL,CounterFact,MEMIT,NAS,canonical,1000,0.25,B_common_all_families,rephrase,Gen,projection_match_f025,perp_f025,100,0.5,0.0,1.5
GPT-2 XL,CounterFact,MEMIT,NAS,canonical,1000,0.25,B_common_all_families,locality,LOC,projection_match_f025,perp_f025,100,2.0,0.0,5.0
GPT-2 XL,CounterFact,MEMIT,NAS,canonical,1000,0.5,B_common_all_families,rewrite,EFF,projection_match_f050,perp_f050,100,-0.5,-2.5,1.0
GPT-2 XL,CounterFact,MEMIT,NAS,canonical,1000,0.5,B_common_all_families,rephrase,Gen,projection_match_f050,perp_f050,100,1.0,0.0,2.5
GPT-2 XL,CounterFact,MEMIT,NAS,canonical,1000,0.5,B_common_all_families,locality,LOC,projection_match_f050,perp_f050,100,-1.0,-3.0,0.0
GPT-2 XL,CounterFact,MEMIT,Native,canonical,1000,0.25,B_common_all_families,rewrite,EFF,projection_match_f025,perp_f025,100,-0.5,-1.5,0.0
GPT-2 XL,CounterFact,MEMIT,Native,canonical,1000,0.25,B_common_all_families,rephrase,Gen,projection_match_f025,perp_f025,100,0.0,0.0,0.0
GPT-2 XL,CounterFact,MEMIT,Native,canonical,1000,0.25,B_common_all_families,locality,LOC,projection_match_f025,perp_f025,100,0.0,-3.0,3.0
GPT-2 XL,CounterFact,MEMIT,Native,canonical,1000,0.5,B_common_all_families,rewrite,EFF,projection_match_f050,perp_f050,100,0.0,-1.5,1.5
GPT-2 XL,CounterFact,MEMIT,Native,canonical,1000,0.5,B_common_all_families,rephrase,Gen,projection_match_f050,perp_f050,100,0.0,0.0,0.0
GPT-2 XL,CounterFact,MEMIT,Native,canonical,1000,0.5,B_common_all_families,locality,LOC,projection_match_f050,perp_f050,100,1.0,-2.0,5.0
GPT-2 XL,CounterFact,MEMIT,SADR,canonical,1000,0.25,B_common_all_families,rewrite,EFF,projection_match_f025,perp_f025,100,-0.5,-2.0,1.0
GPT-2 XL,CounterFact,MEMIT,SADR,canonical,1000,0.25,B_common_all_families,rephrase,Gen,projection_match_f025,perp_f025,100,-0.5,-1.5,0.0
GPT-2 XL,CounterFact,MEMIT,SADR,canonical,1000,0.25,B_common_all_families,locality,LOC,projection_match_f025,perp_f025,100,0.0,0.0,0.0
GPT-2 XL,CounterFact,MEMIT,SADR,canonical,1000,0.5,B_common_all_families,rewrite,EFF,projection_match_f050,perp_f050,100,-0.5,-2.0,1.0
GPT-2 XL,CounterFact,MEMIT,SADR,canonical,1000,0.5,B_common_all_families,rephrase,Gen,projection_match_f050,perp_f050,100,-1.0,-2.5,0.0
GPT-2 XL,CounterFact,MEMIT,SADR,canonical,1000,0.5,B_common_all_families,locality,LOC,projection_match_f050,perp_f050,100,-1.0,-3.0,0.0
GPT-2 XL,CounterFact,MEMIT,SPHERE,canonical,1000,0.25,B_common_all_families,rewrite,EFF,projection_match_f025,perp_f025,100,0.0,0.0,0.0
GPT-2 XL,CounterFact,MEMIT,SPHERE,canonical,1000,0.25,B_common_all_families,rephrase,Gen,projection_match_f025,perp_f025,100,0.0,0.0,0.0
GPT-2 XL,CounterFact,MEMIT,SPHERE,canonical,1000,0.25,B_common_all_families,locality,LOC,projection_match_f025,perp_f025,100,-1.0,-3.0,0.0
GPT-2 XL,CounterFact,MEMIT,SPHERE,canonical,1000,0.5,B_common_all_families,rewrite,EFF,projection_match_f050,perp_f050,100,0.0,0.0,0.0
GPT-2 XL,CounterFact,MEMIT,SPHERE,canonical,1000,0.5,B_common_all_families,rephrase,Gen,projection_match_f050,perp_f050,100,0.5,-1.5,3.0
GPT-2 XL,CounterFact,MEMIT,SPHERE,canonical,1000,0.5,B_common_all_families,locality,LOC,projection_match_f050,perp_f050,100,-1.0,-5.0,2.0
GPT-2 XL,zsRE,AlphaEdit,ENCORE,canonical,1000,0.25,B_common_all_families,rewrite,EFF,projection_match_f025,perp_f025,100,-2.1928571428571426,-4.516666666666667,0.026190476190476205
GPT-2 XL,zsRE,AlphaEdit,ENCORE,canonical,1000,0.25,B_common_all_families,rephrase,Gen,projection_match_f025,perp_f025,100,0.6238095238095238,-1.9666666666666663,3.373809523809523
GPT-2 XL,zsRE,AlphaEdit,ENCORE,canonical,1000,0.25,B_common_all_families,locality,LOC,projection_match_f025,perp_f025,100,0.3424242424242423,-0.18181818181818202,1.16060606060606
GPT-2 XL,zsRE,AlphaEdit,ENCORE,canonical,1000,0.5,B_common_all_families,rewrite,EFF,projection_match_f050,perp_f050,100,-3.276190476190476,-6.757142857142856,0.13351190476190283
GPT-2 XL,zsRE,AlphaEdit,ENCORE,canonical,1000,0.5,B_common_all_families,rephrase,Gen,projection_match_f050,perp_f050,100,3.521428571428572,-0.840535714285714,8.057142857142857
GPT-2 XL,zsRE,AlphaEdit,ENCORE,canonical,1000,0.5,B_common_all_families,locality,LOC,projection_match_f050,perp_f050,100,-1.5216630591630593,-4.526681998556999,0.8981939935064932
GPT-2 XL,zsRE,AlphaEdit,NAS,canonical,1000,0.25,B_common_all_families,rewrite,EFF,projection_match_f025,perp_f025,100,-5.416666666666668,-8.466666666666667,-2.533333333333333
GPT-2 XL,zsRE,AlphaEdit,NAS,canonical,1000,0.25,B_common_all_families,rephrase,Gen,projection_match_f025,perp_f025,100,-2.3690476190476186,-5.073869047619048,0.3071428571428578
GPT-2 XL,zsRE,AlphaEdit,NAS,canonical,1000,0.25,B_common_all_families,locality,LOC,projection_match_f025,perp_f025,100,-1.1885281385281388,-2.97625,0.30011904761904573
GPT-2 XL,zsRE,AlphaEdit,NAS,canonical,1000,0.5,B_common_all_families,rewrite,EFF,projection_match_f050,perp_f050,100,-4.676190476190477,-8.819166666666668,-0.5666666666666665
GPT-2 XL,zsRE,AlphaEdit,NAS,canonical,1000,0.5,B_common_all_families,rephrase,Gen,projection_match_f050,perp_f050,100,-0.49047619047619007,-5.273988095238094,4.276250000000001
GPT-2 XL,zsRE,AlphaEdit,NAS,canonical,1000,0.5,B_common_all_families,locality,LOC,projection_match_f050,perp_f050,100,-1.3829725829725827,-3.571246392496392,0.5080753968253953
GPT-2 XL,zsRE,AlphaEdit,Native,canonical,1000,0.25,B_common_all_families,rewrite,EFF,projection_match_f025,perp_f025,100,-4.442857142857143,-6.843035714285715,-2.342857142857143
GPT-2 XL,zsRE,AlphaEdit,Native,canonical,1000,0.25,B_common_all_families,rephrase,Gen,projection_match_f025,perp_f025,100,-1.5166666666666668,-4.516666666666667,1.3929166666666657
GPT-2 XL,zsRE,AlphaEdit,Native,canonical,1000,0.25,B_common_all_families,locality,LOC,projection_match_f025,perp_f025,100,-1.4371794871794874,-3.166666666666667,-0.024663461538466443
GPT-2 XL,zsRE,AlphaEdit,Native,canonical,1000,0.5,B_common_all_families,rewrite,EFF,projection_match_f050,perp_f050,100,-5.885714285714287,-9.626369047619049,-2.340297619047622
GPT-2 XL,zsRE,AlphaEdit,Native,canonical,1000,0.5,B_common_all_families,rephrase,Gen,projection_match_f050,perp_f050,100,1.3404761904761904,-2.5357142857142856,5.464404761904761
GPT-2 XL,zsRE,AlphaEdit,Native,canonical,1000,0.5,B_common_all_families,locality,LOC,projection_match_f050,perp_f050,100,-2.2984890109890115,-5.92097413003663,0.7494196428571424
GPT-2 XL,zsRE,AlphaEdit,SADR,canonical,1000,0.25,B_common_all_families,rewrite,EFF,projection_match_f025,perp_f025,100,-2.5095238095238095,-5.202559523809523,0.16666666666666657
GPT-2 XL,zsRE,AlphaEdit,SADR,canonical,1000,0.25,B_common_all_families,rephrase,Gen,projection_match_f025,perp_f025,100,-4.123809523809523,-7.4904761904761905,-0.8307738095238117
GPT-2 XL,zsRE,AlphaEdit,SADR,canonical,1000,0.25,B_common_all_families,locality,LOC,projection_match_f025,perp_f025,100,-1.8409340659340663,-4.398125,-0.14020146520146567
GPT-2 XL,zsRE,AlphaEdit,SADR,canonical,1000,0.5,B_common_all_families,rewrite,EFF,projection_match_f050,perp_f050,100,-2.1238095238095234,-5.323809523809523,1.1097619047619014
GPT-2 XL,zsRE,AlphaEdit,SADR,canonical,1000,0.5,B_common_all_families,rephrase,Gen,projection_match_f050,perp_f050,100,-1.916666666666667,-6.590714285714285,2.874285714285707
GPT-2 XL,zsRE,AlphaEdit,SADR,canonical,1000,0.5,B_common_all_families,locality,LOC,projection_match_f050,perp_f050,100,-1.9034340659340663,-4.898162774725274,0.5238095238095238
GPT-2 XL,zsRE,AlphaEdit,SPHERE,canonical,1000,0.25,B_common_all_families,rewrite,EFF,projection_match_f025,perp_f025,100,-1.5095238095238097,-3.0952380952380953,-0.2261904761904762
GPT-2 XL,zsRE,AlphaEdit,SPHERE,canonical,1000,0.25,B_common_all_families,rephrase,Gen,projection_match_f025,perp_f025,100,-1.6595238095238096,-4.852619047619048,1.5262499999999988
GPT-2 XL,zsRE,AlphaEdit,SPHERE,canonical,1000,0.25,B_common_all_families,locality,LOC,projection_match_f025,perp_f025,100,-2.0571428571428574,-4.773809523809524,-0.1738095238095238
GPT-2 XL,zsRE,AlphaEdit,SPHERE,canonical,1000,0.5,B_common_all_families,rewrite,EFF,projection_match_f050,perp_f050,100,-1.4595238095238097,-4.15952380952381,0.9334523809523794
GPT-2 XL,zsRE,AlphaEdit,SPHERE,canonical,1000,0.5,B_common_all_families,rephrase,Gen,projection_match_f050,perp_f050,100,-1.426190476190476,-5.623809523809523,2.6597023809523788
GPT-2 XL,zsRE,AlphaEdit,SPHERE,canonical,1000,0.5,B_common_all_families,locality,LOC,projection_match_f050,perp_f050,100,-4.955952380952381,-9.261904761904761,-1.2333333333333334
GPT-2 XL,zsRE,MEMIT,ENCORE,canonical,1000,0.25,B_common_all_families,rewrite,EFF,projection_match_f025,perp_f025,100,0.32380952380952394,-0.8429166666666668,1.6666666666666672
GPT-2 XL,zsRE,MEMIT,ENCORE,canonical,1000,0.25,B_common_all_families,rephrase,Gen,projection_match_f025,perp_f025,100,-1.4210854715202004e-16,-2.25,2.2499999999999996
GPT-2 XL,zsRE,MEMIT,ENCORE,canonical,1000,0.25,B_common_all_families,locality,LOC,projection_match_f025,perp_f025,100,0.9442460317460315,-0.9736458333333335,3.500034722222222
GPT-2 XL,zsRE,MEMIT,ENCORE,canonical,1000,0.5,B_common_all_families,rewrite,EFF,projection_match_f050,perp_f050,100,-1.2928571428571427,-3.9858928571428573,1.373809523809524
GPT-2 XL,zsRE,MEMIT,ENCORE,canonical,1000,0.5,B_common_all_families,rephrase,Gen,projection_match_f050,perp_f050,100,-0.8833333333333337,-3.75,1.8999999999999995
GPT-2 XL,zsRE,MEMIT,ENCORE,canonical,1000,0.5,B_common_all_families,locality,LOC,projection_match_f050,perp_f050,100,0.8555555555555556,-1.8666964285714287,4.214702380952381
GPT-2 XL,zsRE,MEMIT,NAS,canonical,1000,0.25,B_common_all_families,rewrite,EFF,projection_match_f025,perp_f025,100,-1.673809523809524,-4.100059523809524,0.5786904761904746
GPT-2 XL,zsRE,MEMIT,NAS,canonical,1000,0.25,B_common_all_families,rephrase,Gen,projection_match_f025,perp_f025,100,-1.1238095238095238,-3.5,1.1952380952380954
GPT-2 XL,zsRE,MEMIT,NAS,canonical,1000,0.25,B_common_all_families,locality,LOC,projection_match_f025,perp_f025,100,-2.553571428571429,-5.395357142857141,-0.316636904761905
GPT-2 XL,zsRE,MEMIT,NAS,canonical,1000,0.5,B_common_all_families,rewrite,EFF,projection_match_f050,perp_f050,100,-2.2904761904761903,-5.714642857142858,1.0095238095238097
GPT-2 XL,zsRE,MEMIT,NAS,canonical,1000,0.5,B_common_all_families,rephrase,Gen,projection_match_f050,perp_f050,100,0.2595238095238093,-2.823988095238095,3.40952380952381
GPT-2 XL,zsRE,MEMIT,NAS,canonical,1000,0.5,B_common_all_families,locality,LOC,projection_match_f050,perp_f050,100,-1.8869047619047619,-5.523898809523809,1.6501190476190462
GPT-2 XL,zsRE,MEMIT,Native,canonical,1000,0.25,B_common_all_families,rewrite,EFF,projection_match_f025,perp_f025,100,-1.8595238095238094,-5.15,1.1335119047619024
GPT-2 XL,zsRE,MEMIT,Native,canonical,1000,0.25,B_common_all_families,rephrase,Gen,projection_match_f025,perp_f025,100,-4.754761904761904,-9.01720238095238,-0.6333333333333334
GPT-2 XL,zsRE,MEMIT,Native,canonical,1000,0.25,B_common_all_families,locality,LOC,projection_match_f025,perp_f025,100,-2.535714285714286,-6.238392857142857,0.664285714285714
GPT-2 XL,zsRE,MEMIT,Native,canonical,1000,0.5,B_common_all_families,rewrite,EFF,projection_match_f050,perp_f050,93,-0.8090117767537126,-4.882488479262673,3.151561699948796
GPT-2 XL,zsRE,MEMIT,Native,canonical,1000,0.5,B_common_all_families,rephrase,Gen,projection_match_f050,perp_f050,93,-3.57910906298003,-7.1685227854582685,-0.16884280593958112
GPT-2 XL,zsRE,MEMIT,Native,canonical,1000,0.5,B_common_all_families,locality,LOC,projection_match_f050,perp_f050,93,-4.05640506446958,-8.36862722850626,-0.13058872131452923
GPT-2 XL,zsRE,MEMIT,SADR,canonical,1000,0.25,B_common_all_families,rewrite,EFF,projection_match_f025,perp_f025,96,-3.377976190476191,-6.406312003968254,-0.9375000000000003
GPT-2 XL,zsRE,MEMIT,SADR,canonical,1000,0.25,B_common_all_families,rephrase,Gen,projection_match_f025,perp_f025,96,-2.2420634920634916,-5.347222222222221,0.6426711309523768
GPT-2 XL,zsRE,MEMIT,SADR,canonical,1000,0.25,B_common_all_families,locality,LOC,projection_match_f025,perp_f025,96,-3.576776233026233,-7.27727950579513,0.10786999458874424
GPT-2 XL,zsRE,MEMIT,SADR,canonical,1000,0.5,B_common_all_families,rewrite,EFF,projection_match_f050,perp_f050,83,-3.5341365461847394,-7.731425702811245,0.38152610441767054
GPT-2 XL,zsRE,MEMIT,SADR,canonical,1000,0.5,B_common_all_families,rephrase,Gen,projection_match_f050,perp_f050,83,-3.57429718875502,-7.7510040160642575,0.02008032128514036
GPT-2 XL,zsRE,MEMIT,SADR,canonical,1000,0.5,B_common_all_families,locality,LOC,projection_match_f050,perp_f050,83,-6.950716619391319,-11.882326508832532,-2.909570098576123
GPT-2 XL,zsRE,MEMIT,SPHERE,canonical,1000,0.25,B_common_all_families,rewrite,EFF,projection_match_f025,perp_f025,100,0.4738095238095237,-1.5857142857142859,2.523809523809524
GPT-2 XL,zsRE,MEMIT,SPHERE,canonical,1000,0.25,B_common_all_families,rephrase,Gen,projection_match_f025,perp_f025,100,0.3333333333333334,-1.1666666666666663,1.666666666666667
GPT-2 XL,zsRE,MEMIT,SPHERE,canonical,1000,0.25,B_common_all_families,locality,LOC,projection_match_f025,perp_f025,100,0.12638888888888894,-1.213566468253968,1.6388888888888886
GPT-2 XL,zsRE,MEMIT,SPHERE,canonical,1000,0.5,B_common_all_families,rewrite,EFF,projection_match_f050,perp_f050,100,1.1404761904761909,-1.6428571428571428,3.9476785714285714
GPT-2 XL,zsRE,MEMIT,SPHERE,canonical,1000,0.5,B_common_all_families,rephrase,Gen,projection_match_f050,perp_f050,100,-0.19999999999999984,-2.983333333333333,2.5333333333333337
GPT-2 XL,zsRE,MEMIT,SPHERE,canonical,1000,0.5,B_common_all_families,locality,LOC,projection_match_f050,perp_f050,100,-1.8170634920634923,-4.692450396825397,0.4277976190476184
Llama,CounterFact,AlphaEdit,ENCORE,canonical,1000,0.25,B_common_all_families,rewrite,EFF,projection_match_f025,perp_f025,100,0.0,-2.0,2.0
Llama,CounterFact,AlphaEdit,ENCORE,canonical,1000,0.25,B_common_all_families,rephrase,Gen,projection_match_f025,perp_f025,100,-1.0,-3.0,1.0
Llama,CounterFact,AlphaEdit,ENCORE,canonical,1000,0.25,B_common_all_families,locality,LOC,projection_match_f025,perp_f025,100,0.0,0.0,0.0
Llama,CounterFact,AlphaEdit,ENCORE,canonical,1000,0.5,B_common_all_families,rewrite,EFF,projection_match_f050,perp_f050,100,-0.5,-4.0,2.5
Llama,CounterFact,AlphaEdit,ENCORE,canonical,1000,0.5,B_common_all_families,rephrase,Gen,projection_match_f050,perp_f050,100,-1.5,-4.0,0.5
Llama,CounterFact,AlphaEdit,ENCORE,canonical,1000,0.5,B_common_all_families,locality,LOC,projection_match_f050,perp_f050,100,-1.0,-3.0,0.0
Llama,CounterFact,AlphaEdit,NAS,canonical,1000,0.25,B_common_all_families,rewrite,EFF,projection_match_f025,perp_f025,100,-1.0,-2.5,0.0
Llama,CounterFact,AlphaEdit,NAS,canonical,1000,0.25,B_common_all_families,rephrase,Gen,projection_match_f025,perp_f025,100,-1.0,-3.0,1.0
Llama,CounterFact,AlphaEdit,NAS,canonical,1000,0.25,B_common_all_families,locality,LOC,projection_match_f025,perp_f025,100,0.0,-4.0,4.0
Llama,CounterFact,AlphaEdit,NAS,canonical,1000,0.5,B_common_all_families,rewrite,EFF,projection_match_f050,perp_f050,100,-0.5,-2.5,1.0
Llama,CounterFact,AlphaEdit,NAS,canonical,1000,0.5,B_common_all_families,rephrase,Gen,projection_match_f050,perp_f050,100,-1.0,-2.5,0.0
Llama,CounterFact,AlphaEdit,NAS,canonical,1000,0.5,B_common_all_families,locality,LOC,projection_match_f050,perp_f050,100,1.0,-2.0,4.0
Llama,CounterFact,AlphaEdit,Native,canonical,1000,0.25,B_common_all_families,rewrite,EFF,projection_match_f025,perp_f025,100,-4.0,-7.0,-1.0
Llama,CounterFact,AlphaEdit,Native,canonical,1000,0.25,B_common_all_families,rephrase,Gen,projection_match_f025,perp_f025,100,0.0,-2.0,2.0
Llama,CounterFact,AlphaEdit,Native,canonical,1000,0.25,B_common_all_families,locality,LOC,projection_match_f025,perp_f025,100,1.0,-2.0,5.0
Llama,CounterFact,AlphaEdit,Native,canonical,1000,0.5,B_common_all_families,rewrite,EFF,projection_match_f050,perp_f050,87,-6.32183908045977,-10.344827586206897,-2.8735632183908044
Llama,CounterFact,AlphaEdit,Native,canonical,1000,0.5,B_common_all_families,rephrase,Gen,projection_match_f050,perp_f050,87,-0.5747126436781609,-3.4482758620689653,2.2988505747126435
Llama,CounterFact,AlphaEdit,Native,canonical,1000,0.5,B_common_all_families,locality,LOC,projection_match_f050,perp_f050,87,1.1494252873563218,-3.4482758620689653,5.747126436781609
Llama,CounterFact,AlphaEdit,SADR,canonical,1000,0.25,B_common_all_families,rewrite,EFF,projection_match_f025,perp_f025,97,-5.670103092783505,-9.278350515463918,-2.0618556701030926
Llama,CounterFact,AlphaEdit,SADR,canonical,1000,0.25,B_common_all_families,rephrase,Gen,projection_match_f025,perp_f025,97,-1.0309278350515463,-3.6082474226804124,1.5463917525773196
Llama,CounterFact,AlphaEdit,SADR,canonical,1000,0.25,B_common_all_families,locality,LOC,projection_match_f025,perp_f025,97,-4.123711340206185,-10.309278350515465,2.0618556701030926
Llama,CounterFact,AlphaEdit,SADR,canonical,1000,0.5,B_common_all_families,rewrite,EFF,projection_match_f050,perp_f050,82,-8.536585365853659,-14.024390243902438,-3.658536585365854
Llama,CounterFact,AlphaEdit,SADR,canonical,1000,0.5,B_common_all_families,rephrase,Gen,projection_match_f050,perp_f050,82,-4.878048780487805,-9.146341463414634,-0.6097560975609756
Llama,CounterFact,AlphaEdit,SADR,canonical,1000,0.5,B_common_all_families,locality,LOC,projection_match_f050,perp_f050,82,-4.878048780487805,-12.195121951219512,1.2195121951219512
Llama,CounterFact,AlphaEdit,SPHERE,canonical,1000,0.25,B_common_all_families,rewrite,EFF,projection_match_f025,perp_f025,100,-0.5,-1.5,0.0
Llama,CounterFact,AlphaEdit,SPHERE,canonical,1000,0.25,B_common_all_families,rephrase,Gen,projection_match_f025,perp_f025,100,0.0,0.0,0.0
Llama,CounterFact,AlphaEdit,SPHERE,canonical,1000,0.25,B_common_all_families,locality,LOC,projection_match_f025,perp_f025,100,2.0,0.0,5.0
Llama,CounterFact,AlphaEdit,SPHERE,canonical,1000,0.5,B_common_all_families,rewrite,EFF,projection_match_f050,perp_f050,100,-0.5,-1.5,0.0
Llama,CounterFact,AlphaEdit,SPHERE,canonical,1000,0.5,B_common_all_families,rephrase,Gen,projection_match_f050,perp_f050,100,-2.0,-4.0,-0.5
Llama,CounterFact,AlphaEdit,SPHERE,canonical,1000,0.5,B_common_all_families,locality,LOC,projection_match_f050,perp_f050,100,2.0,0.0,5.0
Llama,CounterFact,MEMIT,ENCORE,canonical,1000,0.25,B_common_all_families,rewrite,EFF,projection_match_f025,perp_f025,100,0.0,0.0,0.0
Llama,CounterFact,MEMIT,ENCORE,canonical,1000,0.25,B_common_all_families,rephrase,Gen,projection_match_f025,perp_f025,100,0.0,-1.5,1.5
Llama,CounterFact,MEMIT,ENCORE,canonical,1000,0.25,B_common_all_families,locality,LOC,projection_match_f025,perp_f025,100,0.0,0.0,0.0
Llama,CounterFact,MEMIT,ENCORE,canonical,1000,0.5,B_common_all_families,rewrite,EFF,projection_match_f050,perp_f050,100,0.5,0.0,1.5
Llama,CounterFact,MEMIT,ENCORE,canonical,1000,0.5,B_common_all_families,rephrase,Gen,projection_match_f050,perp_f050,100,0.0,-1.5,1.5
Llama,CounterFact,MEMIT,ENCORE,canonical,1000,0.5,B_common_all_families,locality,LOC,projection_match_f050,perp_f050,100,0.0,0.0,0.0
Llama,CounterFact,MEMIT,NAS,canonical,1000,0.25,B_common_all_families,rewrite,EFF,projection_match_f025,perp_f025,99,-0.5050505050505051,-1.5151515151515151,0.0
Llama,CounterFact,MEMIT,NAS,canonical,1000,0.25,B_common_all_families,rephrase,Gen,projection_match_f025,perp_f025,99,0.5050505050505051,0.0,1.5151515151515151
Llama,CounterFact,MEMIT,NAS,canonical,1000,0.25,B_common_all_families,locality,LOC,projection_match_f025,perp_f025,99,1.0101010101010102,0.0,3.0303030303030303
Llama,CounterFact,MEMIT,NAS,canonical,1000,0.5,B_common_all_families,rewrite,EFF,projection_match_f050,perp_f050,99,0.0,-1.5151515151515151,1.5151515151515151
Llama,CounterFact,MEMIT,NAS,canonical,1000,0.5,B_common_all_families,rephrase,Gen,projection_match_f050,perp_f050,99,0.5050505050505051,0.0,1.5151515151515151
Llama,CounterFact,MEMIT,NAS,canonical,1000,0.5,B_common_all_families,locality,LOC,projection_match_f050,perp_f050,99,0.0,0.0,0.0
Llama,zsRE,AlphaEdit,ENCORE,canonical,1000,0.25,B_common_all_families,rewrite,EFF,projection_match_f025,perp_f025,100,-0.47619047619047605,-1.5357142857142856,0.5
Llama,zsRE,AlphaEdit,ENCORE,canonical,1000,0.25,B_common_all_families,rephrase,Gen,projection_match_f025,perp_f025,100,-0.27380952380952395,-1.4166666666666672,0.7380952380952382
Llama,zsRE,AlphaEdit,ENCORE,canonical,1000,0.25,B_common_all_families,locality,LOC,projection_match_f025,perp_f025,100,-2.3166666666666664,-4.678749999999999,-0.15714285714285722
Llama,zsRE,AlphaEdit,ENCORE,canonical,1000,0.5,B_common_all_families,rewrite,EFF,projection_match_f050,perp_f050,91,-0.7875457875457876,-2.3809523809523814,0.6699372056514894
Llama,zsRE,AlphaEdit,ENCORE,canonical,1000,0.5,B_common_all_families,rephrase,Gen,projection_match_f050,perp_f050,91,-0.5494505494505499,-2.4205259026687607,1.072736787022501
Llama,zsRE,AlphaEdit,ENCORE,canonical,1000,0.5,B_common_all_families,locality,LOC,projection_match_f050,perp_f050,91,-0.7045025368006735,-2.7350010238208995,1.2421876777466831
Llama,zsRE,AlphaEdit,NAS,canonical,1000,0.25,B_common_all_families,rewrite,EFF,projection_match_f025,perp_f025,100,0.0,-0.75,0.75
Llama,zsRE,AlphaEdit,NAS,canonical,1000,0.25,B_common_all_families,rephrase,Gen,projection_match_f025,perp_f025,100,0.05,-0.9,1.0
Llama,zsRE,AlphaEdit,NAS,canonical,1000,0.25,B_common_all_families,locality,LOC,projection_match_f025,perp_f025,100,0.19358974358974357,-1.1166666666666667,1.7038461538461538
Llama,zsRE,AlphaEdit,NAS,canonical,1000,0.5,B_common_all_families,rewrite,EFF,projection_match_f050,perp_f050,100,-0.05,-1.55,1.4333333333333333
Llama,zsRE,AlphaEdit,NAS,canonical,1000,0.5,B_common_all_families,rephrase,Gen,projection_match_f050,perp_f050,100,0.6071428571428571,-1.092857142857143,2.5
Llama,zsRE,AlphaEdit,NAS,canonical,1000,0.5,B_common_all_families,locality,LOC,projection_match_f050,perp_f050,100,-1.3206349206349204,-3.5523809523809518,0.7500000000000003
Llama,zsRE,AlphaEdit,Native,canonical,1000,0.25,B_common_all_families,rewrite,EFF,projection_match_f025,perp_f025,99,-0.5387205387205388,-1.9191919191919198,0.6734006734006736
Llama,zsRE,AlphaEdit,Native,canonical,1000,0.25,B_common_all_families,rephrase,Gen,projection_match_f025,perp_f025,99,-1.1014911014911017,-2.902837902837903,0.48340548340548317
Llama,zsRE,AlphaEdit,Native,canonical,1000,0.25,B_common_all_families,locality,LOC,projection_match_f025,perp_f025,99,-3.38486660950429,-5.872044286899359,-1.2484228063938207
Llama,zsRE,AlphaEdit,Native,canonical,1000,0.5,B_common_all_families,rewrite,EFF,projection_match_f050,perp_f050,89,-1.9743178170144464,-4.071696094168004,-0.09884965222044037
Llama,zsRE,AlphaEdit,Native,canonical,1000,0.5,B_common_all_families,rephrase,Gen,projection_match_f050,perp_f050,89,-2.2846441947565546,-4.649678972712681,-0.05617977528089919
Llama,zsRE,AlphaEdit,Native,canonical,1000,0.5,B_common_all_families,locality,LOC,projection_match_f050,perp_f050,89,-4.010932345079879,-7.591127356332533,-1.06200376321285
Llama,zsRE,AlphaEdit,SADR,canonical,1000,0.25,B_common_all_families,rewrite,EFF,projection_match_f025,perp_f025,100,-0.3761904761904761,-1.5523809523809518,0.8095833333333325
Llama,zsRE,AlphaEdit,SADR,canonical,1000,0.25,B_common_all_families,rephrase,Gen,projection_match_f025,perp_f025,100,-3.0952380952380953,-6.338214285714286,-0.43553571428571675
Llama,zsRE,AlphaEdit,SADR,canonical,1000,0.25,B_common_all_families,locality,LOC,projection_match_f025,perp_f025,100,-3.344444444444444,-6.134246031746032,-0.9991666666666671
Llama,zsRE,AlphaEdit,SADR,canonical,1000,0.5,B_common_all_families,rewrite,EFF,projection_match_f050,perp_f050,88,-1.7424242424242424,-3.8257575757575766,0.47348484848484806
Llama,zsRE,AlphaEdit,SADR,canonical,1000,0.5,B_common_all_families,rephrase,Gen,projection_match_f050,perp_f050,88,-3.487554112554113,-7.031926406926408,-0.454477813852815
Llama,zsRE,AlphaEdit,SADR,canonical,1000,0.5,B_common_all_families,locality,LOC,projection_match_f050,perp_f050,88,-5.928481240981241,-9.567155934343434,-2.780370670995673
Llama,zsRE,AlphaEdit,SPHERE,canonical,1000,0.25,B_common_all_families,rewrite,EFF,projection_match_f025,perp_f025,100,-0.25,-0.75,0.0
Llama,zsRE,AlphaEdit,SPHERE,canonical,1000,0.25,B_common_all_families,rephrase,Gen,projection_match_f025,perp_f025,100,-0.6666666666666669,-1.9166666666666672,0.4166666666666666
Llama,zsRE,AlphaEdit,SPHERE,canonical,1000,0.25,B_common_all_families,locality,LOC,projection_match_f025,perp_f025,100,-1.8896825396825399,-3.6008134920634918,-0.4809523809523811
Llama,zsRE,AlphaEdit,SPHERE,canonical,1000,0.5,B_common_all_families,rewrite,EFF,projection_match_f050,perp_f050,96,-0.08680555555555536,-0.954861111111111,0.8680555555555559
Llama,zsRE,AlphaEdit,SPHERE,canonical,1000,0.5,B_common_all_families,rephrase,Gen,projection_match_f050,perp_f050,96,-1.5972222222222223,-3.2291666666666665,-0.3472222222222223
Llama,zsRE,AlphaEdit,SPHERE,canonical,1000,0.5,B_common_all_families,locality,LOC,projection_match_f050,perp_f050,96,-5.136588451805843,-8.639663489187944,-2.1582520991488385
Llama,zsRE,MEMIT,ENCORE,canonical,1000,0.25,B_common_all_families,rewrite,EFF,projection_match_f025,perp_f025,100,0.5428571428571429,-0.1428571428571429,1.3428571428571427
Llama,zsRE,MEMIT,ENCORE,canonical,1000,0.25,B_common_all_families,rephrase,Gen,projection_match_f025,perp_f025,100,-0.2999999999999999,-1.5833333333333337,0.9
Llama,zsRE,MEMIT,ENCORE,canonical,1000,0.25,B_common_all_families,locality,LOC,projection_match_f025,perp_f025,100,-0.4428571428571428,-3.630952380952381,2.7238095238095235
Llama,zsRE,MEMIT,ENCORE,canonical,1000,0.5,B_common_all_families,rewrite,EFF,projection_match_f050,perp_f050,100,-0.030952380952380735,-1.3571428571428568,1.378571428571429
Llama,zsRE,MEMIT,ENCORE,canonical,1000,0.5,B_common_all_families,rephrase,Gen,projection_match_f050,perp_f050,100,-0.24999999999999978,-1.7167261904761906,1.176190476190476
Llama,zsRE,MEMIT,ENCORE,canonical,1000,0.5,B_common_all_families,locality,LOC,projection_match_f050,perp_f050,100,-2.7976190476190474,-6.428571428571429,0.10714285714285708
Llama,zsRE,MEMIT,NAS,canonical,1000,0.25,B_common_all_families,rewrite,EFF,projection_match_f025,perp_f025,100,5.016666666666667,2.742857142857143,7.616666666666667
Llama,zsRE,MEMIT,NAS,canonical,1000,0.25,B_common_all_families,rephrase,Gen,projection_match_f025,perp_f025,100,2.9857142857142858,0.9760714285714285,5.183571428571424
Llama,zsRE,MEMIT,NAS,canonical,1000,0.25,B_common_all_families,locality,LOC,projection_match_f025,perp_f025,100,-2.433954451345756,-4.639958592132506,-0.33695652173913077
Llama,zsRE,MEMIT,NAS,canonical,1000,0.5,B_common_all_families,rewrite,EFF,projection_match_f050,perp_f050,96,6.537698412698414,3.5664682539682544,9.600694444444445
Llama,zsRE,MEMIT,NAS,canonical,1000,0.5,B_common_all_families,rephrase,Gen,projection_match_f050,perp_f050,96,5.158730158730158,2.403211805555555,8.075582837301583
Llama,zsRE,MEMIT,NAS,canonical,1000,0.5,B_common_all_families,locality,LOC,projection_match_f050,perp_f050,96,-2.235270013802622,-5.030429570680929,0.362524621865654
