panel,dataset,context,metric,n_checkpoints,n_condition_trajectories,n_checkpoints_per_trajectory,pooled_spearman,cluster_bootstrap_ci_low,cluster_bootstrap_ci_high,bootstrap_replicates,seed,resampling_unit,interval
full360,zsRE,rewrite,q,180,20,9,-0.92134457069723708,-0.95639212728065182,-0.88143088877823317,5000,20260928,condition trajectory,percentile 95%
full360,zsRE,rewrite,d,180,20,9,-0.92130547242674665,-0.95653772919876434,-0.88039818311233853,5000,20260928,condition trajectory,percentile 95%
full360,zsRE,rewrite,D_H,180,20,9,-0.86075665606294971,-0.92421625441455191,-0.80261458058123258,5000,20260928,condition trajectory,percentile 95%
full360,zsRE,locality,q,180,20,9,-0.92918891843985518,-0.96440349465786956,-0.88879112799615656,5000,20260928,condition trajectory,percentile 95%
full360,zsRE,locality,d,180,20,9,-0.93042154286216061,-0.96497068807412945,-0.8902567301894998,5000,20260928,condition trajectory,percentile 95%
full360,zsRE,locality,D_H,180,20,9,-0.86298319967719761,-0.91746736089501557,-0.80785535442056999,5000,20260928,condition trajectory,percentile 95%
full360,CounterFact,rewrite,q,180,20,9,-0.95300714615748161,-0.97123095777497814,-0.93801754382906399,5000,20260928,condition trajectory,percentile 95%
full360,CounterFact,rewrite,d,180,20,9,-0.95297627989582889,-0.97104709992799165,-0.93800552056982978,5000,20260928,condition trajectory,percentile 95%
full360,CounterFact,rewrite,D_H,180,20,9,-0.90454917311346372,-0.94416760606191485,-0.8735006693998828,5000,20260928,condition trajectory,percentile 95%
full360,CounterFact,locality,q,180,20,9,-0.91162166253349386,-0.95261725165420064,-0.86537748859762031,5000,20260928,condition trajectory,percentile 95%
full360,CounterFact,locality,d,180,20,9,-0.91162989353660129,-0.95278863025606375,-0.86531372581673827,5000,20260928,condition trajectory,percentile 95%
full360,CounterFact,locality,D_H,180,20,9,-0.78501237273552649,-0.90708856597800169,-0.66605009619391664,5000,20260928,condition trajectory,percentile 95%
