model,dataset,editor,method,order_id,context,trajectory_id,n_checkpoints,n_unique_q,n_unique_LOC,rho_q_LOC,rho_d_LOC,rho_D_H_LOC
Llama,CounterFact,AlphaEdit,ENCORE,canonical,locality,ENCORE_corrected_CounterFact_AlphaEdit,9,9,9,-0.99999999999999989,-0.99999999999999989,-0.99999999999999989
Llama,zsRE,AlphaEdit,ENCORE,canonical,locality,ENCORE_corrected_zsRE_AlphaEdit,9,9,9,-0.99999999999999989,-0.99999999999999989,-0.99999999999999989
Llama,zsRE,MEMIT,ENCORE,canonical,locality,ENCORE_corrected_zsRE_MEMIT,9,9,9,-0.99999999999999989,-0.99999999999999989,-0.99999999999999989
GPT-2 XL,CounterFact,AlphaEdit,SPHERE,canonical,locality,SPHERE_corrected_CounterFact_AlphaEdit,9,9,9,-0.99999999999999989,-0.99999999999999989,-0.99999999999999989
GPT-2 XL,CounterFact,MEMIT,SPHERE,canonical,locality,SPHERE_corrected_CounterFact_MEMIT,9,9,9,-0.99999999999999989,-0.99999999999999989,-0.99999999999999989
GPT-2 XL,zsRE,AlphaEdit,SPHERE,canonical,locality,SPHERE_corrected_zsRE_AlphaEdit,9,9,9,-0.99999999999999989,-0.99999999999999989,-0.99999999999999989
GPT-2 XL,zsRE,MEMIT,SPHERE,canonical,locality,SPHERE_corrected_zsRE_MEMIT,9,9,9,-0.99999999999999989,-0.99999999999999989,-0.98333333333333317
GPT-2 XL,CounterFact,AlphaEdit,ENCORE,canonical,locality,T01,9,9,9,-0.99999999999999989,-0.99999999999999989,-0.99999999999999989
GPT-2 XL,CounterFact,AlphaEdit,NAS,canonical,locality,T02,9,9,9,-0.99999999999999989,-0.99999999999999989,-0.99999999999999989
GPT-2 XL,CounterFact,AlphaEdit,Native,canonical,locality,T03,9,9,9,-0.99999999999999989,-0.99999999999999989,-0.99999999999999989
GPT-2 XL,CounterFact,AlphaEdit,SADR,canonical,locality,T04,9,9,9,-0.99999999999999989,-0.99999999999999989,-0.99999999999999989
GPT-2 XL,CounterFact,MEMIT,ENCORE,canonical,locality,T06,9,9,9,-0.99999999999999989,-0.99999999999999989,-0.99999999999999989
GPT-2 XL,CounterFact,MEMIT,NAS,canonical,locality,T07,9,9,9,-0.99999999999999989,-0.99999999999999989,-0.99999999999999989
GPT-2 XL,CounterFact,MEMIT,Native,canonical,locality,T08,9,9,9,-0.99999999999999989,-0.99999999999999989,-0.99999999999999989
GPT-2 XL,CounterFact,MEMIT,SADR,canonical,locality,T09,9,9,9,-0.99999999999999989,-0.99999999999999989,-0.99999999999999989
GPT-2 XL,zsRE,AlphaEdit,ENCORE,canonical,locality,T11,9,9,9,-0.99999999999999989,-0.99999999999999989,-0.99999999999999989
GPT-2 XL,zsRE,AlphaEdit,NAS,canonical,locality,T12,9,9,9,-0.99999999999999989,-0.99999999999999989,-0.99999999999999989
GPT-2 XL,zsRE,AlphaEdit,Native,canonical,locality,T13,9,9,9,-0.99999999999999989,-0.99999999999999989,-0.99999999999999989
GPT-2 XL,zsRE,AlphaEdit,SADR,canonical,locality,T14,9,9,9,-0.99999999999999989,-0.99999999999999989,-0.99999999999999989
GPT-2 XL,zsRE,MEMIT,ENCORE,canonical,locality,T16,9,9,9,-0.99999999999999989,-0.99999999999999989,-0.99999999999999989
GPT-2 XL,zsRE,MEMIT,NAS,canonical,locality,T17,9,9,9,-0.98333333333333317,-0.98333333333333317,-0.98333333333333317
GPT-2 XL,zsRE,MEMIT,Native,canonical,locality,T18,9,9,9,-0.99999999999999989,-0.99999999999999989,-0.99999999999999989
GPT-2 XL,zsRE,MEMIT,SADR,canonical,locality,T19,9,9,9,-0.99999999999999989,-0.99999999999999989,-0.99999999999999989
Llama,CounterFact,AlphaEdit,NAS,canonical,locality,T21,9,9,9,-0.99999999999999989,-0.99999999999999989,-0.99999999999999989
Llama,CounterFact,AlphaEdit,Native,canonical,locality,T22,9,9,9,-0.99999999999999989,-0.99999999999999989,-0.99999999999999989
Llama,CounterFact,AlphaEdit,SADR,canonical,locality,T23,9,9,9,-0.99999999999999989,-0.99999999999999989,-0.99999999999999989
Llama,CounterFact,AlphaEdit,SPHERE,canonical,locality,T24,9,9,9,-0.99999999999999989,-0.99999999999999989,-0.99999999999999989
Llama,CounterFact,MEMIT,NAS,canonical,locality,T25,9,9,9,-0.99999999999999989,-0.99999999999999989,-0.99999999999999989
Llama,CounterFact,MEMIT,Native,canonical,locality,T26,9,9,7,-0.98319208025017502,-0.98319208025017502,-0.98319208025017502
Llama,CounterFact,MEMIT,SADR,canonical,locality,T27,9,9,7,-0.98319208025017502,-0.98319208025017502,-0.98319208025017502
Llama,CounterFact,MEMIT,SPHERE,canonical,locality,T28,9,9,9,-0.99999999999999989,-0.99999999999999989,-0.99999999999999989
Llama,zsRE,AlphaEdit,NAS,canonical,locality,T30,9,9,9,-0.99999999999999989,-0.99999999999999989,-0.99999999999999989
Llama,zsRE,AlphaEdit,Native,canonical,locality,T31,9,9,9,-0.99999999999999989,-0.99999999999999989,-0.99999999999999989
Llama,zsRE,AlphaEdit,SADR,canonical,locality,T32,9,9,9,-0.99999999999999989,-0.99999999999999989,-0.99999999999999989
Llama,zsRE,AlphaEdit,SPHERE,canonical,locality,T34,9,9,9,-0.99999999999999989,-0.99999999999999989,-0.99999999999999989
Llama,zsRE,MEMIT,NAS,canonical,locality,T37,9,9,9,-0.99999999999999989,-0.99999999999999989,-0.83333333333333326
Llama,zsRE,MEMIT,Native,canonical,locality,T38,9,9,6,-0.9574271077563381,-0.9574271077563381,-0.9574271077563381
Llama,zsRE,MEMIT,SADR,canonical,locality,T39,9,9,6,-0.9574271077563381,-0.9574271077563381,-0.9574271077563381
Llama,zsRE,MEMIT,SPHERE,canonical,locality,T40,9,9,9,-0.99999999999999989,-0.99999999999999989,-0.99999999999999989
Llama,CounterFact,MEMIT,ENCORE,canonical,locality,canonical_completed_Llama_CounterFact_MEMIT_ENCORE,9,9,9,-0.99999999999999989,-0.99999999999999989,-0.98333333333333317
Llama,CounterFact,AlphaEdit,ENCORE,canonical,rewrite,ENCORE_corrected_CounterFact_AlphaEdit,9,9,9,-0.99999999999999989,-0.99999999999999989,-0.99999999999999989
Llama,zsRE,AlphaEdit,ENCORE,canonical,rewrite,ENCORE_corrected_zsRE_AlphaEdit,9,9,9,-0.99999999999999989,-0.99999999999999989,-0.99999999999999989
Llama,zsRE,MEMIT,ENCORE,canonical,rewrite,ENCORE_corrected_zsRE_MEMIT,9,9,9,-0.99999999999999989,-0.99999999999999989,-0.99999999999999989
GPT-2 XL,CounterFact,AlphaEdit,SPHERE,canonical,rewrite,SPHERE_corrected_CounterFact_AlphaEdit,9,9,9,-0.99999999999999989,-0.99999999999999989,-0.99999999999999989
GPT-2 XL,CounterFact,MEMIT,SPHERE,canonical,rewrite,SPHERE_corrected_CounterFact_MEMIT,9,9,9,-0.99999999999999989,-0.99999999999999989,-0.99999999999999989
GPT-2 XL,zsRE,AlphaEdit,SPHERE,canonical,rewrite,SPHERE_corrected_zsRE_AlphaEdit,9,9,9,-0.99999999999999989,-0.99999999999999989,-0.99999999999999989
GPT-2 XL,zsRE,MEMIT,SPHERE,canonical,rewrite,SPHERE_corrected_zsRE_MEMIT,9,9,9,-0.99999999999999989,-0.99999999999999989,-0.99999999999999989
GPT-2 XL,CounterFact,AlphaEdit,ENCORE,canonical,rewrite,T01,9,9,9,-0.99999999999999989,-0.99999999999999989,-0.99999999999999989
GPT-2 XL,CounterFact,AlphaEdit,NAS,canonical,rewrite,T02,9,9,9,-0.99999999999999989,-0.99999999999999989,-0.99999999999999989
GPT-2 XL,CounterFact,AlphaEdit,Native,canonical,rewrite,T03,9,9,9,-0.99999999999999989,-0.99999999999999989,-0.99999999999999989
GPT-2 XL,CounterFact,AlphaEdit,SADR,canonical,rewrite,T04,9,9,9,-0.99999999999999989,-0.99999999999999989,-0.99999999999999989
GPT-2 XL,CounterFact,MEMIT,ENCORE,canonical,rewrite,T06,9,9,9,-0.99999999999999989,-0.99999999999999989,-0.99999999999999989
GPT-2 XL,CounterFact,MEMIT,NAS,canonical,rewrite,T07,9,9,9,-0.99999999999999989,-0.99999999999999989,-0.99999999999999989
GPT-2 XL,CounterFact,MEMIT,Native,canonical,rewrite,T08,9,9,9,-0.99999999999999989,-0.99999999999999989,-0.99999999999999989
GPT-2 XL,CounterFact,MEMIT,SADR,canonical,rewrite,T09,9,9,9,-0.99999999999999989,-0.99999999999999989,-0.99999999999999989
GPT-2 XL,zsRE,AlphaEdit,ENCORE,canonical,rewrite,T11,9,9,9,-0.99999999999999989,-0.99999999999999989,-0.99999999999999989
GPT-2 XL,zsRE,AlphaEdit,NAS,canonical,rewrite,T12,9,9,9,-0.99999999999999989,-0.99999999999999989,-0.99999999999999989
GPT-2 XL,zsRE,AlphaEdit,Native,canonical,rewrite,T13,9,9,9,-0.99999999999999989,-0.99999999999999989,-0.99999999999999989
GPT-2 XL,zsRE,AlphaEdit,SADR,canonical,rewrite,T14,9,9,9,-0.99999999999999989,-0.99999999999999989,-0.99999999999999989
GPT-2 XL,zsRE,MEMIT,ENCORE,canonical,rewrite,T16,9,9,9,-0.99999999999999989,-0.99999999999999989,-0.99999999999999989
GPT-2 XL,zsRE,MEMIT,NAS,canonical,rewrite,T17,9,9,9,-0.98333333333333317,-0.98333333333333317,-0.98333333333333317
GPT-2 XL,zsRE,MEMIT,Native,canonical,rewrite,T18,9,9,9,-0.99999999999999989,-0.99999999999999989,-0.99999999999999989
GPT-2 XL,zsRE,MEMIT,SADR,canonical,rewrite,T19,9,9,9,-0.99999999999999989,-0.99999999999999989,-0.99999999999999989
Llama,CounterFact,AlphaEdit,NAS,canonical,rewrite,T21,9,9,9,-0.99999999999999989,-0.99999999999999989,-0.99999999999999989
Llama,CounterFact,AlphaEdit,Native,canonical,rewrite,T22,9,9,9,-0.99999999999999989,-0.99999999999999989,-0.99999999999999989
Llama,CounterFact,AlphaEdit,SADR,canonical,rewrite,T23,9,9,9,-0.99999999999999989,-0.99999999999999989,-0.99999999999999989
Llama,CounterFact,AlphaEdit,SPHERE,canonical,rewrite,T24,9,9,9,-0.99999999999999989,-0.99999999999999989,-0.99999999999999989
Llama,CounterFact,MEMIT,NAS,canonical,rewrite,T25,9,9,9,-0.99999999999999989,-0.99999999999999989,-0.99999999999999989
Llama,CounterFact,MEMIT,Native,canonical,rewrite,T26,9,9,7,-0.98319208025017502,-0.98319208025017502,-0.98319208025017502
Llama,CounterFact,MEMIT,SADR,canonical,rewrite,T27,9,9,7,-0.98319208025017502,-0.98319208025017502,-0.98319208025017502
Llama,CounterFact,MEMIT,SPHERE,canonical,rewrite,T28,9,9,9,-0.99999999999999989,-0.99999999999999989,-0.99999999999999989
Llama,zsRE,AlphaEdit,NAS,canonical,rewrite,T30,9,9,9,-0.99999999999999989,-0.99999999999999989,-0.99999999999999989
Llama,zsRE,AlphaEdit,Native,canonical,rewrite,T31,9,9,9,-0.99999999999999989,-0.99999999999999989,-0.99999999999999989
Llama,zsRE,AlphaEdit,SADR,canonical,rewrite,T32,9,9,9,-0.99999999999999989,-0.99999999999999989,-0.99999999999999989
Llama,zsRE,AlphaEdit,SPHERE,canonical,rewrite,T34,9,9,9,-0.99999999999999989,-0.99999999999999989,-0.99999999999999989
Llama,zsRE,MEMIT,NAS,canonical,rewrite,T37,9,9,9,-0.94999999999999984,-0.94999999999999984,-0.51666666666666661
Llama,zsRE,MEMIT,Native,canonical,rewrite,T38,9,9,6,-0.9574271077563381,-0.9574271077563381,-0.9574271077563381
Llama,zsRE,MEMIT,SADR,canonical,rewrite,T39,9,9,6,-0.9574271077563381,-0.9574271077563381,-0.9574271077563381
Llama,zsRE,MEMIT,SPHERE,canonical,rewrite,T40,9,9,9,-0.99999999999999989,-0.99999999999999989,-0.99999999999999989
Llama,CounterFact,MEMIT,ENCORE,canonical,rewrite,canonical_completed_Llama_CounterFact_MEMIT_ENCORE,9,9,9,-0.99999999999999989,-0.99999999999999989,-0.99999999999999989
