model,dataset,editor,method,order_id,n,regression_intercept,regression_slope,regression_r2,target_actual_spearman,target_ratio_median,actual_ratio_median,actual_lt_target_count,target_nonexpands_count,actual_nonexpands_count
GPT-2 XL,CounterFact,AlphaEdit,ENCORE,canonical,1000,0.041085178812336,0.9549748984294251,0.980074850664539,0.9904162144162144,1.1428585712981398,1.1318066790890273,947,2,5
GPT-2 XL,CounterFact,AlphaEdit,NAS,canonical,1000,0.058412730488638126,0.9405961765474071,0.9555991211964693,0.9750113399363741,1.223173633798655,1.2094225566116337,917,6,5
GPT-2 XL,CounterFact,AlphaEdit,Native,canonical,1000,0.05551316231186483,0.9440831173441365,0.9568702075912023,0.9402664842664843,1.2320355886020269,1.219735845918394,918,3,3
GPT-2 XL,CounterFact,AlphaEdit,SADR,canonical,1000,0.057144981178423586,0.9465574830458866,0.9136873850726394,0.9112984432984433,1.2432185464691226,1.2335640083722281,882,2,3
GPT-2 XL,CounterFact,AlphaEdit,SPHERE,canonical,1000,0.06576347502715402,0.9334660327850476,0.9491803841210693,0.936935892935893,1.2333687650904683,1.2162492834550265,949,3,2
GPT-2 XL,CounterFact,MEMIT,ENCORE,canonical,1000,0.7505381174984237,0.24636209561859934,0.37453826771680043,0.6136566376566376,1.1620614645595446,1.0318358506262166,994,6,21
GPT-2 XL,CounterFact,MEMIT,NAS,canonical,1000,0.6510195682341715,0.3381687478311432,0.6027566976684249,0.7661789104774472,1.146138941443607,1.0365084371166793,961,54,146
GPT-2 XL,CounterFact,MEMIT,Native,canonical,1000,0.7029462874648899,0.29218071725043154,0.5840856405861001,0.78583292983293,1.1321485475585642,1.0282820484797908,991,3,76
GPT-2 XL,CounterFact,MEMIT,SADR,canonical,1000,0.6307752163921807,0.36043169832213207,0.36802859490570417,0.5673604713604714,1.2429053546655409,1.0689783799197605,987,3,61
GPT-2 XL,CounterFact,MEMIT,SPHERE,canonical,1000,0.7175970135156136,0.27657740939597664,0.4237597606945106,0.6836308076308076,1.2314280049473418,1.0456619023547598,994,6,20
GPT-2 XL,zsRE,AlphaEdit,ENCORE,canonical,1000,0.038955863716186985,0.9566954164541677,0.9856493152384921,0.9921333321333321,1.170610751658253,1.1582584330036012,984,1,1
GPT-2 XL,zsRE,AlphaEdit,NAS,canonical,1000,0.03762592719194625,0.9578525266840004,0.9711566730289553,0.9855059055059057,1.2257269824679242,1.2128937733840564,988,0,0
GPT-2 XL,zsRE,AlphaEdit,Native,canonical,1000,0.041520254578727316,0.9549638108690118,0.9755174585134176,0.963742404633632,1.2339114037095236,1.2212666305925404,976,2,2
GPT-2 XL,zsRE,AlphaEdit,SADR,canonical,1000,0.021637879839689466,0.973706251941714,0.9426668293904102,0.9564073764073764,1.2448567393831522,1.2341638270626023,968,0,0
GPT-2 XL,zsRE,AlphaEdit,SPHERE,canonical,1000,0.04683027526839863,0.9478970454425883,0.9718400683951948,0.9600761249563533,1.2334630985515451,1.2173918922359737,990,2,3
GPT-2 XL,zsRE,MEMIT,ENCORE,canonical,1000,0.7665449689686139,0.22917833263770618,0.2788748136107504,0.530895806895807,1.2147160838363553,1.0391659041156212,1000,1,13
GPT-2 XL,zsRE,MEMIT,NAS,canonical,1000,0.5631585483665094,0.4108605969722418,0.5898880781328117,0.7575676695676695,1.1684530269089752,1.0420554858375888,997,14,122
GPT-2 XL,zsRE,MEMIT,Native,canonical,1000,0.6885264987399675,0.305838909226765,0.47494664033392375,0.7138232098232098,1.2077368709081224,1.046472055837619,993,1,52
GPT-2 XL,zsRE,MEMIT,SADR,canonical,1000,0.5819120688719004,0.3994408996136822,0.3152069429597808,0.517011128562162,1.2418966118972956,1.0717361326473434,992,2,39
GPT-2 XL,zsRE,MEMIT,SPHERE,canonical,1000,0.6932935216773585,0.29758252558800785,0.3663058030064411,0.6021413493670457,1.2409158133168912,1.05555333158983,999,3,10
Llama,CounterFact,AlphaEdit,ENCORE,canonical,1000,0.45012014797927624,0.515903386714154,0.6777528440671701,0.8052645335031994,1.2529064253868438,1.0881735291171548,987,33,37
Llama,CounterFact,AlphaEdit,NAS,canonical,1000,0.30687478064655355,0.648832091276488,0.8800830530825752,0.9401161961161961,1.1212836411082407,1.0328763833780887,1000,0,162
Llama,CounterFact,AlphaEdit,Native,canonical,1000,0.28303645792137067,0.6439374983514924,0.5509576772928292,0.7520048000048,1.2612502070849456,1.0894229368146695,1000,1,48
Llama,CounterFact,AlphaEdit,SADR,canonical,1000,0.30405650712486215,0.6292496776079317,0.3886386061599377,0.6054950814950816,1.2649925424740933,1.100380332072329,999,1,12
Llama,CounterFact,AlphaEdit,SPHERE,canonical,1000,0.25753557685182465,0.6655411297746321,0.43341220683619397,0.6897648260420041,1.2635166053267661,1.0961577565342915,999,3,6
Llama,CounterFact,MEMIT,ENCORE,canonical,1000,0.3194193826287244,0.5665719686906355,0.33375645208541993,0.5293597453597454,1.2630085310023464,1.034464841129528,1000,0,28
Llama,CounterFact,MEMIT,NAS,canonical,1000,0.17870663026177874,0.7689902370623458,0.9208527016547925,0.9503991381319882,1.0349884355896313,0.9984287891844679,940,416,526
Llama,CounterFact,MEMIT,Native,canonical,1000,0.5197392090821942,0.4732581465807599,0.7535707539108559,0.6461438359170861,1.000557945413521,0.9988349392818796,969,358,625
Llama,CounterFact,MEMIT,SADR,canonical,1000,0.5190076498417289,0.47539645382754714,0.8657025549040136,0.7143906517339694,1.000608381215645,0.998970081449706,971,327,600
Llama,CounterFact,MEMIT,SPHERE,canonical,1000,0.29828612051475695,0.6425880630257186,0.4042049799373838,0.8035508875508874,1.247072727156076,1.084344874624116,979,1,260
Llama,zsRE,AlphaEdit,ENCORE,canonical,1000,0.3111938996498552,0.6296335362043718,0.2700091166027302,0.5085492710622282,1.2593056245829588,1.1049359141833515,998,5,4
Llama,zsRE,AlphaEdit,NAS,canonical,1000,0.3177231457806401,0.6384258139693777,0.821289860028925,0.893827217827218,1.1429791869797814,1.0478839516327823,1000,0,71
Llama,zsRE,AlphaEdit,Native,canonical,1000,0.2993007588012589,0.6369246217548225,0.3194644941130381,0.568415535909354,1.261518363001132,1.10259875483445,997,7,7
Llama,zsRE,AlphaEdit,SADR,canonical,1000,0.3499559740412887,0.5982920407188946,0.33312787454303805,0.5056524007459057,1.2647436141345674,1.1071083816296043,998,6,10
Llama,zsRE,AlphaEdit,SPHERE,canonical,1000,0.3371174811401338,0.6066649822605175,0.32140277305365506,0.5767514540928388,1.2624778694247696,1.1036839609240716,998,8,6
Llama,zsRE,MEMIT,ENCORE,canonical,1000,0.4690086197114269,0.46753558519731947,0.26911625993940036,0.529295733053478,1.2581215018936163,1.0570172444871568,997,5,8
Llama,zsRE,MEMIT,NAS,canonical,1000,0.08329769220964789,0.8480835368845941,0.9625446297458412,0.985516298995516,1.0498624095885072,0.981104913198831,996,347,577
Llama,zsRE,MEMIT,Native,canonical,1000,0.5759298698701222,0.4169929329496501,0.6861509269306527,0.4326475324131122,1.0001406113858353,0.9981508143192779,982,378,720
Llama,zsRE,MEMIT,SADR,canonical,1000,0.5551408218651039,0.4368962390684252,0.7829349274023614,0.5171192148623254,1.0001891999166375,0.9982505045308303,970,364,671
Llama,zsRE,MEMIT,SPHERE,canonical,1000,0.42702578056890367,0.5282785209601756,0.395341446174586,0.7754623394623396,1.2428766382393728,1.0639107172929443,988,1,365
