dataset,geometry_context,metric,n,n_trajectories,spearman,pearson,partial_spearman_given_D
CounterFact,locality,mean_q,151,18,-0.9037786044523578,-0.79421567850089,-0.7896509979294574
CounterFact,rewrite,mean_q,151,18,-0.9512710516884545,-0.8543256651775767,-0.8303940969096602
CounterFact,locality,mean_kappa,151,18,-0.6185032498570524,-0.4879326394495138,
CounterFact,rewrite,mean_kappa,151,18,-0.8917220652435466,-0.6971323970677843,
CounterFact,locality,mean_abs_norm_deviation,151,18,-0.761451141664559,-0.4960975884297255,
CounterFact,rewrite,mean_abs_norm_deviation,151,18,-0.8914711051906312,-0.691190147286908,
zsRE,locality,mean_q,186,22,-0.9291357598757979,-0.8940412096861059,-0.7379519613703286
zsRE,rewrite,mean_q,186,22,-0.9167528404720054,-0.8800306277296822,-0.739598359354748
zsRE,locality,mean_kappa,186,22,-0.7178503326510915,-0.7013798514988137,
zsRE,rewrite,mean_kappa,186,22,-0.8517425136020961,-0.7705609843116769,
zsRE,locality,mean_abs_norm_deviation,186,22,-0.8570276331187145,-0.6920888085095445,
zsRE,rewrite,mean_abs_norm_deviation,186,22,-0.8537454135177095,-0.764040174403708,
