model,dataset,editor,method,order_id,edit_count,dose_fraction,n_cases,difference_LOC_pp,difference_EFF_TF_pp,difference_GEN_TF_pp
GPT-2 XL,CounterFact,AlphaEdit,ENCORE,canonical,1000,0.25,100,-1.0,0.5,0.5
GPT-2 XL,CounterFact,AlphaEdit,ENCORE,canonical,1000,0.5,100,-1.0,1.0,1.0
GPT-2 XL,CounterFact,AlphaEdit,NAS,canonical,1000,0.25,100,-2.0,-0.5,-0.5
GPT-2 XL,CounterFact,AlphaEdit,NAS,canonical,1000,0.5,100,-3.0,-1.0,1.0
GPT-2 XL,CounterFact,AlphaEdit,Native,canonical,1000,0.25,100,0.0,-0.5,-3.0
GPT-2 XL,CounterFact,AlphaEdit,Native,canonical,1000,0.5,100,-4.0,-2.5,-3.0
GPT-2 XL,CounterFact,AlphaEdit,SADR,canonical,1000,0.25,100,-1.0,-0.5,-0.5
GPT-2 XL,CounterFact,AlphaEdit,SADR,canonical,1000,0.5,100,-2.0,-0.5,-2.0
GPT-2 XL,CounterFact,AlphaEdit,SPHERE,canonical,1000,0.25,100,-2.0,-1.0,-1.5
GPT-2 XL,CounterFact,AlphaEdit,SPHERE,canonical,1000,0.5,100,-4.0,-1.5,-2.5
GPT-2 XL,CounterFact,MEMIT,ENCORE,canonical,1000,0.25,100,1.0,0.5,-0.5
GPT-2 XL,CounterFact,MEMIT,ENCORE,canonical,1000,0.5,100,1.0,0.0,-0.5
GPT-2 XL,CounterFact,MEMIT,NAS,canonical,1000,0.25,100,2.0,-0.5,0.5
GPT-2 XL,CounterFact,MEMIT,NAS,canonical,1000,0.5,100,-1.0,-0.5,1.0
GPT-2 XL,CounterFact,MEMIT,Native,canonical,1000,0.25,100,0.0,-0.5,0.0
GPT-2 XL,CounterFact,MEMIT,Native,canonical,1000,0.5,100,1.0,0.0,0.0
GPT-2 XL,CounterFact,MEMIT,SADR,canonical,1000,0.25,100,0.0,-0.5,-0.5
GPT-2 XL,CounterFact,MEMIT,SADR,canonical,1000,0.5,100,-1.0,-0.5,-1.0
GPT-2 XL,CounterFact,MEMIT,SPHERE,canonical,1000,0.25,100,-1.0,0.0,0.0
GPT-2 XL,CounterFact,MEMIT,SPHERE,canonical,1000,0.5,100,-1.0,0.0,0.5
GPT-2 XL,zsRE,AlphaEdit,ENCORE,canonical,1000,0.25,100,0.34242424242424224,-2.192857142857143,0.6238095238095238
GPT-2 XL,zsRE,AlphaEdit,ENCORE,canonical,1000,0.5,100,-1.5216630591630593,-3.276190476190476,3.521428571428572
GPT-2 XL,zsRE,AlphaEdit,NAS,canonical,1000,0.25,100,-1.1885281385281388,-5.416666666666667,-2.3690476190476186
GPT-2 XL,zsRE,AlphaEdit,NAS,canonical,1000,0.5,100,-1.3829725829725827,-4.676190476190477,-0.4904761904761905
GPT-2 XL,zsRE,AlphaEdit,Native,canonical,1000,0.25,100,-1.4371794871794874,-4.442857142857143,-1.516666666666667
GPT-2 XL,zsRE,AlphaEdit,Native,canonical,1000,0.5,100,-2.298489010989011,-5.885714285714286,1.3404761904761902
GPT-2 XL,zsRE,AlphaEdit,SADR,canonical,1000,0.25,100,-1.840934065934066,-2.5095238095238095,-4.123809523809523
GPT-2 XL,zsRE,AlphaEdit,SADR,canonical,1000,0.5,100,-1.903434065934066,-2.123809523809524,-1.9166666666666665
GPT-2 XL,zsRE,AlphaEdit,SPHERE,canonical,1000,0.25,100,-2.057142857142857,-1.5095238095238095,-1.6595238095238094
GPT-2 XL,zsRE,AlphaEdit,SPHERE,canonical,1000,0.5,100,-4.955952380952381,-1.4595238095238094,-1.4261904761904762
GPT-2 XL,zsRE,MEMIT,ENCORE,canonical,1000,0.25,100,0.9442460317460315,0.32380952380952394,-1.3877787807814457e-16
GPT-2 XL,zsRE,MEMIT,ENCORE,canonical,1000,0.5,100,0.8555555555555555,-1.2928571428571427,-0.8833333333333337
GPT-2 XL,zsRE,MEMIT,NAS,canonical,1000,0.25,100,-2.553571428571429,-1.673809523809524,-1.1238095238095238
GPT-2 XL,zsRE,MEMIT,NAS,canonical,1000,0.5,100,-1.8869047619047619,-2.2904761904761903,0.2595238095238094
GPT-2 XL,zsRE,MEMIT,Native,canonical,1000,0.25,100,-2.5357142857142856,-1.8595238095238096,-4.754761904761905
GPT-2 XL,zsRE,MEMIT,Native,canonical,1000,0.5,93,-4.05640506446958,-0.8090117767537124,-3.5791090629800304
GPT-2 XL,zsRE,MEMIT,SADR,canonical,1000,0.25,96,-3.5767762330262336,-3.3779761904761907,-2.2420634920634916
GPT-2 XL,zsRE,MEMIT,SADR,canonical,1000,0.5,83,-6.950716619391319,-3.5341365461847394,-3.57429718875502
GPT-2 XL,zsRE,MEMIT,SPHERE,canonical,1000,0.25,100,0.126388888888889,0.4738095238095236,0.3333333333333334
GPT-2 XL,zsRE,MEMIT,SPHERE,canonical,1000,0.5,100,-1.8170634920634923,1.1404761904761906,-0.19999999999999984
Llama,CounterFact,AlphaEdit,ENCORE,canonical,1000,0.25,100,0.0,0.0,-1.0
Llama,CounterFact,AlphaEdit,ENCORE,canonical,1000,0.5,100,-1.0,-0.5,-1.5
Llama,CounterFact,AlphaEdit,NAS,canonical,1000,0.25,100,0.0,-1.0,-1.0
Llama,CounterFact,AlphaEdit,NAS,canonical,1000,0.5,100,1.0,-0.5,-1.0
Llama,CounterFact,AlphaEdit,Native,canonical,1000,0.25,100,1.0,-4.0,0.0
Llama,CounterFact,AlphaEdit,Native,canonical,1000,0.5,87,1.1494252873563218,-6.321839080459769,-0.5747126436781609
Llama,CounterFact,AlphaEdit,SADR,canonical,1000,0.25,97,-4.123711340206185,-5.670103092783505,-1.0309278350515463
Llama,CounterFact,AlphaEdit,SADR,canonical,1000,0.5,82,-4.878048780487805,-8.536585365853659,-4.878048780487805
Llama,CounterFact,AlphaEdit,SPHERE,canonical,1000,0.25,100,2.0,-0.5,0.0
Llama,CounterFact,AlphaEdit,SPHERE,canonical,1000,0.5,100,2.0,-0.5,-2.0
Llama,CounterFact,MEMIT,ENCORE,canonical,1000,0.25,100,0.0,0.0,0.0
Llama,CounterFact,MEMIT,ENCORE,canonical,1000,0.5,100,0.0,0.5,0.0
Llama,CounterFact,MEMIT,NAS,canonical,1000,0.25,99,1.0101010101010102,-0.5050505050505051,0.5050505050505051
Llama,CounterFact,MEMIT,NAS,canonical,1000,0.5,99,0.0,0.0,0.5050505050505051
Llama,zsRE,AlphaEdit,ENCORE,canonical,1000,0.25,100,-2.316666666666667,-0.47619047619047605,-0.27380952380952395
Llama,zsRE,AlphaEdit,ENCORE,canonical,1000,0.5,91,-0.7045025368006734,-0.7875457875457876,-0.5494505494505499
Llama,zsRE,AlphaEdit,NAS,canonical,1000,0.25,100,0.19358974358974357,0.0,0.050000000000000044
Llama,zsRE,AlphaEdit,NAS,canonical,1000,0.5,100,-1.3206349206349204,-0.050000000000000044,0.6071428571428572
Llama,zsRE,AlphaEdit,Native,canonical,1000,0.25,99,-3.3848666095042903,-0.5387205387205388,-1.1014911014911017
Llama,zsRE,AlphaEdit,Native,canonical,1000,0.5,89,-4.010932345079878,-1.9743178170144464,-2.284644194756554
Llama,zsRE,AlphaEdit,SADR,canonical,1000,0.25,100,-3.344444444444444,-0.3761904761904761,-3.095238095238096
Llama,zsRE,AlphaEdit,SADR,canonical,1000,0.5,88,-5.928481240981242,-1.7424242424242424,-3.487554112554113
Llama,zsRE,AlphaEdit,SPHERE,canonical,1000,0.25,100,-1.8896825396825399,-0.25,-0.6666666666666669
Llama,zsRE,AlphaEdit,SPHERE,canonical,1000,0.5,96,-5.136588451805842,-0.08680555555555536,-1.5972222222222223
Llama,zsRE,MEMIT,ENCORE,canonical,1000,0.25,100,-0.4428571428571427,0.5428571428571429,-0.2999999999999998
Llama,zsRE,MEMIT,ENCORE,canonical,1000,0.5,100,-2.7976190476190474,-0.03095238095238073,-0.24999999999999978
Llama,zsRE,MEMIT,NAS,canonical,1000,0.25,100,-2.433954451345756,5.0166666666666675,2.9857142857142858
Llama,zsRE,MEMIT,NAS,canonical,1000,0.5,96,-2.235270013802622,6.537698412698414,5.158730158730158
