model,dataset,editor,method,order_id,edit_count,trajectory_id,source_group,n_geometry_cases,token_position,mean_p,mean_q,mean_kappa,mean_p_squared,mean_q_squared,mean_kappa_squared,mean_parallel_squared_norm_term,mean_orthogonal_squared_norm_term,mean_squared_norm_increase,orthogonal_displacement_energy_fraction,raw_rewrite_sha256,raw_base_sha256
Llama,zsRE,AlphaEdit,Native,canonical,1000,T31,matched_retained,1000,subject_last,0.0916417656446592,1.7568428444833388,2.0739404982369214,0.017718457611122364,3.218187571281653,4.419189560182094,0.20100198890044077,3.218187571281653,3.419189560182094,0.9945244214594251,8f2ff2457d516f60f7e87e1584e128ac5494c30f1327692a9da7768864b33a65,967093dd9010596a17cd564760337d796d179f743ce76e9bd94b9b1cd58b6818
Llama,zsRE,AlphaEdit,NAS,canonical,1000,T30,matched_retained,1000,subject_last,-0.15788934186912343,0.942914829821631,1.2671622923629215,0.027099484963973366,0.8992357214747435,1.6105565227004701,-0.2886791987742735,0.8992357214747435,0.6105565227004701,0.9707454874049783,5fe384d968516c0fd15fc2a62195df04f359b2f082040265d35de4948a8977fd,967093dd9010596a17cd564760337d796d179f743ce76e9bd94b9b1cd58b6818
Llama,zsRE,AlphaEdit,ENCORE,canonical,1000,T29,matched_retained,1000,subject_last,0.04154488514249678,1.5156330705209653,1.843977476358551,0.008204463180538192,2.3820266598517676,3.4733208933172994,0.09129423346553175,2.3820266598517676,2.4733208933172994,0.9965675021542981,4ea0aa9fae71a85363677bb4e7f5707cdf9c371d1dfd32946c7b27597da293e1,967093dd9010596a17cd564760337d796d179f743ce76e9bd94b9b1cd58b6818
Llama,zsRE,AlphaEdit,SPHERE,canonical,1000,T34,matched_retained,1000,subject_last,0.002022325605223718,1.4482483452620303,1.7658477397170382,0.004260053282953706,2.160353074436646,3.168657778930047,0.008304704493401142,2.160353074436646,2.168657778930047,0.9980319562750497,0c7e66b4d98f4d9e999b57f5db9d4d9ba791bd45af1b6eb51836b0bd280d24af,b5347d49edb7c52c7fe2a97c04622cf75f1571ddec4c73e228323d2e81bbc631
Llama,zsRE,AlphaEdit,SADR,canonical,1000,T32,matched_retained,1000,subject_last,0.1638642196794787,2.024120199187192,2.3421779562579905,0.03927834716083327,4.327673766075735,5.694680552595527,0.3670067865197907,4.327673766075735,4.694680552595527,0.9910055466278695,bb7e7b5f5ceb2f9722c4054972c679dc208e33000ffdfae4a9b500a12936a767,967093dd9010596a17cd564760337d796d179f743ce76e9bd94b9b1cd58b6818
Llama,zsRE,MEMIT,NAS,canonical,1000,T37,matched_retained,1000,subject_last,-0.4622890189542668,0.8654527110947473,1.0288780342005133,0.23518362057179165,0.7601224497562046,1.0707280324194626,-0.689394417336742,0.7601224497562046,0.07072803241946257,0.7637072378205344,7990b841feafcdf5c50485abda9e2d2211e455fbfd636da0d9dcc40e61b5fb4a,967093dd9010596a17cd564760337d796d179f743ce76e9bd94b9b1cd58b6818
Llama,zsRE,MEMIT,ENCORE,canonical,1000,T36,matched_retained,1000,subject_last,-0.0842352911606049,0.8552651723042503,1.2570800101922635,0.008488035966383315,0.7484019217352099,1.5884193753803837,-0.15998254635482648,0.7484019217352099,0.5884193753803837,0.9887856406601582,731bc36ff80977f465132c251dc7a63ce2584a19e7ddbbb4b7fd932b30991476,967093dd9010596a17cd564760337d796d179f743ce76e9bd94b9b1cd58b6818
Llama,CounterFact,AlphaEdit,Native,canonical,1000,T22,matched_retained,1000,subject_last,0.22007901889226264,2.406031746771498,2.703884316051017,0.0683512128133321,6.087013959871087,7.595523210468944,0.5085092505978575,6.087013959871087,6.595523210468944,0.98889566891715,127f822523a5c70dfac027dc02f14a19b9c085c582ad7e273511b0e8331d50e3,9e827afdaf2ed34d02f8dd55d950d1ebf381a268b93ad2b0d3a3d51e9adda06d
Llama,CounterFact,AlphaEdit,NAS,canonical,1000,T21,matched_retained,1000,subject_last,-0.14268155280375522,0.9636615207804493,1.2922897828178812,0.022370615240640362,0.937138356132533,1.6741458657656632,-0.26299249036687,0.937138356132533,0.6741458657656632,0.9766853506240538,c2cc7584986646ec028ae561b73910a41224171b5c54a1a6f088431a5e233713,9e827afdaf2ed34d02f8dd55d950d1ebf381a268b93ad2b0d3a3d51e9adda06d
Llama,CounterFact,AlphaEdit,ENCORE,canonical,1000,T41,additional_ENCORE,1000,subject_last,0.15613471664336856,2.080864810938822,2.3878725778962417,0.03845230998063535,4.578382268527683,5.929104011795056,0.3507217432673724,4.578382268527683,4.929104011795056,0.9916712827096658,fcd2f67a05d6e33f00cba13a9d96e03dbf546bdb2dfc4292aa23ed9195e3d872,9e827afdaf2ed34d02f8dd55d950d1ebf381a268b93ad2b0d3a3d51e9adda06d
Llama,CounterFact,AlphaEdit,SPHERE,canonical,1000,T24,matched_retained,1000,subject_last,0.02703471235653744,1.6329309927925966,1.934387283504826,0.00574597010769213,2.756529515934617,3.8163449107553844,0.05981539482076701,2.756529515934617,2.8163449107553844,0.9979198417620812,193865d4a3f434bab49ebf50652187346123bf27a6a8a8d488e05a3abe53ddc3,9e827afdaf2ed34d02f8dd55d950d1ebf381a268b93ad2b0d3a3d51e9adda06d
Llama,CounterFact,AlphaEdit,SADR,canonical,1000,T23,matched_retained,1000,subject_last,0.18836370322888932,2.47031083661678,2.7488266609834544,0.0517919469915897,6.467592072288045,7.896111425737414,0.42851935344936826,6.467592072288045,6.896111425737414,0.9920556993055745,3dbbac943592cd5d57339348e5ff4f39be815672b6b20513b50b191d0905bd41,9e827afdaf2ed34d02f8dd55d950d1ebf381a268b93ad2b0d3a3d51e9adda06d
Llama,CounterFact,MEMIT,NAS,canonical,1000,T25,matched_retained,1000,subject_last,-0.18714242619714466,1.2393370199861662,1.4930506557442045,0.04113683747258115,1.6529272411717975,2.3197792262500894,-0.3331480149217082,1.6529272411717975,1.3197792262500894,0.9757170711597287,c6ddb779f4be791c6e68eda44309d27e3f8bd5fd89d24721b4211032357fe11b,9e827afdaf2ed34d02f8dd55d950d1ebf381a268b93ad2b0d3a3d51e9adda06d
Llama,CounterFact,MEMIT,ENCORE,canonical,1000,T42,additional_ENCORE,1000,subject_last,-0.08453917155003027,0.959277913357075,1.3325677570610424,0.008683590399957645,0.9517047861864831,1.7913100334863803,-0.16039475270010287,0.9517047861864831,0.7913100334863803,0.990958251253704,e36c7244c2a8d4434aea7a62fc5a813d059e523978cc2a217a449e48c79a8e07,9e827afdaf2ed34d02f8dd55d950d1ebf381a268b93ad2b0d3a3d51e9adda06d
GPT-2 XL,zsRE,AlphaEdit,Native,canonical,1000,T13,matched_retained,1000,subject_last,-0.08510320998820484,0.8631130716715395,1.261944770397498,0.008488280794466209,0.7611932020067914,1.5994750628248484,-0.16171813918194353,0.7611932020067914,0.5994750628248484,0.9889716967549056,8e65ab3007af185b0b243938f7e1d7c386a8ff90161356c08c2bcb7ea79574ea,81f7105eaa0a3473ebe7a8131c236927b7da514b2728d79979458efd85b5dcaf
GPT-2 XL,zsRE,AlphaEdit,NAS,canonical,1000,T12,matched_retained,1000,subject_last,-0.07990395547004851,0.8848815715380465,1.2805505593229562,0.007768553442075694,0.801125752097794,1.6490863945997734,-0.15203935749802136,0.801125752097794,0.6490863945997734,0.9903960834080902,837700568eb88ae15dc8eedcf3cb05e99888ac454c302ae80de23d1b5ddec1f3,81f7105eaa0a3473ebe7a8131c236927b7da514b2728d79979458efd85b5dcaf
GPT-2 XL,zsRE,AlphaEdit,ENCORE,canonical,1000,T11,matched_retained,1000,subject_last,-0.07442564900580666,0.7423994928869185,1.1914656381406494,0.0065874583974279595,0.5674069108158286,1.4251430712016435,-0.14226383961418537,0.5674069108158286,0.4251430712016435,0.9885234790605054,fb6b609e951033acb8165d38db6a8d89a8a4b3aef4966ae69241ae012997cbcf,81f7105eaa0a3473ebe7a8131c236927b7da514b2728d79979458efd85b5dcaf
GPT-2 XL,zsRE,AlphaEdit,SPHERE,canonical,1000,T15,matched_retained,1000,subject_last,-0.08002936711840974,0.7648965492161988,1.199803896768724,0.007403881927801668,0.5962478338888205,1.4435929815798032,-0.15265485230901782,0.5962478338888205,0.4435929815798032,0.9877348448885205,1693031c76326d3a3ae97d8a63caf9ec9076efa73a2d4564304ae6e8319a40fc,81f7105eaa0a3473ebe7a8131c236927b7da514b2728d79979458efd85b5dcaf
GPT-2 XL,zsRE,AlphaEdit,SADR,canonical,1000,T14,matched_retained,1000,subject_last,-0.06930047590074094,0.8954348454547364,1.2955644602812042,0.006055422234695302,0.8202556541634355,1.6877101245966493,-0.13254552956678656,0.8202556541634355,0.6877101245966493,0.9926717402106108,5a53b4b6c432aba47bd478b516d1d14597bfa1b24c014ecc0db4d921550d3259,81f7105eaa0a3473ebe7a8131c236927b7da514b2728d79979458efd85b5dcaf
GPT-2 XL,zsRE,MEMIT,Native,canonical,1000,T18,matched_retained,1000,subject_last,-0.15987294758918033,1.1718240070335715,1.4537059885052763,0.02778679631168709,1.4477027915113398,2.1557436926446667,-0.29195909886667365,1.4477027915113398,1.1557436926446667,0.9811677449024331,cacdf84be8fcc49f7cf8d8294f2645f8c9a921ba2bf26cf9c5f0bca2364feb93,81f7105eaa0a3473ebe7a8131c236927b7da514b2728d79979458efd85b5dcaf
GPT-2 XL,zsRE,MEMIT,NAS,canonical,1000,T17,matched_retained,1000,subject_last,-0.13015170635733314,0.9112686405188026,1.2691024457749314,0.01837054109052371,0.8709595838228679,1.6290267121987259,-0.2419328716241426,0.8709595838228679,0.6290267121987259,0.9793433950162065,dd1b96bfc870e8bc42c48da6d9e14c062b1da8a6c2448b433b4fd6a2be7bd864,81f7105eaa0a3473ebe7a8131c236927b7da514b2728d79979458efd85b5dcaf
GPT-2 XL,zsRE,MEMIT,ENCORE,canonical,1000,T16,matched_retained,1000,subject_last,-0.0980860160982322,0.6155557382733527,1.0952186943464512,0.010455838911479443,0.3871137211413004,1.2013975278563163,-0.18571619328498495,0.3871137211413004,0.20139752785631626,0.9737006049706337,97f72cd5c58bddce600004ec9abacd9f0ec86a28d7da0cd93eeddf6b7b6174b3,81f7105eaa0a3473ebe7a8131c236927b7da514b2728d79979458efd85b5dcaf
GPT-2 XL,zsRE,MEMIT,SPHERE,canonical,1000,T20,matched_retained,1000,subject_last,-0.09000117283258413,0.5361663004958717,1.0605518561384144,0.009081373415900531,0.2973762033738511,1.126455231124584,-0.17092097224926775,0.2973762033738511,0.1264552311245839,0.9703666213410971,28eaf160f1add3c66f33feaf958ff9be1245d80b6962038fa221a0c3440040c8,81f7105eaa0a3473ebe7a8131c236927b7da514b2728d79979458efd85b5dcaf
GPT-2 XL,zsRE,MEMIT,SADR,canonical,1000,T19,matched_retained,1000,subject_last,-0.16986992744105225,1.7013578928847302,1.914494060068215,0.034108511239445034,3.170628097089608,3.864996753446949,-0.3056313436426595,3.170628097089608,2.864996753446949,0.9893568441316526,31760c470b558d8a418d61f55cd6209df6e0f6fac287f8420e54fb088f32f31d,81f7105eaa0a3473ebe7a8131c236927b7da514b2728d79979458efd85b5dcaf
GPT-2 XL,CounterFact,AlphaEdit,Native,canonical,1000,T03,matched_retained,1000,subject_last,-0.07809444726753101,0.8526534247413078,1.2614724911238788,0.007718718284772315,0.7464115629524722,1.5979413867021826,-0.1484701762502897,0.7464115629524722,0.5979413867021826,0.9897647416145274,3a81b716513a5f45f73a289e2a2c5a5cf9a3fbb2e6aa8614bff08a914de6ba62,a74e7b9781e564e06411a63f4ec1c3297ef4baec62e2029fbe6c49ad0e962d26
GPT-2 XL,CounterFact,AlphaEdit,NAS,canonical,1000,T02,matched_retained,1000,subject_last,-0.07216146822454579,0.849399149676966,1.264022145741651,0.006673476298723732,0.7427141023365262,1.6050646421861587,-0.1376494601503678,0.7427141023365262,0.6050646421861587,0.9910947599226596,f5a2830fb390845d302f9ee73b352af4a6f68dfd56064c0c3f763803e323d217,a74e7b9781e564e06411a63f4ec1c3297ef4baec62e2029fbe6c49ad0e962d26
GPT-2 XL,CounterFact,AlphaEdit,ENCORE,canonical,1000,T01,matched_retained,1000,subject_last,-0.06064891998806628,0.6779922717674658,1.1647386435898162,0.004762009368413622,0.4779316224491109,1.3613957918413926,-0.11653583060771894,0.4779316224491109,0.3613957918413926,0.9901345096464544,c432a120202919718d9482787a17a5255dd2d6a12797959372d3be9777af65c1,a74e7b9781e564e06411a63f4ec1c3297ef4baec62e2029fbe6c49ad0e962d26
GPT-2 XL,CounterFact,AlphaEdit,SPHERE,canonical,1000,T05,matched_retained,1000,subject_last,-0.06796952068243707,0.7562130153993192,1.2046284130727085,0.005605481056562597,0.5851753680150293,1.4548418077067182,-0.13033356030831153,0.5851753680150293,0.4548418077067182,0.9905117421030633,09018c160a730f6db472ac14511201f99fb67150ece8a2fbb117c4f86eae0aca,a74e7b9781e564e06411a63f4ec1c3297ef4baec62e2029fbe6c49ad0e962d26
GPT-2 XL,CounterFact,AlphaEdit,SADR,canonical,1000,T04,matched_retained,1000,subject_last,-0.0561606297821245,0.8760114111615501,1.2927847115570998,0.0043212035430912924,0.7872633069478346,1.6792632509266772,-0.10800005602115771,0.7872633069478346,0.6792632509266772,0.9945410711227645,2d788b70f6df899af0d04745ab1797f4fa74df1ad46c2133c5c0c1409aae0983,a74e7b9781e564e06411a63f4ec1c3297ef4baec62e2029fbe6c49ad0e962d26
GPT-2 XL,CounterFact,MEMIT,Native,canonical,1000,T08,matched_retained,1000,subject_last,-0.12292590582740667,0.9193747209843871,1.2822235474544128,0.016423160196706903,0.893871848060748,1.664443196602642,-0.22942865145810643,0.893871848060748,0.6644431966026421,0.981958420020181,f2b0f19961f85434a3e8b5de04c0b104038e11931eecae783a0797243882a554,a74e7b9781e564e06411a63f4ec1c3297ef4baec62e2029fbe6c49ad0e962d26
GPT-2 XL,CounterFact,MEMIT,NAS,canonical,1000,T07,matched_retained,1000,subject_last,-0.10803896221285879,1.063446612161898,1.4019756316452028,0.013011689867551229,1.2061990060023693,2.0031327714442035,-0.20306623455816633,1.2061990060023693,1.0031327714442035,0.9893277758211699,d1e8d7b57630caca4b4c091b8c1e0b07a23dc85611bad49ad6b2dd6a1c465d35,a74e7b9781e564e06411a63f4ec1c3297ef4baec62e2029fbe6c49ad0e962d26
GPT-2 XL,CounterFact,MEMIT,ENCORE,canonical,1000,T06,matched_retained,1000,subject_last,-0.08554143890186287,0.5902549119055311,1.0931865783607475,0.008043001439419797,0.36025128828153574,1.1972114119172301,-0.16303987636430595,0.36025128828153574,0.19721141191723013,0.9781614820976081,8647c453b0d4c6bc10dbdb5d10cb477f503d9ab0a59f96463f3ba64493abeb8f,a74e7b9781e564e06411a63f4ec1c3297ef4baec62e2029fbe6c49ad0e962d26
GPT-2 XL,CounterFact,MEMIT,SPHERE,canonical,1000,T10,matched_retained,1000,subject_last,-0.0758989231968672,0.5161737875872322,1.0641819993197714,0.00657765199546942,0.27952905849678994,1.1343088640985257,-0.145220194398265,0.27952905849678994,0.13430886409852572,0.9770097947575144,e9c021b3c8c57dc182de70a3242883beb29eaf1caf511142143dd94dac0efd71,a74e7b9781e564e06411a63f4ec1c3297ef4baec62e2029fbe6c49ad0e962d26
GPT-2 XL,CounterFact,MEMIT,SADR,canonical,1000,T09,matched_retained,1000,subject_last,-0.10998726654816872,1.1397855834833,1.473218786231651,0.014303891455879788,1.4844844623571285,2.278813820716671,-0.20567064164045762,1.4844844623571285,1.278813820716671,0.9904563633554466,bb912e15cad341a762129668450854f7fa21c89ec828bea56ec752828150306f,a74e7b9781e564e06411a63f4ec1c3297ef4baec62e2029fbe6c49ad0e962d26
