model,dataset,editor,method,order_id,edit_count,mean_p,mean_q,mean_kappa,mean_p_squared,mean_q_squared,mean_kappa_squared
GPT-2 XL,CounterFact,AlphaEdit,ENCORE,canonical,1000,-0.0031812047527900182,0.2218735956912278,1.0230998166485654,0.00045435748186805627,0.05331010065584534,1.0474020486321334
GPT-2 XL,CounterFact,AlphaEdit,NAS,canonical,1000,-0.003219316540061352,0.269744416934448,1.0351833335789855,0.0005078089953091216,0.07854119378703607,1.0726103697022225
GPT-2 XL,CounterFact,AlphaEdit,Native,canonical,1000,-0.003098528663262331,0.2952083292988204,1.0436988244810363,0.0006303608315368179,0.09636633765544995,1.0907996411604621
GPT-2 XL,CounterFact,AlphaEdit,SADR,canonical,1000,-3.147494159815517e-05,0.2184527994145153,1.0250469755811364,0.00033481223853332865,0.05100504713419273,1.0512769094895298
GPT-2 XL,CounterFact,AlphaEdit,SPHERE,canonical,1000,-0.0015321821350615967,0.2850082216797173,1.0416193004364835,0.0005740675702021943,0.08875729471584683,1.0862669980159259
GPT-2 XL,CounterFact,MEMIT,ENCORE,canonical,1000,-0.004857118661171331,0.179727470086691,1.012428866640192,0.0001453702908849833,0.03475940343855813,1.0251905364071003
GPT-2 XL,CounterFact,MEMIT,NAS,canonical,1000,-0.011261474846332433,0.3218096556492358,1.0452952593538516,0.00045555655574140377,0.11619860292331369,1.0941312097863902
GPT-2 XL,CounterFact,MEMIT,Native,canonical,1000,-0.0135650519419947,0.2856526914038595,1.0315754183400232,0.0005289346102313229,0.09163583018720485,1.0650346609134467
GPT-2 XL,CounterFact,MEMIT,SADR,canonical,1000,-0.010700138895283788,0.2076183990603926,1.0161027243140273,0.000254159192207827,0.05436758475819276,1.0332214661598331
GPT-2 XL,CounterFact,MEMIT,SPHERE,canonical,1000,-0.0005154203758629959,0.19647332393290567,1.0202110652438483,0.00017391700311107379,0.04199576820046198,1.041138844451847
GPT-2 XL,zsRE,AlphaEdit,ENCORE,canonical,1000,-0.03409098961986564,0.2669203255666912,1.004641809107084,0.0017724820549866011,0.0762083061932483,1.0097988090085037
GPT-2 XL,zsRE,AlphaEdit,NAS,canonical,1000,-0.03505490935381817,0.3005371765491915,1.013658023569858,0.001940690371937925,0.09632455691853162,1.0281554285828334
GPT-2 XL,zsRE,AlphaEdit,Native,canonical,1000,-0.03618585884264134,0.3086853508081536,1.0152473439607084,0.0019975097687635916,0.10179271413221096,1.031418506215692
GPT-2 XL,zsRE,AlphaEdit,SADR,canonical,1000,-0.028896842118668466,0.2883272476875633,1.0156402100341757,0.0012409270691333854,0.08864197111031039,1.0320892139421067
GPT-2 XL,zsRE,AlphaEdit,SPHERE,canonical,1000,-0.03565155189355222,0.3050894324131395,1.014588573523309,0.0019754724391647122,0.09940945470202868,1.030081823354089
GPT-2 XL,zsRE,MEMIT,ENCORE,canonical,1000,-0.03790931396578822,0.2427686185931271,0.9962618403125012,0.0017890133981386409,0.06686415689418262,0.9928345423607448
GPT-2 XL,zsRE,MEMIT,NAS,canonical,1000,-0.05678246581440345,0.3640348508136367,1.021576623197748,0.0039613108043415534,0.15522553237317338,1.045621911548708
GPT-2 XL,zsRE,MEMIT,Native,canonical,1000,-0.07624361146709012,0.518054489471453,1.076888977819978,0.006933207456134545,0.31331082886833345,1.1677568133902878
GPT-2 XL,zsRE,MEMIT,SADR,canonical,1000,-0.07191946062469047,0.6703764685679379,1.1741347110420484,0.006491022619817514,0.546439211903898,1.4090913132743346
GPT-2 XL,zsRE,MEMIT,SPHERE,canonical,1000,-0.03671183385355937,0.2515430544553109,1.0003674914891416,0.0018000926451576073,0.07276113022706178,1.0011375551651007
Llama,CounterFact,AlphaEdit,ENCORE,canonical,1000,-0.008692037229323681,0.5805128838972295,1.1552499792898308,0.0009662018166858144,0.3591672525094487,1.342749379867487
Llama,CounterFact,AlphaEdit,NAS,canonical,1000,-0.04398127731987328,0.3559768156703405,1.0227099436402631,0.0023157260957383866,0.13210156394088216,1.0464547353968743
Llama,CounterFact,AlphaEdit,Native,canonical,1000,-0.007914828219172582,0.7836642094708312,1.2750656115204284,0.0017631391812838672,0.6672266425280519,1.6531601252709907
Llama,CounterFact,AlphaEdit,SADR,canonical,1000,0.007215556199422386,0.8199636803591268,1.310667690150106,0.0012162790564899156,0.7327148312546439,1.7483622227099787
Llama,CounterFact,AlphaEdit,SPHERE,canonical,1000,-0.030644398440490214,0.5574525733907351,1.1235216508236243,0.0016697411254249467,0.3265923476595389,1.2669732919039833
Llama,CounterFact,MEMIT,ENCORE,canonical,1000,-0.025476087490399806,0.2338042449446445,1.0042269872233585,0.0008177921636295788,0.058851181003730844,1.008716798186561
Llama,CounterFact,MEMIT,NAS,canonical,1000,-0.02768923987569091,0.2317583231549949,1.0028453034594822,0.0010267835466209849,0.06064473686160187,1.006293040656841
Llama,zsRE,AlphaEdit,ENCORE,canonical,1000,0.02548107471842991,0.6861530981123118,1.2532913473463467,0.003336296302394892,0.5627862383461406,1.6170846840853954
Llama,zsRE,AlphaEdit,NAS,canonical,1000,-0.04437415186738444,0.4293099553972743,1.0555497378426997,0.0027087481360082133,0.20255813219198865,1.116518576593228
Llama,zsRE,AlphaEdit,Native,canonical,1000,0.041092233352460636,0.7585254152790506,1.308328803645135,0.005326132088883265,0.6845899089427447,1.7721005077365493
Llama,zsRE,AlphaEdit,SADR,canonical,1000,0.09045282820574721,0.8164889353891812,1.3857294917807137,0.013957176485086145,0.8151009682288866,2.0099638011254672
Llama,zsRE,AlphaEdit,SPHERE,canonical,1000,0.00205734438732237,0.6227608916610539,1.1964985032714213,0.0018501823842104193,0.45569250283010365,1.461657373988959
Llama,zsRE,MEMIT,ENCORE,canonical,1000,-0.02124585201627017,0.369151819060625,1.0564280411952391,0.0008366742978091696,0.1632161687246317,1.1215611389899005
Llama,zsRE,MEMIT,NAS,canonical,1000,-0.1135418505927125,0.4433981895774673,1.0045404756858558,0.017857270107979887,0.22031872120215912,1.011092290124714
