model,dataset,editor,method,order_id,edit_count,eff_percent,gen_percent,locality_percent,available,n_rewrite,n_rephrase,n_locality,version
GPT-2 XL,CounterFact,AlphaEdit,ENCORE,canonical,1000,91.3,29.0,61.0,True,1000.0,1000.0,1000.0,unchanged_original
GPT-2 XL,CounterFact,AlphaEdit,NAS,canonical,1000,95.3,41.3,47.9,True,1000.0,1000.0,1000.0,unchanged_original
GPT-2 XL,CounterFact,AlphaEdit,Native,canonical,1000,92.5,36.4,48.3,True,1000.0,1000.0,1000.0,unchanged_original
GPT-2 XL,CounterFact,AlphaEdit,SADR,canonical,1000,95.7,24.4,53.6,True,1000.0,1000.0,1000.0,unchanged_original
GPT-2 XL,CounterFact,AlphaEdit,SPHERE,canonical,1000,94.1,37.8,49.4,True,1000.0,1000.0,1000.0,GPT2_SPHERE_semantic_input_axis_corrected_20260927
GPT-2 XL,CounterFact,MEMIT,ENCORE,canonical,1000,71.8,24.6,39.5,True,1000.0,1000.0,1000.0,unchanged_original
GPT-2 XL,CounterFact,MEMIT,NAS,canonical,1000,62.4,26.9,18.4,True,1000.0,1000.0,1000.0,unchanged_original
GPT-2 XL,CounterFact,MEMIT,Native,canonical,1000,64.5,27.8,20.599999999999998,True,1000.0,1000.0,1000.0,unchanged_original
GPT-2 XL,CounterFact,MEMIT,SADR,canonical,1000,73.2,20.1,14.099999999999998,True,1000.0,1000.0,1000.0,unchanged_original
GPT-2 XL,CounterFact,MEMIT,SPHERE,canonical,1000,73.3,29.5,30.0,True,1000.0,1000.0,1000.0,GPT2_SPHERE_semantic_input_axis_corrected_20260927
GPT-2 XL,zsRE,AlphaEdit,ENCORE,canonical,1000,75.6,40.2,73.61362153818581,True,1000.0,1000.0,1000.0,unchanged_original
GPT-2 XL,zsRE,AlphaEdit,NAS,canonical,1000,77.4,48.4,71.57744566584532,True,1000.0,1000.0,1000.0,unchanged_original
GPT-2 XL,zsRE,AlphaEdit,Native,canonical,1000,80.9,50.6,68.81093778696157,True,1000.0,1000.0,1000.0,unchanged_original
GPT-2 XL,zsRE,AlphaEdit,SADR,canonical,1000,76.9,41.6,76.4055877573447,True,1000.0,1000.0,1000.0,unchanged_original
GPT-2 XL,zsRE,AlphaEdit,SPHERE,canonical,1000,84.7,56.3,68.74706316014681,True,1000.0,1000.0,1000.0,GPT2_SPHERE_semantic_input_axis_corrected_20260927
GPT-2 XL,zsRE,MEMIT,ENCORE,canonical,1000,59.6,36.2,59.4735881589224,True,1000.0,1000.0,1000.0,unchanged_original
GPT-2 XL,zsRE,MEMIT,NAS,canonical,1000,52.9,36.8,47.743355934570495,True,1000.0,1000.0,1000.0,unchanged_original
GPT-2 XL,zsRE,MEMIT,Native,canonical,1000,38.1,25.7,36.57507449808773,True,1000.0,1000.0,1000.0,unchanged_original
GPT-2 XL,zsRE,MEMIT,SADR,canonical,1000,31.0,18.8,27.611048634664947,True,1000.0,1000.0,1000.0,unchanged_original
GPT-2 XL,zsRE,MEMIT,SPHERE,canonical,1000,60.5,38.6,59.12080452119408,True,1000.0,1000.0,1000.0,GPT2_SPHERE_semantic_input_axis_corrected_20260927
Llama,CounterFact,AlphaEdit,ENCORE,canonical,1000,67.10000000000001,28.9,13.15,True,1000.0,1000.0,1000.0,corrected_encore_dataset_editor_parameters_20260924
Llama,CounterFact,AlphaEdit,NAS,canonical,1000,93.5,45.4,24.45,True,1000.0,1000.0,1000.0,unchanged_original
Llama,CounterFact,AlphaEdit,Native,canonical,1000,79.1,46.9,12.3,True,1000.0,1000.0,1000.0,unchanged_original
Llama,CounterFact,AlphaEdit,SADR,canonical,1000,73.5,32.8,15.8,True,1000.0,1000.0,1000.0,unchanged_original
Llama,CounterFact,AlphaEdit,SPHERE,canonical,1000,88.6,51.6,16.75,True,1000.0,1000.0,1000.0,corrected_layerwise_sphere
Llama,CounterFact,MEMIT,ENCORE,canonical,1000,64.8,26.3,18.2,True,1000.0,1000.0,1000.0,canonical_missing_geometry_exact_replay_20260926
Llama,CounterFact,MEMIT,NAS,canonical,1000,72.8,36.1,21.5,True,1000.0,1000.0,1000.0,unchanged_original
Llama,CounterFact,MEMIT,Native,canonical,1000,0.0,0.0,0.6,True,1000.0,1000.0,1000.0,unchanged_original
Llama,CounterFact,MEMIT,SADR,canonical,1000,0.0,0.0,0.6,True,1000.0,1000.0,1000.0,unchanged_original
Llama,CounterFact,MEMIT,SPHERE,canonical,1000,0.0,0.0,0.6,True,1000.0,1000.0,1000.0,unchanged_original
Llama,zsRE,AlphaEdit,ENCORE,canonical,1000,75.4,63.2,44.79849124696024,True,1000.0,1000.0,1000.0,corrected_encore_dataset_editor_parameters_20260924
Llama,zsRE,AlphaEdit,NAS,canonical,1000,83.4,64.4,66.19763838846072,True,1000.0,1000.0,1000.0,unchanged_original
Llama,zsRE,AlphaEdit,Native,canonical,1000,74.2,61.0,43.60455964291252,True,1000.0,1000.0,1000.0,unchanged_original
Llama,zsRE,AlphaEdit,SADR,canonical,1000,62.4,44.8,48.12336063724642,True,1000.0,1000.0,1000.0,unchanged_original
Llama,zsRE,AlphaEdit,SPHERE,canonical,1000,83.5,69.0,47.57371262047124,True,1000.0,1000.0,1000.0,corrected_layerwise_sphere
Llama,zsRE,MEMIT,ENCORE,canonical,1000,72.39999999999999,56.00000000000001,62.98222460023886,True,1000.0,1000.0,1000.0,corrected_encore_dataset_editor_parameters_20260924
Llama,zsRE,MEMIT,NAS,canonical,1000,39.0,29.3,74.3595854754703,True,1000.0,1000.0,1000.0,unchanged_original
Llama,zsRE,MEMIT,Native,canonical,1000,0.0,0.0,0.0,True,1000.0,1000.0,1000.0,unchanged_original
Llama,zsRE,MEMIT,SADR,canonical,1000,0.0,0.0,0.0,True,1000.0,1000.0,1000.0,unchanged_original
Llama,zsRE,MEMIT,SPHERE,canonical,1000,0.0,0.0,0.0,True,1000.0,1000.0,1000.0,unchanged_original
