model,dataset,editor,method,order_id,edit_count,dose_fraction,scope,family,endpoint,condition,n_cases,baseline_pct,endpoint_pct,delta_pp,ci_low_pp,ci_high_pp,operation
Llama,zsRE,AlphaEdit,Native,canonical,1000,0.25,B_common_all_families,rewrite,EFF,perp_f025,99,90.87061087061088,90.95478595478595,0.08417508417508428,-0.8417508417508418,0.9259259259259267,perp
Llama,zsRE,AlphaEdit,Native,canonical,1000,0.25,B_common_all_families,rewrite,EFF,projection_match_f025,99,90.87061087061088,90.41606541606542,-0.45454545454545453,-1.1616161616161615,0.0,projection_match
Llama,zsRE,AlphaEdit,Native,canonical,1000,0.25,B_common_all_families,rephrase,Gen,perp_f025,99,81.3997113997114,81.85425685425686,0.45454545454545464,-0.8080808080808081,1.976911976911977,perp
Llama,zsRE,AlphaEdit,Native,canonical,1000,0.25,B_common_all_families,rephrase,Gen,projection_match_f025,99,81.3997113997114,80.75276575276575,-0.6469456469456472,-1.707551707551708,0.1443001443001442,projection_match
Llama,zsRE,AlphaEdit,Native,canonical,1000,0.25,B_common_all_families,locality,LOC,perp_f025,99,37.0445442909211,39.24494721596171,2.200402925040606,0.5730179643223121,4.164592787781191,perp
Llama,zsRE,AlphaEdit,Native,canonical,1000,0.25,B_common_all_families,locality,LOC,projection_match_f025,99,37.0445442909211,35.860080606457416,-1.1844636844636844,-3.0663780663780664,0.4629629629629629,projection_match
Llama,zsRE,AlphaEdit,Native,canonical,1000,0.5,B_common_all_families,rewrite,EFF,perp_f050,89,90.75441412520064,91.22257891920813,0.46816479400749084,-0.7490636704119852,1.6853932584269673,perp
Llama,zsRE,AlphaEdit,Native,canonical,1000,0.5,B_common_all_families,rewrite,EFF,projection_match_f050,89,90.75441412520064,89.2482611021937,-1.5061530230069555,-2.846575708935259,-0.34510433386837874,projection_match
Llama,zsRE,AlphaEdit,Native,canonical,1000,0.5,B_common_all_families,rephrase,Gen,perp_f050,89,81.70144462279293,82.11342964151953,0.4119850187265916,-1.1797752808988766,2.1268057784911716,perp
Llama,zsRE,AlphaEdit,Native,canonical,1000,0.5,B_common_all_families,rephrase,Gen,projection_match_f050,89,81.70144462279293,79.82878544676298,-1.8726591760299627,-3.595505617977529,-0.3745318352059926,projection_match
Llama,zsRE,AlphaEdit,Native,canonical,1000,0.5,B_common_all_families,locality,LOC,perp_f050,89,38.95966162697965,42.22821837013336,3.2685567431537144,0.6108215930516857,6.597084099068709,perp
Llama,zsRE,AlphaEdit,Native,canonical,1000,0.5,B_common_all_families,locality,LOC,projection_match_f050,89,38.95966162697965,38.21728602505349,-0.7423756019261638,-2.474585339753879,0.6957263242375578,projection_match
Llama,zsRE,AlphaEdit,NAS,canonical,1000,0.25,B_common_all_families,rewrite,EFF,perp_f025,100,95.09285714285714,95.09285714285714,0.0,-0.75,0.75,perp
Llama,zsRE,AlphaEdit,NAS,canonical,1000,0.25,B_common_all_families,rewrite,EFF,projection_match_f025,100,95.09285714285714,95.09285714285714,0.0,0.0,0.0,projection_match
Llama,zsRE,AlphaEdit,NAS,canonical,1000,0.25,B_common_all_families,rephrase,Gen,perp_f025,100,85.41190476190476,84.66190476190476,-0.75,-1.75,0.0,perp
Llama,zsRE,AlphaEdit,NAS,canonical,1000,0.25,B_common_all_families,rephrase,Gen,projection_match_f025,100,85.41190476190476,84.71190476190478,-0.7,-1.6,0.0,projection_match
Llama,zsRE,AlphaEdit,NAS,canonical,1000,0.25,B_common_all_families,locality,LOC,perp_f025,100,63.81110712958538,63.54432898019854,-0.26677814938684513,-1.737179487179487,0.9769021739130419,perp
Llama,zsRE,AlphaEdit,NAS,canonical,1000,0.25,B_common_all_families,locality,LOC,projection_match_f025,100,63.81110712958538,63.73791872378828,-0.07318840579710155,-0.456521739130435,0.19347826086956516,projection_match
Llama,zsRE,AlphaEdit,NAS,canonical,1000,0.5,B_common_all_families,rewrite,EFF,perp_f050,100,95.09285714285714,94.55952380952381,-0.5333333333333334,-1.8166666666666669,0.6666666666666665,perp
Llama,zsRE,AlphaEdit,NAS,canonical,1000,0.5,B_common_all_families,rewrite,EFF,projection_match_f050,100,95.09285714285714,94.50952380952381,-0.5833333333333335,-1.5000000000000002,0.0,projection_match
Llama,zsRE,AlphaEdit,NAS,canonical,1000,0.5,B_common_all_families,rephrase,Gen,perp_f050,100,85.41190476190476,84.10476190476192,-1.3071428571428572,-3.142857142857143,0.32857142857142874,perp
Llama,zsRE,AlphaEdit,NAS,canonical,1000,0.5,B_common_all_families,rephrase,Gen,projection_match_f050,100,85.41190476190476,84.71190476190478,-0.7,-1.6,0.0,projection_match
Llama,zsRE,AlphaEdit,NAS,canonical,1000,0.5,B_common_all_families,locality,LOC,perp_f050,100,63.81110712958538,64.97522031108987,1.1641131815044856,-0.8585843685300208,3.342536231884056,perp
Llama,zsRE,AlphaEdit,NAS,canonical,1000,0.5,B_common_all_families,locality,LOC,projection_match_f050,100,63.81110712958538,63.65458539045495,-0.15652173913043485,-0.75,0.19347826086956516,projection_match
Llama,zsRE,AlphaEdit,ENCORE,canonical,1000,0.25,B_common_all_families,rewrite,EFF,perp_f025,100,91.58095238095238,92.11428571428573,0.5333333333333334,-0.6666666666666665,1.8,perp
Llama,zsRE,AlphaEdit,ENCORE,canonical,1000,0.25,B_common_all_families,rewrite,EFF,projection_match_f025,100,91.58095238095238,91.58095238095238,0.0,0.0,0.0,projection_match
Llama,zsRE,AlphaEdit,ENCORE,canonical,1000,0.25,B_common_all_families,rephrase,Gen,perp_f025,100,84.88095238095238,85.9404761904762,1.0595238095238095,0.14285714285714277,2.2500000000000004,perp
Llama,zsRE,AlphaEdit,ENCORE,canonical,1000,0.25,B_common_all_families,rephrase,Gen,projection_match_f025,100,84.88095238095238,84.48095238095239,-0.4,-1.55,0.5,projection_match
Llama,zsRE,AlphaEdit,ENCORE,canonical,1000,0.25,B_common_all_families,locality,LOC,perp_f025,100,39.14320751712056,42.128921802834846,2.9857142857142858,1.030952380952381,5.2976190476190474,perp
Llama,zsRE,AlphaEdit,ENCORE,canonical,1000,0.25,B_common_all_families,locality,LOC,projection_match_f025,100,39.14320751712056,39.30193767585072,0.15873015873015872,-1.2301587301587302,1.583333333333333,projection_match
Llama,zsRE,AlphaEdit,ENCORE,canonical,1000,0.5,B_common_all_families,rewrite,EFF,perp_f050,97,91.32056946489935,92.47422680412372,1.1536573392243497,-0.2824005891016199,2.7590206185567006,perp
Llama,zsRE,AlphaEdit,ENCORE,canonical,1000,0.5,B_common_all_families,rewrite,EFF,projection_match_f050,97,91.32056946489935,90.50073637702502,-0.819833087874325,-2.0864015709376535,0.42218949435444314,projection_match
Llama,zsRE,AlphaEdit,ENCORE,canonical,1000,0.5,B_common_all_families,rephrase,Gen,perp_f050,97,84.75699558173785,85.61610211094747,0.8591065292096219,-0.09818360333824261,2.061855670103093,perp
Llama,zsRE,AlphaEdit,ENCORE,canonical,1000,0.5,B_common_all_families,rephrase,Gen,projection_match_f050,97,84.75699558173785,84.30780559646539,-0.4491899852724594,-1.7893961708394697,0.736377025036819,projection_match
Llama,zsRE,AlphaEdit,ENCORE,canonical,1000,0.5,B_common_all_families,locality,LOC,perp_f050,97,39.494715653388894,42.08185360135159,2.58713794796269,0.9081369661266567,4.621993127147766,perp
Llama,zsRE,AlphaEdit,ENCORE,canonical,1000,0.5,B_common_all_families,locality,LOC,projection_match_f050,97,39.494715653388894,39.41289598394036,-0.0818196694485355,-1.4036164293896252,1.2068401243658973,projection_match
Llama,zsRE,AlphaEdit,SPHERE,canonical,1000,0.25,B_common_all_families,rewrite,EFF,perp_f025,100,94.79761904761905,94.79761904761905,0.0,0.0,0.0,perp
Llama,zsRE,AlphaEdit,SPHERE,canonical,1000,0.25,B_common_all_families,rewrite,EFF,projection_match_f025,100,94.79761904761905,94.54761904761905,-0.25,-0.75,0.0,projection_match
Llama,zsRE,AlphaEdit,SPHERE,canonical,1000,0.25,B_common_all_families,rephrase,Gen,perp_f025,100,84.96904761904761,85.6357142857143,0.6666666666666669,-0.4166666666666666,1.9166666666666672,perp
Llama,zsRE,AlphaEdit,SPHERE,canonical,1000,0.25,B_common_all_families,rephrase,Gen,projection_match_f025,100,84.96904761904761,84.96904761904761,0.0,0.0,0.0,projection_match
Llama,zsRE,AlphaEdit,SPHERE,canonical,1000,0.25,B_common_all_families,locality,LOC,perp_f025,100,41.59116234007538,42.96718028348462,1.3760179434092479,0.062313664596273556,3.046668391994479,perp
Llama,zsRE,AlphaEdit,SPHERE,canonical,1000,0.25,B_common_all_families,locality,LOC,projection_match_f025,100,41.59116234007538,41.077497743802084,-0.513664596273292,-1.615960144927536,0.5869565217391304,projection_match
Llama,zsRE,AlphaEdit,SPHERE,canonical,1000,0.5,B_common_all_families,rewrite,EFF,perp_f050,96,94.58085317460318,94.23363095238095,-0.3472222222222223,-1.041666666666667,0.0,perp
Llama,zsRE,AlphaEdit,SPHERE,canonical,1000,0.5,B_common_all_families,rewrite,EFF,projection_match_f050,96,94.58085317460318,94.14682539682538,-0.4340277777777777,-1.128472222222222,0.0,projection_match
Llama,zsRE,AlphaEdit,SPHERE,canonical,1000,0.5,B_common_all_families,rephrase,Gen,perp_f050,96,85.2108134920635,86.54761904761904,1.3368055555555556,0.20833333333333334,2.917100694444438,perp
Llama,zsRE,AlphaEdit,SPHERE,canonical,1000,0.5,B_common_all_families,rephrase,Gen,projection_match_f050,96,85.2108134920635,84.95039682539682,-0.2604166666666667,-0.78125,0.0,projection_match
Llama,zsRE,AlphaEdit,SPHERE,canonical,1000,0.5,B_common_all_families,locality,LOC,perp_f050,96,41.501210770911854,44.570820559271645,3.069609788359788,0.6845238095238099,6.0559275793650755,perp
Llama,zsRE,AlphaEdit,SPHERE,canonical,1000,0.5,B_common_all_families,locality,LOC,projection_match_f050,96,41.501210770911854,39.434232107465796,-2.0669786634460547,-4.224851549919484,-0.4302536231884057,projection_match
Llama,zsRE,AlphaEdit,SADR,canonical,1000,0.25,B_common_all_families,rewrite,EFF,perp_f025,100,83.2452380952381,83.42142857142856,0.1761904761904762,-0.907142857142857,1.1857142857142857,perp
Llama,zsRE,AlphaEdit,SADR,canonical,1000,0.25,B_common_all_families,rewrite,EFF,projection_match_f025,100,83.2452380952381,83.04523809523809,-0.19999999999999984,-0.8285714285714282,0.2857142857142858,projection_match
Llama,zsRE,AlphaEdit,SADR,canonical,1000,0.25,B_common_all_families,rephrase,Gen,perp_f025,100,71.94047619047619,73.97619047619048,2.035714285714286,-0.08095238095238082,4.578630952380951,perp
Llama,zsRE,AlphaEdit,SADR,canonical,1000,0.25,B_common_all_families,rephrase,Gen,projection_match_f025,100,71.94047619047619,70.88095238095238,-1.0595238095238095,-2.952559523809524,0.7571428571428572,projection_match
Llama,zsRE,AlphaEdit,SADR,canonical,1000,0.25,B_common_all_families,locality,LOC,perp_f025,100,46.169907628603276,47.74054254923821,1.5706349206349204,-0.0055555555555553615,3.281825396825395,perp
Llama,zsRE,AlphaEdit,SADR,canonical,1000,0.25,B_common_all_families,locality,LOC,projection_match_f025,100,46.169907628603276,44.39609810479376,-1.7738095238095235,-4.19077380952381,-0.19047619047619035,projection_match
Llama,zsRE,AlphaEdit,SADR,canonical,1000,0.5,B_common_all_families,rewrite,EFF,perp_f050,88,82.04274891774891,82.45941558441558,0.4166666666666666,-1.423430735930736,2.102272727272727,perp
Llama,zsRE,AlphaEdit,SADR,canonical,1000,0.5,B_common_all_families,rewrite,EFF,projection_match_f050,88,82.04274891774891,80.71699134199135,-1.325757575757576,-2.8138528138528143,-0.12175324675324668,projection_match
Llama,zsRE,AlphaEdit,SADR,canonical,1000,0.5,B_common_all_families,rephrase,Gen,perp_f050,88,72.57305194805194,74.15584415584416,1.5827922077922076,-0.7468208874458875,4.166666666666666,perp
Llama,zsRE,AlphaEdit,SADR,canonical,1000,0.5,B_common_all_families,rephrase,Gen,projection_match_f050,88,72.57305194805194,70.66829004329004,-1.904761904761905,-3.763663419913419,-0.4058441558441558,projection_match
Llama,zsRE,AlphaEdit,SADR,canonical,1000,0.5,B_common_all_families,locality,LOC,perp_f050,88,48.299137456746145,51.339361121969816,3.040223665223665,1.1462617243867246,5.253494769119768,perp
Llama,zsRE,AlphaEdit,SADR,canonical,1000,0.5,B_common_all_families,locality,LOC,projection_match_f050,88,48.299137456746145,45.410879880988574,-2.888257575757576,-6.278442911255411,-0.037878787878788144,projection_match
Llama,zsRE,MEMIT,Native,canonical,1000,0.25,B_common_all_families,rewrite,EFF,perp_f025,0,,,,,,perp
Llama,zsRE,MEMIT,Native,canonical,1000,0.25,B_common_all_families,rewrite,EFF,projection_match_f025,0,,,,,,projection_match
Llama,zsRE,MEMIT,Native,canonical,1000,0.25,B_common_all_families,rephrase,Gen,perp_f025,0,,,,,,perp
Llama,zsRE,MEMIT,Native,canonical,1000,0.25,B_common_all_families,rephrase,Gen,projection_match_f025,0,,,,,,projection_match
Llama,zsRE,MEMIT,Native,canonical,1000,0.25,B_common_all_families,locality,LOC,perp_f025,0,,,,,,perp
Llama,zsRE,MEMIT,Native,canonical,1000,0.25,B_common_all_families,locality,LOC,projection_match_f025,0,,,,,,projection_match
Llama,zsRE,MEMIT,Native,canonical,1000,0.5,B_common_all_families,rewrite,EFF,perp_f050,0,,,,,,perp
Llama,zsRE,MEMIT,Native,canonical,1000,0.5,B_common_all_families,rewrite,EFF,projection_match_f050,0,,,,,,projection_match
Llama,zsRE,MEMIT,Native,canonical,1000,0.5,B_common_all_families,rephrase,Gen,perp_f050,0,,,,,,perp
Llama,zsRE,MEMIT,Native,canonical,1000,0.5,B_common_all_families,rephrase,Gen,projection_match_f050,0,,,,,,projection_match
Llama,zsRE,MEMIT,Native,canonical,1000,0.5,B_common_all_families,locality,LOC,perp_f050,0,,,,,,perp
Llama,zsRE,MEMIT,Native,canonical,1000,0.5,B_common_all_families,locality,LOC,projection_match_f050,0,,,,,,projection_match
Llama,zsRE,MEMIT,NAS,canonical,1000,0.25,B_common_all_families,rewrite,EFF,perp_f025,100,61.98095238095239,58.10714285714285,-3.8738095238095243,-6.2,-1.7545833333333358,perp
Llama,zsRE,MEMIT,NAS,canonical,1000,0.25,B_common_all_families,rewrite,EFF,projection_match_f025,100,61.98095238095239,63.12380952380952,1.142857142857143,-0.39047619047619053,2.8452380952380953,projection_match
Llama,zsRE,MEMIT,NAS,canonical,1000,0.25,B_common_all_families,rephrase,Gen,perp_f025,100,57.71428571428571,54.94523809523809,-2.7690476190476194,-4.754940476190476,-0.9998809523809541,perp
Llama,zsRE,MEMIT,NAS,canonical,1000,0.25,B_common_all_families,rephrase,Gen,projection_match_f025,100,57.71428571428571,57.93095238095238,0.21666666666666642,-0.7428571428571428,1.2999999999999994,projection_match
Llama,zsRE,MEMIT,NAS,canonical,1000,0.25,B_common_all_families,locality,LOC,perp_f025,100,74.39744120613686,76.03201677549504,1.6345755693581783,-0.3180124223602479,3.7142857142857144,perp
Llama,zsRE,MEMIT,NAS,canonical,1000,0.25,B_common_all_families,locality,LOC,projection_match_f025,100,74.39744120613686,73.59806232414928,-0.7993788819875776,-1.7357142857142855,-0.07608695652173907,projection_match
Llama,zsRE,MEMIT,NAS,canonical,1000,0.5,B_common_all_families,rewrite,EFF,perp_f050,96,62.39335317460317,56.463293650793645,-5.930059523809525,-8.963355654761905,-3.142299107142859,perp
Llama,zsRE,MEMIT,NAS,canonical,1000,0.5,B_common_all_families,rewrite,EFF,projection_match_f050,96,62.39335317460317,63.00099206349207,0.607638888888889,-0.6547619047619045,1.9791666666666667,projection_match
Llama,zsRE,MEMIT,NAS,canonical,1000,0.5,B_common_all_families,rephrase,Gen,perp_f050,96,57.86210317460317,53.34821428571428,-4.513888888888888,-7.475198412698412,-1.7707713293650802,perp
Llama,zsRE,MEMIT,NAS,canonical,1000,0.5,B_common_all_families,rephrase,Gen,projection_match_f050,96,57.86210317460317,58.506944444444436,0.6448412698412694,-1.507998511904762,2.7654389880952372,projection_match
Llama,zsRE,MEMIT,NAS,canonical,1000,0.5,B_common_all_families,locality,LOC,perp_f050,96,74.73195760559891,75.68994587336978,0.9579882677708763,-1.2379999856222685,3.2994746736254887,perp
Llama,zsRE,MEMIT,NAS,canonical,1000,0.5,B_common_all_families,locality,LOC,projection_match_f050,96,74.73195760559891,73.45467585956716,-1.2772817460317458,-2.728174603174603,0.0,projection_match
Llama,zsRE,MEMIT,ENCORE,canonical,1000,0.25,B_common_all_families,rewrite,EFF,perp_f025,100,78.79523809523809,79.97142857142858,1.1761904761904762,0.14285714285714277,2.576190476190476,perp
Llama,zsRE,MEMIT,ENCORE,canonical,1000,0.25,B_common_all_families,rewrite,EFF,projection_match_f025,100,78.79523809523809,79.81904761904761,1.023809523809524,-0.3285714285714285,2.6907142857142827,projection_match
Llama,zsRE,MEMIT,ENCORE,canonical,1000,0.25,B_common_all_families,rephrase,Gen,perp_f025,100,74.37380952380953,75.18333333333332,0.8095238095238095,-1.0238095238095237,2.702380952380953,perp
Llama,zsRE,MEMIT,ENCORE,canonical,1000,0.25,B_common_all_families,rephrase,Gen,projection_match_f025,100,74.37380952380953,74.37380952380953,0.0,-0.75,0.75,projection_match
Llama,zsRE,MEMIT,ENCORE,canonical,1000,0.25,B_common_all_families,locality,LOC,perp_f025,100,62.17414131761958,63.605093698571956,1.430952380952381,0.2976190476190476,2.916666666666667,perp
Llama,zsRE,MEMIT,ENCORE,canonical,1000,0.25,B_common_all_families,locality,LOC,projection_match_f025,100,62.17414131761958,62.897218240696496,0.7230769230769232,-0.6166666666666665,2.273076923076923,projection_match
Llama,zsRE,MEMIT,ENCORE,canonical,1000,0.5,B_common_all_families,rewrite,EFF,perp_f050,100,78.79523809523809,79.47142857142858,0.6761904761904762,-0.6571428571428573,2.2357142857142858,perp
Llama,zsRE,MEMIT,ENCORE,canonical,1000,0.5,B_common_all_families,rewrite,EFF,projection_match_f050,100,78.79523809523809,80.21190476190475,1.416666666666667,-0.009523809523809419,3.0691071428571424,projection_match
Llama,zsRE,MEMIT,ENCORE,canonical,1000,0.5,B_common_all_families,rephrase,Gen,perp_f050,100,74.37380952380953,73.35,-1.0238095238095237,-2.880952380952381,0.5595238095238095,perp
Llama,zsRE,MEMIT,ENCORE,canonical,1000,0.5,B_common_all_families,rephrase,Gen,projection_match_f050,100,74.37380952380953,74.23095238095239,-0.1428571428571429,-0.8937499999999993,0.6071428571428571,projection_match
Llama,zsRE,MEMIT,ENCORE,canonical,1000,0.5,B_common_all_families,locality,LOC,perp_f050,100,62.17414131761958,64.80747465095291,2.6333333333333333,0.41666666666666685,5.5,perp
Llama,zsRE,MEMIT,ENCORE,canonical,1000,0.5,B_common_all_families,locality,LOC,projection_match_f050,100,62.17414131761958,62.06150395498221,-0.11263736263736263,-1.3498168498168497,1.25,projection_match
Llama,zsRE,MEMIT,SPHERE,canonical,1000,0.25,B_common_all_families,rewrite,EFF,perp_f025,0,,,,,,perp
Llama,zsRE,MEMIT,SPHERE,canonical,1000,0.25,B_common_all_families,rewrite,EFF,projection_match_f025,0,,,,,,projection_match
Llama,zsRE,MEMIT,SPHERE,canonical,1000,0.25,B_common_all_families,rephrase,Gen,perp_f025,0,,,,,,perp
Llama,zsRE,MEMIT,SPHERE,canonical,1000,0.25,B_common_all_families,rephrase,Gen,projection_match_f025,0,,,,,,projection_match
Llama,zsRE,MEMIT,SPHERE,canonical,1000,0.25,B_common_all_families,locality,LOC,perp_f025,0,,,,,,perp
Llama,zsRE,MEMIT,SPHERE,canonical,1000,0.25,B_common_all_families,locality,LOC,projection_match_f025,0,,,,,,projection_match
Llama,zsRE,MEMIT,SPHERE,canonical,1000,0.5,B_common_all_families,rewrite,EFF,perp_f050,0,,,,,,perp
Llama,zsRE,MEMIT,SPHERE,canonical,1000,0.5,B_common_all_families,rewrite,EFF,projection_match_f050,0,,,,,,projection_match
Llama,zsRE,MEMIT,SPHERE,canonical,1000,0.5,B_common_all_families,rephrase,Gen,perp_f050,0,,,,,,perp
Llama,zsRE,MEMIT,SPHERE,canonical,1000,0.5,B_common_all_families,rephrase,Gen,projection_match_f050,0,,,,,,projection_match
Llama,zsRE,MEMIT,SPHERE,canonical,1000,0.5,B_common_all_families,locality,LOC,perp_f050,0,,,,,,perp
Llama,zsRE,MEMIT,SPHERE,canonical,1000,0.5,B_common_all_families,locality,LOC,projection_match_f050,0,,,,,,projection_match
Llama,zsRE,MEMIT,SADR,canonical,1000,0.25,B_common_all_families,rewrite,EFF,perp_f025,0,,,,,,perp
Llama,zsRE,MEMIT,SADR,canonical,1000,0.25,B_common_all_families,rewrite,EFF,projection_match_f025,0,,,,,,projection_match
Llama,zsRE,MEMIT,SADR,canonical,1000,0.25,B_common_all_families,rephrase,Gen,perp_f025,0,,,,,,perp
Llama,zsRE,MEMIT,SADR,canonical,1000,0.25,B_common_all_families,rephrase,Gen,projection_match_f025,0,,,,,,projection_match
Llama,zsRE,MEMIT,SADR,canonical,1000,0.25,B_common_all_families,locality,LOC,perp_f025,0,,,,,,perp
Llama,zsRE,MEMIT,SADR,canonical,1000,0.25,B_common_all_families,locality,LOC,projection_match_f025,0,,,,,,projection_match
Llama,zsRE,MEMIT,SADR,canonical,1000,0.5,B_common_all_families,rewrite,EFF,perp_f050,0,,,,,,perp
Llama,zsRE,MEMIT,SADR,canonical,1000,0.5,B_common_all_families,rewrite,EFF,projection_match_f050,0,,,,,,projection_match
Llama,zsRE,MEMIT,SADR,canonical,1000,0.5,B_common_all_families,rephrase,Gen,perp_f050,0,,,,,,perp
Llama,zsRE,MEMIT,SADR,canonical,1000,0.5,B_common_all_families,rephrase,Gen,projection_match_f050,0,,,,,,projection_match
Llama,zsRE,MEMIT,SADR,canonical,1000,0.5,B_common_all_families,locality,LOC,perp_f050,0,,,,,,perp
Llama,zsRE,MEMIT,SADR,canonical,1000,0.5,B_common_all_families,locality,LOC,projection_match_f050,0,,,,,,projection_match
Llama,CounterFact,AlphaEdit,Native,canonical,1000,0.25,B_common_all_families,rewrite,EFF,perp_f025,100,80.16666666666666,81.16666666666666,1.0,0.0,2.5,perp
Llama,CounterFact,AlphaEdit,Native,canonical,1000,0.25,B_common_all_families,rewrite,EFF,projection_match_f025,100,80.16666666666666,77.16666666666666,-3.0,-6.0,-0.5,projection_match
Llama,CounterFact,AlphaEdit,Native,canonical,1000,0.25,B_common_all_families,rephrase,Gen,perp_f025,100,68.66666666666666,68.16666666666666,-0.5,-1.5,0.0,perp
Llama,CounterFact,AlphaEdit,Native,canonical,1000,0.25,B_common_all_families,rephrase,Gen,projection_match_f025,100,68.66666666666666,68.16666666666666,-0.5,-2.5,1.0,projection_match
Llama,CounterFact,AlphaEdit,Native,canonical,1000,0.25,B_common_all_families,locality,LOC,perp_f025,100,7.5,8.5,1.0,0.0,3.0,perp
Llama,CounterFact,AlphaEdit,Native,canonical,1000,0.25,B_common_all_families,locality,LOC,projection_match_f025,100,7.5,9.5,2.0,0.0,5.0,projection_match
Llama,CounterFact,AlphaEdit,Native,canonical,1000,0.5,B_common_all_families,rewrite,EFF,perp_f050,87,78.35249042145593,78.9272030651341,0.5747126436781609,-1.1494252873563218,2.8735632183908044,perp
Llama,CounterFact,AlphaEdit,Native,canonical,1000,0.5,B_common_all_families,rewrite,EFF,projection_match_f050,87,78.35249042145593,72.60536398467433,-5.747126436781609,-9.770114942528735,-2.2988505747126435,projection_match
Llama,CounterFact,AlphaEdit,Native,canonical,1000,0.5,B_common_all_families,rephrase,Gen,perp_f050,87,66.85823754789271,66.28352490421456,-0.5747126436781609,-2.8735632183908044,1.1494252873563218,perp
Llama,CounterFact,AlphaEdit,Native,canonical,1000,0.5,B_common_all_families,rephrase,Gen,projection_match_f050,87,66.85823754789271,65.70881226053639,-1.1494252873563218,-4.022988505747127,1.7241379310344827,projection_match
Llama,CounterFact,AlphaEdit,Native,canonical,1000,0.5,B_common_all_families,locality,LOC,perp_f050,87,8.620689655172415,7.471264367816092,-1.1494252873563218,-3.4482758620689653,0.0,perp
Llama,CounterFact,AlphaEdit,Native,canonical,1000,0.5,B_common_all_families,locality,LOC,projection_match_f050,87,8.620689655172415,8.620689655172415,0.0,-4.597701149425287,4.597701149425287,projection_match
Llama,CounterFact,AlphaEdit,NAS,canonical,1000,0.25,B_common_all_families,rewrite,EFF,perp_f025,100,94.66666666666666,94.66666666666666,0.0,-1.5,1.5,perp
Llama,CounterFact,AlphaEdit,NAS,canonical,1000,0.25,B_common_all_families,rewrite,EFF,projection_match_f025,100,94.66666666666666,93.66666666666666,-1.0,-2.5,0.0,projection_match
Llama,CounterFact,AlphaEdit,NAS,canonical,1000,0.25,B_common_all_families,rephrase,Gen,perp_f025,100,66.83333333333333,67.33333333333333,0.5,-1.0,2.0,perp
Llama,CounterFact,AlphaEdit,NAS,canonical,1000,0.25,B_common_all_families,rephrase,Gen,projection_match_f025,100,66.83333333333333,66.33333333333333,-0.5,-1.5,0.0,projection_match
Llama,CounterFact,AlphaEdit,NAS,canonical,1000,0.25,B_common_all_families,locality,LOC,perp_f025,100,22.0,22.0,0.0,-4.0,4.0,perp
Llama,CounterFact,AlphaEdit,NAS,canonical,1000,0.25,B_common_all_families,locality,LOC,projection_match_f025,100,22.0,22.0,0.0,0.0,0.0,projection_match
Llama,CounterFact,AlphaEdit,NAS,canonical,1000,0.5,B_common_all_families,rewrite,EFF,perp_f050,100,94.66666666666666,94.16666666666666,-0.5,-2.5,1.0,perp
Llama,CounterFact,AlphaEdit,NAS,canonical,1000,0.5,B_common_all_families,rewrite,EFF,projection_match_f050,100,94.66666666666666,93.66666666666666,-1.0,-2.5,0.0,projection_match
Llama,CounterFact,AlphaEdit,NAS,canonical,1000,0.5,B_common_all_families,rephrase,Gen,perp_f050,100,66.83333333333333,67.33333333333333,0.5,-1.0,2.0,perp
Llama,CounterFact,AlphaEdit,NAS,canonical,1000,0.5,B_common_all_families,rephrase,Gen,projection_match_f050,100,66.83333333333333,66.33333333333333,-0.5,-1.5,0.0,projection_match
Llama,CounterFact,AlphaEdit,NAS,canonical,1000,0.5,B_common_all_families,locality,LOC,perp_f050,100,22.0,21.0,-1.0,-4.0,2.0,perp
Llama,CounterFact,AlphaEdit,NAS,canonical,1000,0.5,B_common_all_families,locality,LOC,projection_match_f050,100,22.0,22.0,0.0,0.0,0.0,projection_match
Llama,CounterFact,AlphaEdit,ENCORE,canonical,1000,0.25,B_common_all_families,rewrite,EFF,perp_f025,100,83.33333333333331,83.33333333333331,0.0,-1.5,1.5,perp
Llama,CounterFact,AlphaEdit,ENCORE,canonical,1000,0.25,B_common_all_families,rewrite,EFF,projection_match_f025,100,83.33333333333331,83.33333333333331,0.0,-1.5,1.5,projection_match
Llama,CounterFact,AlphaEdit,ENCORE,canonical,1000,0.25,B_common_all_families,rephrase,Gen,perp_f025,100,70.0,70.33333333333333,0.33333333333333315,-1.666666666666667,2.333333333333333,perp
Llama,CounterFact,AlphaEdit,ENCORE,canonical,1000,0.25,B_common_all_families,rephrase,Gen,projection_match_f025,100,70.0,70.5,0.5,0.0,1.5,projection_match
Llama,CounterFact,AlphaEdit,ENCORE,canonical,1000,0.25,B_common_all_families,locality,LOC,perp_f025,100,8.0,8.0,0.0,0.0,0.0,perp
Llama,CounterFact,AlphaEdit,ENCORE,canonical,1000,0.25,B_common_all_families,locality,LOC,projection_match_f025,100,8.0,8.0,0.0,-3.0,3.0,projection_match
Llama,CounterFact,AlphaEdit,ENCORE,canonical,1000,0.5,B_common_all_families,rewrite,EFF,perp_f050,99,83.16498316498316,83.67003367003366,0.5050505050505051,-1.0101010101010102,2.0202020202020203,perp
Llama,CounterFact,AlphaEdit,ENCORE,canonical,1000,0.5,B_common_all_families,rewrite,EFF,projection_match_f050,99,83.16498316498316,82.15488215488215,-1.0101010101010102,-4.040404040404041,1.5151515151515151,projection_match
Llama,CounterFact,AlphaEdit,ENCORE,canonical,1000,0.5,B_common_all_families,rephrase,Gen,perp_f050,99,69.6969696969697,69.02356902356902,-0.6734006734006734,-3.198653198653199,1.6835016835016834,perp
Llama,CounterFact,AlphaEdit,ENCORE,canonical,1000,0.5,B_common_all_families,rephrase,Gen,projection_match_f050,99,69.6969696969697,70.70707070707071,1.0101010101010102,0.0,2.525252525252525,projection_match
Llama,CounterFact,AlphaEdit,ENCORE,canonical,1000,0.5,B_common_all_families,locality,LOC,perp_f050,99,8.080808080808081,9.090909090909092,1.0101010101010102,0.0,3.0303030303030303,perp
Llama,CounterFact,AlphaEdit,ENCORE,canonical,1000,0.5,B_common_all_families,locality,LOC,projection_match_f050,99,8.080808080808081,9.090909090909092,1.0101010101010102,0.0,3.0303030303030303,projection_match
Llama,CounterFact,AlphaEdit,SPHERE,canonical,1000,0.25,B_common_all_families,rewrite,EFF,perp_f025,100,93.33333333333331,93.83333333333331,0.5,0.0,1.5,perp
Llama,CounterFact,AlphaEdit,SPHERE,canonical,1000,0.25,B_common_all_families,rewrite,EFF,projection_match_f025,100,93.33333333333331,93.33333333333331,0.0,0.0,0.0,projection_match
Llama,CounterFact,AlphaEdit,SPHERE,canonical,1000,0.25,B_common_all_families,rephrase,Gen,perp_f025,100,75.33333333333333,75.33333333333333,0.0,0.0,0.0,perp
Llama,CounterFact,AlphaEdit,SPHERE,canonical,1000,0.25,B_common_all_families,rephrase,Gen,projection_match_f025,100,75.33333333333333,75.33333333333333,0.0,0.0,0.0,projection_match
Llama,CounterFact,AlphaEdit,SPHERE,canonical,1000,0.25,B_common_all_families,locality,LOC,perp_f025,100,11.0,11.0,0.0,0.0,0.0,perp
Llama,CounterFact,AlphaEdit,SPHERE,canonical,1000,0.25,B_common_all_families,locality,LOC,projection_match_f025,100,11.0,13.0,2.0,0.0,5.0,projection_match
Llama,CounterFact,AlphaEdit,SPHERE,canonical,1000,0.5,B_common_all_families,rewrite,EFF,perp_f050,100,93.33333333333331,93.83333333333331,0.5,0.0,1.5,perp
Llama,CounterFact,AlphaEdit,SPHERE,canonical,1000,0.5,B_common_all_families,rewrite,EFF,projection_match_f050,100,93.33333333333331,93.33333333333331,0.0,0.0,0.0,projection_match
Llama,CounterFact,AlphaEdit,SPHERE,canonical,1000,0.5,B_common_all_families,rephrase,Gen,perp_f050,100,75.33333333333333,76.33333333333333,1.0,0.0,2.5,perp
Llama,CounterFact,AlphaEdit,SPHERE,canonical,1000,0.5,B_common_all_families,rephrase,Gen,projection_match_f050,100,75.33333333333333,74.33333333333333,-1.0,-2.5,0.0,projection_match
Llama,CounterFact,AlphaEdit,SPHERE,canonical,1000,0.5,B_common_all_families,locality,LOC,perp_f050,100,11.0,11.0,0.0,0.0,0.0,perp
Llama,CounterFact,AlphaEdit,SPHERE,canonical,1000,0.5,B_common_all_families,locality,LOC,projection_match_f050,100,11.0,13.0,2.0,0.0,5.0,projection_match
Llama,CounterFact,AlphaEdit,SADR,canonical,1000,0.25,B_common_all_families,rewrite,EFF,perp_f025,97,70.446735395189,71.47766323024055,1.0309278350515463,-1.0309278350515463,3.0927835051546393,perp
Llama,CounterFact,AlphaEdit,SADR,canonical,1000,0.25,B_common_all_families,rewrite,EFF,projection_match_f025,97,70.446735395189,65.80756013745705,-4.639175257731959,-8.24742268041237,-1.5463917525773196,projection_match
Llama,CounterFact,AlphaEdit,SADR,canonical,1000,0.25,B_common_all_families,rephrase,Gen,perp_f025,97,50.17182130584192,50.17182130584192,0.0,-2.0618556701030926,2.0618556701030926,perp
Llama,CounterFact,AlphaEdit,SADR,canonical,1000,0.25,B_common_all_families,rephrase,Gen,projection_match_f025,97,50.17182130584192,49.140893470790374,-1.0309278350515463,-2.577319587628866,0.0,projection_match
Llama,CounterFact,AlphaEdit,SADR,canonical,1000,0.25,B_common_all_families,locality,LOC,perp_f025,97,14.948453608247423,15.97938144329897,1.0309278350515463,-3.0927835051546393,5.154639175257732,perp
Llama,CounterFact,AlphaEdit,SADR,canonical,1000,0.25,B_common_all_families,locality,LOC,projection_match_f025,97,14.948453608247423,11.855670103092784,-3.0927835051546393,-8.24742268041237,1.0309278350515463,projection_match
Llama,CounterFact,AlphaEdit,SADR,canonical,1000,0.5,B_common_all_families,rewrite,EFF,perp_f050,82,69.51219512195122,70.73170731707317,1.2195121951219512,-1.829268292682927,4.2682926829268295,perp
Llama,CounterFact,AlphaEdit,SADR,canonical,1000,0.5,B_common_all_families,rewrite,EFF,projection_match_f050,82,69.51219512195122,62.19512195121951,-7.317073170731708,-11.585365853658537,-3.658536585365854,projection_match
Llama,CounterFact,AlphaEdit,SADR,canonical,1000,0.5,B_common_all_families,rephrase,Gen,perp_f050,82,50.0,51.21951219512195,1.2195121951219512,-1.829268292682927,4.2682926829268295,perp
Llama,CounterFact,AlphaEdit,SADR,canonical,1000,0.5,B_common_all_families,rephrase,Gen,projection_match_f050,82,50.0,46.34146341463415,-3.658536585365854,-7.317073170731708,-0.6097560975609756,projection_match
Llama,CounterFact,AlphaEdit,SADR,canonical,1000,0.5,B_common_all_families,locality,LOC,perp_f050,82,16.463414634146343,16.463414634146343,0.0,-6.097560975609756,6.097560975609756,perp
Llama,CounterFact,AlphaEdit,SADR,canonical,1000,0.5,B_common_all_families,locality,LOC,projection_match_f050,82,16.463414634146343,11.585365853658537,-4.878048780487805,-10.975609756097562,0.0,projection_match
Llama,CounterFact,MEMIT,Native,canonical,1000,0.25,B_common_all_families,rewrite,EFF,perp_f025,0,,,,,,perp
Llama,CounterFact,MEMIT,Native,canonical,1000,0.25,B_common_all_families,rewrite,EFF,projection_match_f025,0,,,,,,projection_match
Llama,CounterFact,MEMIT,Native,canonical,1000,0.25,B_common_all_families,rephrase,Gen,perp_f025,0,,,,,,perp
Llama,CounterFact,MEMIT,Native,canonical,1000,0.25,B_common_all_families,rephrase,Gen,projection_match_f025,0,,,,,,projection_match
Llama,CounterFact,MEMIT,Native,canonical,1000,0.25,B_common_all_families,locality,LOC,perp_f025,0,,,,,,perp
Llama,CounterFact,MEMIT,Native,canonical,1000,0.25,B_common_all_families,locality,LOC,projection_match_f025,0,,,,,,projection_match
Llama,CounterFact,MEMIT,Native,canonical,1000,0.5,B_common_all_families,rewrite,EFF,perp_f050,0,,,,,,perp
Llama,CounterFact,MEMIT,Native,canonical,1000,0.5,B_common_all_families,rewrite,EFF,projection_match_f050,0,,,,,,projection_match
Llama,CounterFact,MEMIT,Native,canonical,1000,0.5,B_common_all_families,rephrase,Gen,perp_f050,0,,,,,,perp
Llama,CounterFact,MEMIT,Native,canonical,1000,0.5,B_common_all_families,rephrase,Gen,projection_match_f050,0,,,,,,projection_match
Llama,CounterFact,MEMIT,Native,canonical,1000,0.5,B_common_all_families,locality,LOC,perp_f050,0,,,,,,perp
Llama,CounterFact,MEMIT,Native,canonical,1000,0.5,B_common_all_families,locality,LOC,projection_match_f050,0,,,,,,projection_match
Llama,CounterFact,MEMIT,NAS,canonical,1000,0.25,B_common_all_families,rewrite,EFF,perp_f025,99,81.98653198653199,82.996632996633,1.0101010101010102,0.0,2.525252525252525,perp
Llama,CounterFact,MEMIT,NAS,canonical,1000,0.25,B_common_all_families,rewrite,EFF,projection_match_f025,99,81.98653198653199,82.49158249158249,0.5050505050505051,0.0,1.5151515151515151,projection_match
Llama,CounterFact,MEMIT,NAS,canonical,1000,0.25,B_common_all_families,rephrase,Gen,perp_f025,99,63.97306397306397,63.46801346801347,-0.5050505050505051,-1.5151515151515151,0.0,perp
Llama,CounterFact,MEMIT,NAS,canonical,1000,0.25,B_common_all_families,rephrase,Gen,projection_match_f025,99,63.97306397306397,63.97306397306397,0.0,0.0,0.0,projection_match
Llama,CounterFact,MEMIT,NAS,canonical,1000,0.25,B_common_all_families,locality,LOC,perp_f025,99,16.666666666666668,16.666666666666668,0.0,0.0,0.0,perp
Llama,CounterFact,MEMIT,NAS,canonical,1000,0.25,B_common_all_families,locality,LOC,projection_match_f025,99,16.666666666666668,17.67676767676768,1.0101010101010102,0.0,3.0303030303030303,projection_match
Llama,CounterFact,MEMIT,NAS,canonical,1000,0.5,B_common_all_families,rewrite,EFF,perp_f050,99,81.98653198653199,82.49158249158249,0.5050505050505051,0.0,1.5151515151515151,perp
Llama,CounterFact,MEMIT,NAS,canonical,1000,0.5,B_common_all_families,rewrite,EFF,projection_match_f050,99,81.98653198653199,82.49158249158249,0.5050505050505051,0.0,1.5151515151515151,projection_match
Llama,CounterFact,MEMIT,NAS,canonical,1000,0.5,B_common_all_families,rephrase,Gen,perp_f050,99,63.97306397306397,63.46801346801347,-0.5050505050505051,-1.5151515151515151,0.0,perp
Llama,CounterFact,MEMIT,NAS,canonical,1000,0.5,B_common_all_families,rephrase,Gen,projection_match_f050,99,63.97306397306397,63.97306397306397,0.0,0.0,0.0,projection_match
Llama,CounterFact,MEMIT,NAS,canonical,1000,0.5,B_common_all_families,locality,LOC,perp_f050,99,16.666666666666668,17.67676767676768,1.0101010101010102,0.0,3.0303030303030303,perp
Llama,CounterFact,MEMIT,NAS,canonical,1000,0.5,B_common_all_families,locality,LOC,projection_match_f050,99,16.666666666666668,17.67676767676768,1.0101010101010102,0.0,3.0303030303030303,projection_match
Llama,CounterFact,MEMIT,ENCORE,canonical,1000,0.25,B_common_all_families,rewrite,EFF,perp_f025,100,79.33333333333333,79.83333333333333,0.5,0.0,1.5,perp
Llama,CounterFact,MEMIT,ENCORE,canonical,1000,0.25,B_common_all_families,rewrite,EFF,projection_match_f025,100,79.33333333333333,79.83333333333333,0.5,0.0,1.5,projection_match
Llama,CounterFact,MEMIT,ENCORE,canonical,1000,0.25,B_common_all_families,rephrase,Gen,perp_f025,100,61.33333333333333,60.83333333333333,-0.5,-1.5,0.0,perp
Llama,CounterFact,MEMIT,ENCORE,canonical,1000,0.25,B_common_all_families,rephrase,Gen,projection_match_f025,100,61.33333333333333,60.83333333333333,-0.5,-1.5,0.0,projection_match
Llama,CounterFact,MEMIT,ENCORE,canonical,1000,0.25,B_common_all_families,locality,LOC,perp_f025,100,12.5,12.5,0.0,0.0,0.0,perp
Llama,CounterFact,MEMIT,ENCORE,canonical,1000,0.25,B_common_all_families,locality,LOC,projection_match_f025,100,12.5,12.5,0.0,0.0,0.0,projection_match
Llama,CounterFact,MEMIT,ENCORE,canonical,1000,0.5,B_common_all_families,rewrite,EFF,perp_f050,100,79.33333333333333,79.33333333333333,0.0,0.0,0.0,perp
Llama,CounterFact,MEMIT,ENCORE,canonical,1000,0.5,B_common_all_families,rewrite,EFF,projection_match_f050,100,79.33333333333333,79.83333333333333,0.5,0.0,1.5,projection_match
Llama,CounterFact,MEMIT,ENCORE,canonical,1000,0.5,B_common_all_families,rephrase,Gen,perp_f050,100,61.33333333333333,60.83333333333333,-0.5,-1.5,0.0,perp
Llama,CounterFact,MEMIT,ENCORE,canonical,1000,0.5,B_common_all_families,rephrase,Gen,projection_match_f050,100,61.33333333333333,60.83333333333333,-0.5,-1.5,0.0,projection_match
Llama,CounterFact,MEMIT,ENCORE,canonical,1000,0.5,B_common_all_families,locality,LOC,perp_f050,100,12.5,12.5,0.0,0.0,0.0,perp
Llama,CounterFact,MEMIT,ENCORE,canonical,1000,0.5,B_common_all_families,locality,LOC,projection_match_f050,100,12.5,12.5,0.0,0.0,0.0,projection_match
Llama,CounterFact,MEMIT,SPHERE,canonical,1000,0.25,B_common_all_families,rewrite,EFF,perp_f025,0,,,,,,perp
Llama,CounterFact,MEMIT,SPHERE,canonical,1000,0.25,B_common_all_families,rewrite,EFF,projection_match_f025,0,,,,,,projection_match
Llama,CounterFact,MEMIT,SPHERE,canonical,1000,0.25,B_common_all_families,rephrase,Gen,perp_f025,0,,,,,,perp
Llama,CounterFact,MEMIT,SPHERE,canonical,1000,0.25,B_common_all_families,rephrase,Gen,projection_match_f025,0,,,,,,projection_match
Llama,CounterFact,MEMIT,SPHERE,canonical,1000,0.25,B_common_all_families,locality,LOC,perp_f025,0,,,,,,perp
Llama,CounterFact,MEMIT,SPHERE,canonical,1000,0.25,B_common_all_families,locality,LOC,projection_match_f025,0,,,,,,projection_match
Llama,CounterFact,MEMIT,SPHERE,canonical,1000,0.5,B_common_all_families,rewrite,EFF,perp_f050,0,,,,,,perp
Llama,CounterFact,MEMIT,SPHERE,canonical,1000,0.5,B_common_all_families,rewrite,EFF,projection_match_f050,0,,,,,,projection_match
Llama,CounterFact,MEMIT,SPHERE,canonical,1000,0.5,B_common_all_families,rephrase,Gen,perp_f050,0,,,,,,perp
Llama,CounterFact,MEMIT,SPHERE,canonical,1000,0.5,B_common_all_families,rephrase,Gen,projection_match_f050,0,,,,,,projection_match
Llama,CounterFact,MEMIT,SPHERE,canonical,1000,0.5,B_common_all_families,locality,LOC,perp_f050,0,,,,,,perp
Llama,CounterFact,MEMIT,SPHERE,canonical,1000,0.5,B_common_all_families,locality,LOC,projection_match_f050,0,,,,,,projection_match
Llama,CounterFact,MEMIT,SADR,canonical,1000,0.25,B_common_all_families,rewrite,EFF,perp_f025,0,,,,,,perp
Llama,CounterFact,MEMIT,SADR,canonical,1000,0.25,B_common_all_families,rewrite,EFF,projection_match_f025,0,,,,,,projection_match
Llama,CounterFact,MEMIT,SADR,canonical,1000,0.25,B_common_all_families,rephrase,Gen,perp_f025,0,,,,,,perp
Llama,CounterFact,MEMIT,SADR,canonical,1000,0.25,B_common_all_families,rephrase,Gen,projection_match_f025,0,,,,,,projection_match
Llama,CounterFact,MEMIT,SADR,canonical,1000,0.25,B_common_all_families,locality,LOC,perp_f025,0,,,,,,perp
Llama,CounterFact,MEMIT,SADR,canonical,1000,0.25,B_common_all_families,locality,LOC,projection_match_f025,0,,,,,,projection_match
Llama,CounterFact,MEMIT,SADR,canonical,1000,0.5,B_common_all_families,rewrite,EFF,perp_f050,0,,,,,,perp
Llama,CounterFact,MEMIT,SADR,canonical,1000,0.5,B_common_all_families,rewrite,EFF,projection_match_f050,0,,,,,,projection_match
Llama,CounterFact,MEMIT,SADR,canonical,1000,0.5,B_common_all_families,rephrase,Gen,perp_f050,0,,,,,,perp
Llama,CounterFact,MEMIT,SADR,canonical,1000,0.5,B_common_all_families,rephrase,Gen,projection_match_f050,0,,,,,,projection_match
Llama,CounterFact,MEMIT,SADR,canonical,1000,0.5,B_common_all_families,locality,LOC,perp_f050,0,,,,,,perp
Llama,CounterFact,MEMIT,SADR,canonical,1000,0.5,B_common_all_families,locality,LOC,projection_match_f050,0,,,,,,projection_match
GPT-2 XL,zsRE,AlphaEdit,Native,canonical,1000,0.25,B_common_all_families,rewrite,EFF,perp_f025,100,92.79047619047618,94.54047619047618,1.75,0.26666666666666683,3.55,perp
GPT-2 XL,zsRE,AlphaEdit,Native,canonical,1000,0.25,B_common_all_families,rewrite,EFF,projection_match_f025,100,92.79047619047618,90.09761904761905,-2.6928571428571426,-4.5928571428571425,-1.1,projection_match
GPT-2 XL,zsRE,AlphaEdit,Native,canonical,1000,0.25,B_common_all_families,rephrase,Gen,perp_f025,100,77.22619047619048,77.72619047619047,0.5000000000000001,-1.8524404761904762,2.95,perp
GPT-2 XL,zsRE,AlphaEdit,Native,canonical,1000,0.25,B_common_all_families,rephrase,Gen,projection_match_f025,100,77.22619047619048,76.2095238095238,-1.0166666666666668,-3.014345238095238,0.9501785714285688,projection_match
GPT-2 XL,zsRE,AlphaEdit,Native,canonical,1000,0.25,B_common_all_families,locality,LOC,perp_f025,100,65.07697580197579,65.70389887889887,0.626923076923077,-0.17307692307692293,1.875,perp
GPT-2 XL,zsRE,AlphaEdit,Native,canonical,1000,0.25,B_common_all_families,locality,LOC,projection_match_f025,100,65.07697580197579,64.26671939171938,-0.8102564102564103,-2.1435897435897435,0.12307692307692314,projection_match
GPT-2 XL,zsRE,AlphaEdit,Native,canonical,1000,0.5,B_common_all_families,rewrite,EFF,perp_f050,100,92.79047619047618,92.80714285714286,0.016666666666667,-2.56672619047619,2.6500000000000004,perp
GPT-2 XL,zsRE,AlphaEdit,Native,canonical,1000,0.5,B_common_all_families,rewrite,EFF,projection_match_f050,100,92.79047619047618,86.92142857142855,-5.8690476190476195,-8.56904761904762,-3.45,projection_match
GPT-2 XL,zsRE,AlphaEdit,Native,canonical,1000,0.5,B_common_all_families,rephrase,Gen,perp_f050,100,77.22619047619048,73.67857142857143,-3.5476190476190474,-7.1313690476190486,-0.2713690476190483,perp
GPT-2 XL,zsRE,AlphaEdit,Native,canonical,1000,0.5,B_common_all_families,rephrase,Gen,projection_match_f050,100,77.22619047619048,75.01904761904761,-2.2071428571428573,-5.033333333333334,0.4690476190476187,projection_match
GPT-2 XL,zsRE,AlphaEdit,Native,canonical,1000,0.5,B_common_all_families,locality,LOC,perp_f050,100,65.07697580197579,66.5027084027084,1.4257326007326008,-1.3826007326007324,4.791845238095235,perp
GPT-2 XL,zsRE,AlphaEdit,Native,canonical,1000,0.5,B_common_all_families,locality,LOC,projection_match_f050,100,65.07697580197579,64.20421939171938,-0.8727564102564103,-2.2102564102564104,0.1,projection_match
GPT-2 XL,zsRE,AlphaEdit,NAS,canonical,1000,0.25,B_common_all_families,rewrite,EFF,perp_f025,100,92.38095238095237,93.94761904761904,1.5666666666666669,-0.6833333333333335,3.9166666666666674,perp
GPT-2 XL,zsRE,AlphaEdit,NAS,canonical,1000,0.25,B_common_all_families,rewrite,EFF,projection_match_f025,100,92.38095238095237,88.53095238095237,-3.85,-6.116666666666666,-1.8333333333333335,projection_match
GPT-2 XL,zsRE,AlphaEdit,NAS,canonical,1000,0.25,B_common_all_families,rephrase,Gen,perp_f025,100,76.62619047619047,76.65238095238095,0.026190476190476063,-2.65,2.666666666666667,perp
GPT-2 XL,zsRE,AlphaEdit,NAS,canonical,1000,0.25,B_common_all_families,rephrase,Gen,projection_match_f025,100,76.62619047619047,74.28333333333333,-2.3428571428571425,-4.485773809523809,-0.3998214285714306,projection_match
GPT-2 XL,zsRE,AlphaEdit,NAS,canonical,1000,0.25,B_common_all_families,locality,LOC,perp_f025,100,69.98003524253524,70.55384476634477,0.573809523809524,-0.6190476190476187,2.047619047619048,perp
GPT-2 XL,zsRE,AlphaEdit,NAS,canonical,1000,0.25,B_common_all_families,locality,LOC,projection_match_f025,100,69.98003524253524,69.36531662781663,-0.6147186147186148,-1.7727272727272727,0.0,projection_match
GPT-2 XL,zsRE,AlphaEdit,NAS,canonical,1000,0.5,B_common_all_families,rewrite,EFF,perp_f050,100,92.38095238095237,90.53095238095239,-1.85,-5.350059523809523,1.6097023809523783,perp
GPT-2 XL,zsRE,AlphaEdit,NAS,canonical,1000,0.5,B_common_all_families,rewrite,EFF,projection_match_f050,100,92.38095238095237,85.85476190476192,-6.526190476190477,-9.450059523809525,-3.7928571428571427,projection_match
GPT-2 XL,zsRE,AlphaEdit,NAS,canonical,1000,0.5,B_common_all_families,rephrase,Gen,perp_f050,100,76.62619047619047,70.88571428571427,-5.7404761904761905,-9.828630952380953,-1.8332738095238108,perp
GPT-2 XL,zsRE,AlphaEdit,NAS,canonical,1000,0.5,B_common_all_families,rephrase,Gen,projection_match_f050,100,76.62619047619047,70.39523809523808,-6.230952380952381,-9.338273809523809,-3.368988095238096,projection_match
GPT-2 XL,zsRE,AlphaEdit,NAS,canonical,1000,0.5,B_common_all_families,locality,LOC,perp_f050,100,69.98003524253524,70.74828921078921,0.7682539682539681,-0.9023809523809523,2.6908928571428508,perp
GPT-2 XL,zsRE,AlphaEdit,NAS,canonical,1000,0.5,B_common_all_families,locality,LOC,projection_match_f050,100,69.98003524253524,69.36531662781663,-0.6147186147186148,-1.7727272727272727,0.0,projection_match
GPT-2 XL,zsRE,AlphaEdit,ENCORE,canonical,1000,0.25,B_common_all_families,rewrite,EFF,perp_f025,100,90.37857142857142,92.26428571428572,1.8857142857142861,-0.014285714285714022,3.7905357142857135,perp
GPT-2 XL,zsRE,AlphaEdit,ENCORE,canonical,1000,0.25,B_common_all_families,rewrite,EFF,projection_match_f025,100,90.37857142857142,90.07142857142856,-0.3071428571428571,-1.5001785714285716,0.8095238095238098,projection_match
GPT-2 XL,zsRE,AlphaEdit,ENCORE,canonical,1000,0.25,B_common_all_families,rephrase,Gen,perp_f025,100,71.51666666666667,71.07619047619046,-0.4404761904761905,-2.8666666666666663,1.8692261904761882,perp
GPT-2 XL,zsRE,AlphaEdit,ENCORE,canonical,1000,0.25,B_common_all_families,rephrase,Gen,projection_match_f025,100,71.51666666666667,71.7,0.1833333333333333,-1.1,1.7166666666666663,projection_match
GPT-2 XL,zsRE,AlphaEdit,ENCORE,canonical,1000,0.25,B_common_all_families,locality,LOC,perp_f025,100,70.26517926517927,69.97275502275502,-0.29242424242424225,-1.06060606060606,0.213636363636364,perp
GPT-2 XL,zsRE,AlphaEdit,ENCORE,canonical,1000,0.25,B_common_all_families,locality,LOC,projection_match_f025,100,70.26517926517927,70.31517926517927,0.05,0.0,0.15,projection_match
GPT-2 XL,zsRE,AlphaEdit,ENCORE,canonical,1000,0.5,B_common_all_families,rewrite,EFF,perp_f050,100,90.37857142857142,91.93095238095239,1.5523809523809524,-1.5670833333333334,4.771428571428571,perp
GPT-2 XL,zsRE,AlphaEdit,ENCORE,canonical,1000,0.5,B_common_all_families,rewrite,EFF,projection_match_f050,100,90.37857142857142,88.65476190476191,-1.7238095238095235,-3.3904761904761904,-0.40476190476190466,projection_match
GPT-2 XL,zsRE,AlphaEdit,ENCORE,canonical,1000,0.5,B_common_all_families,rephrase,Gen,perp_f050,100,71.51666666666667,67.77619047619048,-3.7404761904761905,-7.723809523809524,0.2261904761904762,perp
GPT-2 XL,zsRE,AlphaEdit,ENCORE,canonical,1000,0.5,B_common_all_families,rephrase,Gen,projection_match_f050,100,71.51666666666667,71.29761904761905,-0.21904761904761882,-2.304880952380952,2.0880952380952382,projection_match
GPT-2 XL,zsRE,AlphaEdit,ENCORE,canonical,1000,0.5,B_common_all_families,locality,LOC,perp_f050,100,70.26517926517927,70.44398518148517,0.1788059163059166,-1.3123060966810962,1.7688059163059147,perp
GPT-2 XL,zsRE,AlphaEdit,ENCORE,canonical,1000,0.5,B_common_all_families,locality,LOC,projection_match_f050,100,70.26517926517927,68.92232212232213,-1.3428571428571427,-3.95,0.40714285714285725,projection_match
GPT-2 XL,zsRE,AlphaEdit,SPHERE,canonical,1000,0.25,B_common_all_families,rewrite,EFF,perp_f025,100,93.55714285714286,95.24047619047619,1.6833333333333331,0.5,3.0428571428571427,perp
GPT-2 XL,zsRE,AlphaEdit,SPHERE,canonical,1000,0.25,B_common_all_families,rewrite,EFF,projection_match_f025,100,93.55714285714286,93.41428571428571,-0.1428571428571429,-0.8928571428571429,0.6071428571428571,projection_match
GPT-2 XL,zsRE,AlphaEdit,SPHERE,canonical,1000,0.25,B_common_all_families,rephrase,Gen,perp_f025,100,78.86666666666666,79.06190476190476,0.19523809523809546,-3.154940476190476,3.169345238095234,perp
GPT-2 XL,zsRE,AlphaEdit,SPHERE,canonical,1000,0.25,B_common_all_families,rephrase,Gen,projection_match_f025,100,78.86666666666666,77.47380952380952,-1.3928571428571432,-3.7357142857142867,0.8333333333333335,projection_match
GPT-2 XL,zsRE,AlphaEdit,SPHERE,canonical,1000,0.25,B_common_all_families,locality,LOC,perp_f025,100,70.90900349650349,73.10864274614273,2.1996392496392496,-0.2746031746031744,5.504377705627702,perp
GPT-2 XL,zsRE,AlphaEdit,SPHERE,canonical,1000,0.25,B_common_all_families,locality,LOC,projection_match_f025,100,70.90900349650349,70.90900349650349,0.0,0.0,0.0,projection_match
GPT-2 XL,zsRE,AlphaEdit,SPHERE,canonical,1000,0.5,B_common_all_families,rewrite,EFF,perp_f050,100,93.55714285714286,94.44047619047619,0.8833333333333333,-0.9928571428571429,2.7238095238095235,perp
GPT-2 XL,zsRE,AlphaEdit,SPHERE,canonical,1000,0.5,B_common_all_families,rewrite,EFF,projection_match_f050,100,93.55714285714286,92.38095238095237,-1.1761904761904765,-2.302380952380952,-0.25,projection_match
GPT-2 XL,zsRE,AlphaEdit,SPHERE,canonical,1000,0.5,B_common_all_families,rephrase,Gen,perp_f050,100,78.86666666666666,79.33571428571427,0.469047619047619,-3.7095833333333337,4.497619047619047,perp
GPT-2 XL,zsRE,AlphaEdit,SPHERE,canonical,1000,0.5,B_common_all_families,rephrase,Gen,projection_match_f050,100,78.86666666666666,76.41428571428571,-2.4523809523809526,-5.066666666666666,0.05035714285713766,projection_match
GPT-2 XL,zsRE,AlphaEdit,SPHERE,canonical,1000,0.5,B_common_all_families,locality,LOC,perp_f050,100,70.90900349650349,71.69316655566655,0.7841630591630591,-2.1877110389610386,4.347877886002882,perp
GPT-2 XL,zsRE,AlphaEdit,SPHERE,canonical,1000,0.5,B_common_all_families,locality,LOC,projection_match_f050,100,70.90900349650349,70.40900349650349,-0.5,-1.5,0.0,projection_match
GPT-2 XL,zsRE,AlphaEdit,SADR,canonical,1000,0.25,B_common_all_families,rewrite,EFF,perp_f025,100,90.96428571428571,93.35714285714286,2.392857142857143,-0.023809523809523794,4.952976190476182,perp
GPT-2 XL,zsRE,AlphaEdit,SADR,canonical,1000,0.25,B_common_all_families,rewrite,EFF,projection_match_f025,100,90.96428571428571,90.84761904761905,-0.11666666666666657,-2.2,1.916666666666667,projection_match
GPT-2 XL,zsRE,AlphaEdit,SADR,canonical,1000,0.25,B_common_all_families,rephrase,Gen,perp_f025,100,73.88333333333333,74.35714285714285,0.4738095238095237,-2.1761904761904765,3.0738095238095235,perp
GPT-2 XL,zsRE,AlphaEdit,SADR,canonical,1000,0.25,B_common_all_families,rephrase,Gen,projection_match_f025,100,73.88333333333333,70.23333333333333,-3.65,-6.066666666666667,-1.6166666666666665,projection_match
GPT-2 XL,zsRE,AlphaEdit,SADR,canonical,1000,0.25,B_common_all_families,locality,LOC,perp_f025,100,75.71280247530248,77.38706987456987,1.6742673992673993,0.023076923076923207,4.251220238095237,perp
GPT-2 XL,zsRE,AlphaEdit,SADR,canonical,1000,0.25,B_common_all_families,locality,LOC,projection_match_f025,100,75.71280247530248,75.54613580863581,-0.16666666666666685,-0.5000000000000006,0.0,projection_match
GPT-2 XL,zsRE,AlphaEdit,SADR,canonical,1000,0.5,B_common_all_families,rewrite,EFF,perp_f050,100,90.96428571428571,91.21428571428572,0.24999999999999958,-3.5262500000000006,3.735833333333332,perp
GPT-2 XL,zsRE,AlphaEdit,SADR,canonical,1000,0.5,B_common_all_families,rewrite,EFF,projection_match_f050,100,90.96428571428571,89.09047619047618,-1.873809523809524,-4.514285714285714,0.619047619047619,projection_match
GPT-2 XL,zsRE,AlphaEdit,SADR,canonical,1000,0.5,B_common_all_families,rephrase,Gen,perp_f050,100,73.88333333333333,70.90714285714286,-2.976190476190476,-7.21922619047619,1.0643452380952367,perp
GPT-2 XL,zsRE,AlphaEdit,SADR,canonical,1000,0.5,B_common_all_families,rephrase,Gen,projection_match_f050,100,73.88333333333333,68.99047619047619,-4.892857142857142,-8.0,-2.0428571428571427,projection_match
GPT-2 XL,zsRE,AlphaEdit,SADR,canonical,1000,0.5,B_common_all_families,locality,LOC,perp_f050,100,75.71280247530248,77.44956987456987,1.7367673992673993,-0.6726488095238095,4.722362637362637,perp
GPT-2 XL,zsRE,AlphaEdit,SADR,canonical,1000,0.5,B_common_all_families,locality,LOC,projection_match_f050,100,75.71280247530248,75.54613580863581,-0.16666666666666685,-0.5000000000000006,0.0,projection_match
GPT-2 XL,zsRE,MEMIT,Native,canonical,1000,0.25,B_common_all_families,rewrite,EFF,perp_f025,100,70.0142857142857,69.98095238095237,-0.033333333333333146,-1.9643452380952382,1.8263690476190448,perp
GPT-2 XL,zsRE,MEMIT,Native,canonical,1000,0.25,B_common_all_families,rewrite,EFF,projection_match_f025,100,70.0142857142857,68.12142857142857,-1.8928571428571428,-4.5928571428571425,0.12214285714284677,projection_match
GPT-2 XL,zsRE,MEMIT,Native,canonical,1000,0.25,B_common_all_families,rephrase,Gen,perp_f025,100,64.12380952380953,66.93333333333334,2.8095238095238098,-0.25059523809523837,6.035714285714286,perp
GPT-2 XL,zsRE,MEMIT,Native,canonical,1000,0.25,B_common_all_families,rephrase,Gen,projection_match_f025,100,64.12380952380953,62.17857142857143,-1.9452380952380952,-5.012023809523809,1.0666666666666669,projection_match
GPT-2 XL,zsRE,MEMIT,Native,canonical,1000,0.25,B_common_all_families,locality,LOC,perp_f025,100,39.092959817959816,42.158436008436,3.0654761904761902,0.34997023809523803,6.5702678571428565,perp
GPT-2 XL,zsRE,MEMIT,Native,canonical,1000,0.25,B_common_all_families,locality,LOC,projection_match_f025,100,39.092959817959816,39.62272172272172,0.5297619047619048,-0.9285714285714286,2.1906249999999976,projection_match
GPT-2 XL,zsRE,MEMIT,Native,canonical,1000,0.5,B_common_all_families,rewrite,EFF,perp_f050,93,70.08704557091653,68.27700972862263,-1.8100358422939067,-4.59805427547363,1.0600358422939051,perp
GPT-2 XL,zsRE,MEMIT,Native,canonical,1000,0.5,B_common_all_families,rewrite,EFF,projection_match_f050,93,70.08704557091653,67.46799795186891,-2.619047619047619,-5.458333333333333,0.06662826420890866,projection_match
GPT-2 XL,zsRE,MEMIT,Native,canonical,1000,0.5,B_common_all_families,rephrase,Gen,perp_f050,93,64.8284690220174,66.02918586789554,1.2007168458781359,-2.1684587813620073,4.641577060931899,perp
GPT-2 XL,zsRE,MEMIT,Native,canonical,1000,0.5,B_common_all_families,rephrase,Gen,projection_match_f050,93,64.8284690220174,62.45007680491552,-2.3783922171018945,-6.200716845878135,1.223758320532514,projection_match
GPT-2 XL,zsRE,MEMIT,Native,canonical,1000,0.5,B_common_all_families,locality,LOC,perp_f050,93,39.34726862146217,43.99780625587077,4.650537634408601,1.134120583717358,8.737903225806448,perp
GPT-2 XL,zsRE,MEMIT,Native,canonical,1000,0.5,B_common_all_families,locality,LOC,projection_match_f050,93,39.34726862146217,39.94140119140119,0.5941325699390216,-1.0910851021738117,2.4323418516966897,projection_match
GPT-2 XL,zsRE,MEMIT,NAS,canonical,1000,0.25,B_common_all_families,rewrite,EFF,perp_f025,100,80.98095238095237,81.37142857142857,0.39047619047619053,-1.9761904761904758,2.8666666666666667,perp
GPT-2 XL,zsRE,MEMIT,NAS,canonical,1000,0.25,B_common_all_families,rewrite,EFF,projection_match_f025,100,80.98095238095237,79.69761904761904,-1.2833333333333334,-2.983333333333334,0.21666666666666642,projection_match
GPT-2 XL,zsRE,MEMIT,NAS,canonical,1000,0.25,B_common_all_families,rephrase,Gen,perp_f025,100,69.58571428571427,70.2095238095238,0.6238095238095238,-1.6192261904761907,2.8976190476190475,perp
GPT-2 XL,zsRE,MEMIT,NAS,canonical,1000,0.25,B_common_all_families,rephrase,Gen,projection_match_f025,100,69.58571428571427,69.08571428571427,-0.5,-1.25,0.0,projection_match
GPT-2 XL,zsRE,MEMIT,NAS,canonical,1000,0.25,B_common_all_families,locality,LOC,perp_f025,100,49.036610611610605,51.05863442113442,2.0220238095238092,0.01424107142857135,4.72924107142857,perp
GPT-2 XL,zsRE,MEMIT,NAS,canonical,1000,0.25,B_common_all_families,locality,LOC,projection_match_f025,100,49.036610611610605,48.50506299256299,-0.5315476190476194,-1.416666666666667,0.18035714285714255,projection_match
GPT-2 XL,zsRE,MEMIT,NAS,canonical,1000,0.5,B_common_all_families,rewrite,EFF,perp_f050,100,80.98095238095237,80.70476190476191,-0.2761904761904763,-3.276190476190476,2.7595238095238095,perp
GPT-2 XL,zsRE,MEMIT,NAS,canonical,1000,0.5,B_common_all_families,rewrite,EFF,projection_match_f050,100,80.98095238095237,78.41428571428571,-2.566666666666667,-4.783333333333333,-0.5833333333333336,projection_match
GPT-2 XL,zsRE,MEMIT,NAS,canonical,1000,0.5,B_common_all_families,rephrase,Gen,perp_f050,100,69.58571428571427,68.59285714285714,-0.9928571428571428,-4.004880952380952,1.923809523809524,perp
GPT-2 XL,zsRE,MEMIT,NAS,canonical,1000,0.5,B_common_all_families,rephrase,Gen,projection_match_f050,100,69.58571428571427,68.85238095238095,-0.7333333333333334,-2.1,0.5166666666666666,projection_match
GPT-2 XL,zsRE,MEMIT,NAS,canonical,1000,0.5,B_common_all_families,locality,LOC,perp_f050,100,49.036610611610605,50.26696775446774,1.2303571428571425,-2.064404761904762,4.682782738095237,perp
GPT-2 XL,zsRE,MEMIT,NAS,canonical,1000,0.5,B_common_all_families,locality,LOC,projection_match_f050,100,49.036610611610605,48.38006299256299,-0.6565476190476193,-1.9023809523809525,0.32023809523809504,projection_match
GPT-2 XL,zsRE,MEMIT,ENCORE,canonical,1000,0.25,B_common_all_families,rewrite,EFF,perp_f025,100,81.60238095238095,81.27857142857142,-0.32380952380952394,-1.4666666666666672,0.6,perp
GPT-2 XL,zsRE,MEMIT,ENCORE,canonical,1000,0.25,B_common_all_families,rewrite,EFF,projection_match_f025,100,81.60238095238095,81.60238095238095,0.0,-0.75,0.75,projection_match
GPT-2 XL,zsRE,MEMIT,ENCORE,canonical,1000,0.25,B_common_all_families,rephrase,Gen,perp_f025,100,70.38571428571429,70.55238095238094,0.1666666666666667,-2.0833333333333326,2.416666666666667,perp
GPT-2 XL,zsRE,MEMIT,ENCORE,canonical,1000,0.25,B_common_all_families,rephrase,Gen,projection_match_f025,100,70.38571428571429,70.55238095238096,0.16666666666666657,0.0,0.4999999999999997,projection_match
GPT-2 XL,zsRE,MEMIT,ENCORE,canonical,1000,0.25,B_common_all_families,locality,LOC,perp_f025,100,62.093469030969025,61.086722999223,-1.0067460317460315,-3.5638888888888887,0.9321726190476185,perp
GPT-2 XL,zsRE,MEMIT,ENCORE,canonical,1000,0.25,B_common_all_families,locality,LOC,projection_match_f025,100,62.093469030969025,62.030969030969025,-0.0625,-0.1875,0.0,projection_match
GPT-2 XL,zsRE,MEMIT,ENCORE,canonical,1000,0.5,B_common_all_families,rewrite,EFF,perp_f050,100,81.60238095238095,82.89523809523808,1.2928571428571427,-1.2904761904761906,3.9000000000000012,perp
GPT-2 XL,zsRE,MEMIT,ENCORE,canonical,1000,0.5,B_common_all_families,rewrite,EFF,projection_match_f050,100,81.60238095238095,81.60238095238095,0.0,-0.75,0.75,projection_match
GPT-2 XL,zsRE,MEMIT,ENCORE,canonical,1000,0.5,B_common_all_families,rephrase,Gen,perp_f050,100,70.38571428571429,71.35238095238095,0.9666666666666669,-1.7333333333333332,3.7500000000000004,perp
GPT-2 XL,zsRE,MEMIT,ENCORE,canonical,1000,0.5,B_common_all_families,rephrase,Gen,projection_match_f050,100,70.38571428571429,70.46904761904761,0.08333333333333315,-0.5833333333333335,0.6666666666666663,projection_match
GPT-2 XL,zsRE,MEMIT,ENCORE,canonical,1000,0.5,B_common_all_families,locality,LOC,perp_f050,100,62.093469030969025,60.996246808746804,-1.097222222222222,-4.51748015873016,1.6158730158730157,perp
GPT-2 XL,zsRE,MEMIT,ENCORE,canonical,1000,0.5,B_common_all_families,locality,LOC,projection_match_f050,100,62.093469030969025,61.851802364302365,-0.24166666666666659,-0.7333333333333332,0.1,projection_match
GPT-2 XL,zsRE,MEMIT,SPHERE,canonical,1000,0.25,B_common_all_families,rewrite,EFF,perp_f025,100,68.68809523809524,68.39523809523808,-0.292857142857143,-1.369047619047619,0.7904761904761901,perp
GPT-2 XL,zsRE,MEMIT,SPHERE,canonical,1000,0.25,B_common_all_families,rewrite,EFF,projection_match_f025,100,68.68809523809524,68.38809523809523,-0.3,-1.5,0.6,projection_match
GPT-2 XL,zsRE,MEMIT,SPHERE,canonical,1000,0.25,B_common_all_families,rephrase,Gen,perp_f025,100,55.61428571428571,56.19761904761904,0.5833333333333333,-1.5,2.75,perp
GPT-2 XL,zsRE,MEMIT,SPHERE,canonical,1000,0.25,B_common_all_families,rephrase,Gen,projection_match_f025,100,55.61428571428571,55.36428571428571,-0.25,-1.05,0.4,projection_match
GPT-2 XL,zsRE,MEMIT,SPHERE,canonical,1000,0.25,B_common_all_families,locality,LOC,perp_f025,100,70.89684204684204,71.56275113775114,0.6659090909090909,-0.8,2.0,perp
GPT-2 XL,zsRE,MEMIT,SPHERE,canonical,1000,0.25,B_common_all_families,locality,LOC,projection_match_f025,100,70.89684204684204,70.98775113775113,0.09090909090909097,0.0,0.27272727272727293,projection_match
GPT-2 XL,zsRE,MEMIT,SPHERE,canonical,1000,0.5,B_common_all_families,rewrite,EFF,perp_f050,100,68.68809523809524,66.2547619047619,-2.4333333333333336,-5.126190476190476,0.22380952380952365,perp
GPT-2 XL,zsRE,MEMIT,SPHERE,canonical,1000,0.5,B_common_all_families,rewrite,EFF,projection_match_f050,100,68.68809523809524,68.38809523809523,-0.3,-1.5,0.6,projection_match
GPT-2 XL,zsRE,MEMIT,SPHERE,canonical,1000,0.5,B_common_all_families,rephrase,Gen,perp_f050,100,55.61428571428571,54.580952380952375,-1.0333333333333334,-3.65,1.55,perp
GPT-2 XL,zsRE,MEMIT,SPHERE,canonical,1000,0.5,B_common_all_families,rephrase,Gen,projection_match_f050,100,55.61428571428571,55.74761904761905,0.13333333333333328,-1.017083333333333,1.35,projection_match
GPT-2 XL,zsRE,MEMIT,SPHERE,canonical,1000,0.5,B_common_all_families,locality,LOC,perp_f050,100,70.89684204684204,71.80560828060828,0.9087662337662337,-0.6071428571428572,2.2696103896103876,perp
GPT-2 XL,zsRE,MEMIT,SPHERE,canonical,1000,0.5,B_common_all_families,locality,LOC,projection_match_f050,100,70.89684204684204,70.98775113775113,0.09090909090909097,0.0,0.27272727272727293,projection_match
GPT-2 XL,zsRE,MEMIT,SADR,canonical,1000,0.25,B_common_all_families,rewrite,EFF,perp_f025,96,62.30902777777777,64.14186507936508,1.8328373015873016,0.06944444444444464,3.864087301587302,perp
GPT-2 XL,zsRE,MEMIT,SADR,canonical,1000,0.25,B_common_all_families,rewrite,EFF,projection_match_f025,96,62.30902777777777,60.76388888888889,-1.545138888888889,-3.1597222222222228,-0.2604166666666667,projection_match
GPT-2 XL,zsRE,MEMIT,SADR,canonical,1000,0.25,B_common_all_families,rephrase,Gen,perp_f025,96,54.518849206349195,55.36210317460317,0.843253968253968,-1.371527777777778,3.125,perp
GPT-2 XL,zsRE,MEMIT,SADR,canonical,1000,0.25,B_common_all_families,rephrase,Gen,projection_match_f025,96,54.518849206349195,53.12003968253968,-1.3988095238095237,-3.759920634920635,0.7093874007936499,projection_match
GPT-2 XL,zsRE,MEMIT,SADR,canonical,1000,0.25,B_common_all_families,locality,LOC,perp_f025,96,28.216083684833688,30.546166796166798,2.3300831113331117,-1.147725104756354,5.835111069486068,perp
GPT-2 XL,zsRE,MEMIT,SADR,canonical,1000,0.25,B_common_all_families,locality,LOC,projection_match_f025,96,28.216083684833688,26.969390563140564,-1.2466931216931216,-2.532252397486772,-0.19589120370370425,projection_match
GPT-2 XL,zsRE,MEMIT,SADR,canonical,1000,0.5,B_common_all_families,rewrite,EFF,perp_f050,83,63.04934021801491,63.65174985656914,0.602409638554217,-2.0481927710843375,3.293172690763052,perp
GPT-2 XL,zsRE,MEMIT,SADR,canonical,1000,0.5,B_common_all_families,rewrite,EFF,projection_match_f050,83,63.04934021801491,60.11761331038439,-2.931726907630522,-5.481927710843373,-0.7028112449799198,projection_match
GPT-2 XL,zsRE,MEMIT,SADR,canonical,1000,0.5,B_common_all_families,rephrase,Gen,perp_f050,83,55.81755593803787,56.74125071715433,0.9236947791164659,-1.5060240963855422,3.6144578313253013,perp
GPT-2 XL,zsRE,MEMIT,SADR,canonical,1000,0.5,B_common_all_families,rephrase,Gen,projection_match_f050,83,55.81755593803787,53.16695352839931,-2.6506024096385543,-5.281124497991969,-0.44126506024097106,projection_match
GPT-2 XL,zsRE,MEMIT,SADR,canonical,1000,0.5,B_common_all_families,locality,LOC,perp_f050,83,28.94642840425973,33.11968486667282,4.1732564624130895,1.0193762061231944,8.314358332430622,perp
GPT-2 XL,zsRE,MEMIT,SADR,canonical,1000,0.5,B_common_all_families,locality,LOC,projection_match_f050,83,28.94642840425973,26.1689682472815,-2.7774601569782296,-6.071591226711709,-0.23804132614373635,projection_match
GPT-2 XL,CounterFact,AlphaEdit,Native,canonical,1000,0.25,B_common_all_families,rewrite,EFF,perp_f025,100,93.0,93.0,0.0,0.0,0.0,perp
GPT-2 XL,CounterFact,AlphaEdit,Native,canonical,1000,0.25,B_common_all_families,rewrite,EFF,projection_match_f025,100,93.0,92.5,-0.5,-1.5,0.0,projection_match
GPT-2 XL,CounterFact,AlphaEdit,Native,canonical,1000,0.25,B_common_all_families,rephrase,Gen,perp_f025,100,57.5,59.0,1.5,-0.5,4.0,perp
GPT-2 XL,CounterFact,AlphaEdit,Native,canonical,1000,0.25,B_common_all_families,rephrase,Gen,projection_match_f025,100,57.5,56.0,-1.5,-3.5,0.0,projection_match
GPT-2 XL,CounterFact,AlphaEdit,Native,canonical,1000,0.25,B_common_all_families,locality,LOC,perp_f025,100,42.0,42.0,0.0,-3.0,3.0,perp
GPT-2 XL,CounterFact,AlphaEdit,Native,canonical,1000,0.25,B_common_all_families,locality,LOC,projection_match_f025,100,42.0,42.0,0.0,0.0,0.0,projection_match
GPT-2 XL,CounterFact,AlphaEdit,Native,canonical,1000,0.5,B_common_all_families,rewrite,EFF,perp_f050,100,93.0,94.0,1.0,0.0,2.5,perp
GPT-2 XL,CounterFact,AlphaEdit,Native,canonical,1000,0.5,B_common_all_families,rewrite,EFF,projection_match_f050,100,93.0,91.5,-1.5,-3.5,0.0,projection_match
GPT-2 XL,CounterFact,AlphaEdit,Native,canonical,1000,0.5,B_common_all_families,rephrase,Gen,perp_f050,100,57.5,59.0,1.5,-1.0,4.0,perp
GPT-2 XL,CounterFact,AlphaEdit,Native,canonical,1000,0.5,B_common_all_families,rephrase,Gen,projection_match_f050,100,57.5,56.0,-1.5,-3.5,0.0,projection_match
GPT-2 XL,CounterFact,AlphaEdit,Native,canonical,1000,0.5,B_common_all_families,locality,LOC,perp_f050,100,42.0,46.0,4.0,0.0,9.0,perp
GPT-2 XL,CounterFact,AlphaEdit,Native,canonical,1000,0.5,B_common_all_families,locality,LOC,projection_match_f050,100,42.0,42.0,0.0,0.0,0.0,projection_match
GPT-2 XL,CounterFact,AlphaEdit,NAS,canonical,1000,0.25,B_common_all_families,rewrite,EFF,perp_f025,100,96.5,97.0,0.5,0.0,1.5,perp
GPT-2 XL,CounterFact,AlphaEdit,NAS,canonical,1000,0.25,B_common_all_families,rewrite,EFF,projection_match_f025,100,96.5,96.5,0.0,0.0,0.0,projection_match
GPT-2 XL,CounterFact,AlphaEdit,NAS,canonical,1000,0.25,B_common_all_families,rephrase,Gen,perp_f025,100,64.5,65.5,1.0,0.0,2.5,perp
GPT-2 XL,CounterFact,AlphaEdit,NAS,canonical,1000,0.25,B_common_all_families,rephrase,Gen,projection_match_f025,100,64.5,65.0,0.5,0.0,1.5,projection_match
GPT-2 XL,CounterFact,AlphaEdit,NAS,canonical,1000,0.25,B_common_all_families,locality,LOC,perp_f025,100,41.0,43.0,2.0,0.0,5.0,perp
GPT-2 XL,CounterFact,AlphaEdit,NAS,canonical,1000,0.25,B_common_all_families,locality,LOC,projection_match_f025,100,41.0,41.0,0.0,0.0,0.0,projection_match
GPT-2 XL,CounterFact,AlphaEdit,NAS,canonical,1000,0.5,B_common_all_families,rewrite,EFF,perp_f050,100,96.5,97.5,1.0,0.0,2.5,perp
GPT-2 XL,CounterFact,AlphaEdit,NAS,canonical,1000,0.5,B_common_all_families,rewrite,EFF,projection_match_f050,100,96.5,96.5,0.0,0.0,0.0,projection_match
GPT-2 XL,CounterFact,AlphaEdit,NAS,canonical,1000,0.5,B_common_all_families,rephrase,Gen,perp_f050,100,64.5,64.5,0.0,-2.0,2.0,perp
GPT-2 XL,CounterFact,AlphaEdit,NAS,canonical,1000,0.5,B_common_all_families,rephrase,Gen,projection_match_f050,100,64.5,65.5,1.0,0.0,2.5,projection_match
GPT-2 XL,CounterFact,AlphaEdit,NAS,canonical,1000,0.5,B_common_all_families,locality,LOC,perp_f050,100,41.0,45.0,4.0,1.0,8.0,perp
GPT-2 XL,CounterFact,AlphaEdit,NAS,canonical,1000,0.5,B_common_all_families,locality,LOC,projection_match_f050,100,41.0,42.0,1.0,0.0,3.0,projection_match
GPT-2 XL,CounterFact,AlphaEdit,ENCORE,canonical,1000,0.25,B_common_all_families,rewrite,EFF,perp_f025,100,86.0,85.0,-1.0,-2.5,0.0,perp
GPT-2 XL,CounterFact,AlphaEdit,ENCORE,canonical,1000,0.25,B_common_all_families,rewrite,EFF,projection_match_f025,100,86.0,85.5,-0.5,-1.5,0.0,projection_match
GPT-2 XL,CounterFact,AlphaEdit,ENCORE,canonical,1000,0.25,B_common_all_families,rephrase,Gen,perp_f025,100,49.0,48.5,-0.5,-1.5,0.0,perp
GPT-2 XL,CounterFact,AlphaEdit,ENCORE,canonical,1000,0.25,B_common_all_families,rephrase,Gen,projection_match_f025,100,49.0,49.0,0.0,0.0,0.0,projection_match
GPT-2 XL,CounterFact,AlphaEdit,ENCORE,canonical,1000,0.25,B_common_all_families,locality,LOC,perp_f025,100,51.0,52.0,1.0,-2.0,5.0,perp
GPT-2 XL,CounterFact,AlphaEdit,ENCORE,canonical,1000,0.25,B_common_all_families,locality,LOC,projection_match_f025,100,51.0,51.0,0.0,0.0,0.0,projection_match
GPT-2 XL,CounterFact,AlphaEdit,ENCORE,canonical,1000,0.5,B_common_all_families,rewrite,EFF,perp_f050,100,86.0,85.0,-1.0,-2.5,0.0,perp
GPT-2 XL,CounterFact,AlphaEdit,ENCORE,canonical,1000,0.5,B_common_all_families,rewrite,EFF,projection_match_f050,100,86.0,86.0,0.0,-1.5,1.5,projection_match
GPT-2 XL,CounterFact,AlphaEdit,ENCORE,canonical,1000,0.5,B_common_all_families,rephrase,Gen,perp_f050,100,49.0,48.0,-1.0,-2.5,0.0,perp
GPT-2 XL,CounterFact,AlphaEdit,ENCORE,canonical,1000,0.5,B_common_all_families,rephrase,Gen,projection_match_f050,100,49.0,49.0,0.0,0.0,0.0,projection_match
GPT-2 XL,CounterFact,AlphaEdit,ENCORE,canonical,1000,0.5,B_common_all_families,locality,LOC,perp_f050,100,51.0,52.0,1.0,-2.0,5.0,perp
GPT-2 XL,CounterFact,AlphaEdit,ENCORE,canonical,1000,0.5,B_common_all_families,locality,LOC,projection_match_f050,100,51.0,51.0,0.0,0.0,0.0,projection_match
GPT-2 XL,CounterFact,AlphaEdit,SPHERE,canonical,1000,0.25,B_common_all_families,rewrite,EFF,perp_f025,100,95.5,95.5,0.0,0.0,0.0,perp
GPT-2 XL,CounterFact,AlphaEdit,SPHERE,canonical,1000,0.25,B_common_all_families,rewrite,EFF,projection_match_f025,100,95.5,95.5,0.0,0.0,0.0,projection_match
GPT-2 XL,CounterFact,AlphaEdit,SPHERE,canonical,1000,0.25,B_common_all_families,rephrase,Gen,perp_f025,100,60.0,60.0,0.0,0.0,0.0,perp
GPT-2 XL,CounterFact,AlphaEdit,SPHERE,canonical,1000,0.25,B_common_all_families,rephrase,Gen,projection_match_f025,100,60.0,60.0,0.0,0.0,0.0,projection_match
GPT-2 XL,CounterFact,AlphaEdit,SPHERE,canonical,1000,0.25,B_common_all_families,locality,LOC,perp_f025,100,42.0,43.0,1.0,0.0,3.0,perp
GPT-2 XL,CounterFact,AlphaEdit,SPHERE,canonical,1000,0.25,B_common_all_families,locality,LOC,projection_match_f025,100,42.0,42.0,0.0,0.0,0.0,projection_match
GPT-2 XL,CounterFact,AlphaEdit,SPHERE,canonical,1000,0.5,B_common_all_families,rewrite,EFF,perp_f050,100,95.5,96.0,0.5,0.0,1.5,perp
GPT-2 XL,CounterFact,AlphaEdit,SPHERE,canonical,1000,0.5,B_common_all_families,rewrite,EFF,projection_match_f050,100,95.5,95.5,0.0,0.0,0.0,projection_match
GPT-2 XL,CounterFact,AlphaEdit,SPHERE,canonical,1000,0.5,B_common_all_families,rephrase,Gen,perp_f050,100,60.0,59.5,-0.5,-1.5,0.0,perp
GPT-2 XL,CounterFact,AlphaEdit,SPHERE,canonical,1000,0.5,B_common_all_families,rephrase,Gen,projection_match_f050,100,60.0,60.5,0.5,0.0,1.5,projection_match
GPT-2 XL,CounterFact,AlphaEdit,SPHERE,canonical,1000,0.5,B_common_all_families,locality,LOC,perp_f050,100,42.0,41.0,-1.0,-5.0,2.0,perp
GPT-2 XL,CounterFact,AlphaEdit,SPHERE,canonical,1000,0.5,B_common_all_families,locality,LOC,projection_match_f050,100,42.0,42.0,0.0,0.0,0.0,projection_match
GPT-2 XL,CounterFact,AlphaEdit,SADR,canonical,1000,0.25,B_common_all_families,rewrite,EFF,perp_f025,100,96.0,96.5,0.5,0.0,1.5,perp
GPT-2 XL,CounterFact,AlphaEdit,SADR,canonical,1000,0.25,B_common_all_families,rewrite,EFF,projection_match_f025,100,96.0,96.0,0.0,0.0,0.0,projection_match
GPT-2 XL,CounterFact,AlphaEdit,SADR,canonical,1000,0.25,B_common_all_families,rephrase,Gen,perp_f025,100,36.5,37.0,0.5,-1.0,2.0,perp
GPT-2 XL,CounterFact,AlphaEdit,SADR,canonical,1000,0.25,B_common_all_families,rephrase,Gen,projection_match_f025,100,36.5,36.5,0.0,0.0,0.0,projection_match
GPT-2 XL,CounterFact,AlphaEdit,SADR,canonical,1000,0.25,B_common_all_families,locality,LOC,perp_f025,100,51.0,52.0,1.0,0.0,3.0,perp
GPT-2 XL,CounterFact,AlphaEdit,SADR,canonical,1000,0.25,B_common_all_families,locality,LOC,projection_match_f025,100,51.0,51.0,0.0,0.0,0.0,projection_match
GPT-2 XL,CounterFact,AlphaEdit,SADR,canonical,1000,0.5,B_common_all_families,rewrite,EFF,perp_f050,100,96.0,96.5,0.5,0.0,1.5,perp
GPT-2 XL,CounterFact,AlphaEdit,SADR,canonical,1000,0.5,B_common_all_families,rewrite,EFF,projection_match_f050,100,96.0,96.0,0.0,0.0,0.0,projection_match
GPT-2 XL,CounterFact,AlphaEdit,SADR,canonical,1000,0.5,B_common_all_families,rephrase,Gen,perp_f050,100,36.5,38.5,2.0,0.0,4.5,perp
GPT-2 XL,CounterFact,AlphaEdit,SADR,canonical,1000,0.5,B_common_all_families,rephrase,Gen,projection_match_f050,100,36.5,36.5,0.0,0.0,0.0,projection_match
GPT-2 XL,CounterFact,AlphaEdit,SADR,canonical,1000,0.5,B_common_all_families,locality,LOC,perp_f050,100,51.0,53.0,2.0,-2.0,6.0,perp
GPT-2 XL,CounterFact,AlphaEdit,SADR,canonical,1000,0.5,B_common_all_families,locality,LOC,projection_match_f050,100,51.0,51.0,0.0,0.0,0.0,projection_match
GPT-2 XL,CounterFact,MEMIT,Native,canonical,1000,0.25,B_common_all_families,rewrite,EFF,perp_f025,100,83.5,83.5,0.0,0.0,0.0,perp
GPT-2 XL,CounterFact,MEMIT,Native,canonical,1000,0.25,B_common_all_families,rewrite,EFF,projection_match_f025,100,83.5,83.0,-0.5,-1.5,0.0,projection_match
GPT-2 XL,CounterFact,MEMIT,Native,canonical,1000,0.25,B_common_all_families,rephrase,Gen,perp_f025,100,65.5,65.5,0.0,0.0,0.0,perp
GPT-2 XL,CounterFact,MEMIT,Native,canonical,1000,0.25,B_common_all_families,rephrase,Gen,projection_match_f025,100,65.5,65.5,0.0,0.0,0.0,projection_match
GPT-2 XL,CounterFact,MEMIT,Native,canonical,1000,0.25,B_common_all_families,locality,LOC,perp_f025,100,18.0,18.0,0.0,-3.0,3.0,perp
GPT-2 XL,CounterFact,MEMIT,Native,canonical,1000,0.25,B_common_all_families,locality,LOC,projection_match_f025,100,18.0,18.0,0.0,0.0,0.0,projection_match
GPT-2 XL,CounterFact,MEMIT,Native,canonical,1000,0.5,B_common_all_families,rewrite,EFF,perp_f050,100,83.5,82.5,-1.0,-2.5,0.0,perp
GPT-2 XL,CounterFact,MEMIT,Native,canonical,1000,0.5,B_common_all_families,rewrite,EFF,projection_match_f050,100,83.5,82.5,-1.0,-2.5,0.0,projection_match
GPT-2 XL,CounterFact,MEMIT,Native,canonical,1000,0.5,B_common_all_families,rephrase,Gen,perp_f050,100,65.5,65.5,0.0,0.0,0.0,perp
GPT-2 XL,CounterFact,MEMIT,Native,canonical,1000,0.5,B_common_all_families,rephrase,Gen,projection_match_f050,100,65.5,65.5,0.0,0.0,0.0,projection_match
GPT-2 XL,CounterFact,MEMIT,Native,canonical,1000,0.5,B_common_all_families,locality,LOC,perp_f050,100,18.0,17.0,-1.0,-5.0,2.0,perp
GPT-2 XL,CounterFact,MEMIT,Native,canonical,1000,0.5,B_common_all_families,locality,LOC,projection_match_f050,100,18.0,18.0,0.0,0.0,0.0,projection_match
GPT-2 XL,CounterFact,MEMIT,NAS,canonical,1000,0.25,B_common_all_families,rewrite,EFF,perp_f025,100,81.0,81.5,0.5,-1.0,2.5,perp
GPT-2 XL,CounterFact,MEMIT,NAS,canonical,1000,0.25,B_common_all_families,rewrite,EFF,projection_match_f025,100,81.0,81.0,0.0,0.0,0.0,projection_match
GPT-2 XL,CounterFact,MEMIT,NAS,canonical,1000,0.25,B_common_all_families,rephrase,Gen,perp_f025,100,67.5,67.0,-0.5,-1.5,0.0,perp
GPT-2 XL,CounterFact,MEMIT,NAS,canonical,1000,0.25,B_common_all_families,rephrase,Gen,projection_match_f025,100,67.5,67.5,0.0,0.0,0.0,projection_match
GPT-2 XL,CounterFact,MEMIT,NAS,canonical,1000,0.25,B_common_all_families,locality,LOC,perp_f025,100,15.0,13.0,-2.0,-5.0,0.0,perp
GPT-2 XL,CounterFact,MEMIT,NAS,canonical,1000,0.25,B_common_all_families,locality,LOC,projection_match_f025,100,15.0,15.0,0.0,0.0,0.0,projection_match
GPT-2 XL,CounterFact,MEMIT,NAS,canonical,1000,0.5,B_common_all_families,rewrite,EFF,perp_f050,100,81.0,81.5,0.5,-1.0,2.5,perp
GPT-2 XL,CounterFact,MEMIT,NAS,canonical,1000,0.5,B_common_all_families,rewrite,EFF,projection_match_f050,100,81.0,81.0,0.0,0.0,0.0,projection_match
GPT-2 XL,CounterFact,MEMIT,NAS,canonical,1000,0.5,B_common_all_families,rephrase,Gen,perp_f050,100,67.5,66.5,-1.0,-2.5,0.0,perp
GPT-2 XL,CounterFact,MEMIT,NAS,canonical,1000,0.5,B_common_all_families,rephrase,Gen,projection_match_f050,100,67.5,67.5,0.0,0.0,0.0,projection_match
GPT-2 XL,CounterFact,MEMIT,NAS,canonical,1000,0.5,B_common_all_families,locality,LOC,perp_f050,100,15.0,15.0,0.0,-3.0,3.0,perp
GPT-2 XL,CounterFact,MEMIT,NAS,canonical,1000,0.5,B_common_all_families,locality,LOC,projection_match_f050,100,15.0,14.0,-1.0,-3.0,0.0,projection_match
GPT-2 XL,CounterFact,MEMIT,ENCORE,canonical,1000,0.25,B_common_all_families,rewrite,EFF,perp_f025,100,88.0,87.5,-0.5,-1.5,0.0,perp
GPT-2 XL,CounterFact,MEMIT,ENCORE,canonical,1000,0.25,B_common_all_families,rewrite,EFF,projection_match_f025,100,88.0,88.0,0.0,0.0,0.0,projection_match
GPT-2 XL,CounterFact,MEMIT,ENCORE,canonical,1000,0.25,B_common_all_families,rephrase,Gen,perp_f025,100,61.5,62.0,0.5,0.0,1.5,perp
GPT-2 XL,CounterFact,MEMIT,ENCORE,canonical,1000,0.25,B_common_all_families,rephrase,Gen,projection_match_f025,100,61.5,61.5,0.0,0.0,0.0,projection_match
GPT-2 XL,CounterFact,MEMIT,ENCORE,canonical,1000,0.25,B_common_all_families,locality,LOC,perp_f025,100,35.0,34.0,-1.0,-3.0,0.0,perp
GPT-2 XL,CounterFact,MEMIT,ENCORE,canonical,1000,0.25,B_common_all_families,locality,LOC,projection_match_f025,100,35.0,35.0,0.0,0.0,0.0,projection_match
GPT-2 XL,CounterFact,MEMIT,ENCORE,canonical,1000,0.5,B_common_all_families,rewrite,EFF,perp_f050,100,88.0,87.5,-0.5,-1.5,0.0,perp
GPT-2 XL,CounterFact,MEMIT,ENCORE,canonical,1000,0.5,B_common_all_families,rewrite,EFF,projection_match_f050,100,88.0,87.5,-0.5,-1.5,0.0,projection_match
GPT-2 XL,CounterFact,MEMIT,ENCORE,canonical,1000,0.5,B_common_all_families,rephrase,Gen,perp_f050,100,61.5,62.0,0.5,0.0,1.5,perp
GPT-2 XL,CounterFact,MEMIT,ENCORE,canonical,1000,0.5,B_common_all_families,rephrase,Gen,projection_match_f050,100,61.5,61.5,0.0,0.0,0.0,projection_match
GPT-2 XL,CounterFact,MEMIT,ENCORE,canonical,1000,0.5,B_common_all_families,locality,LOC,perp_f050,100,35.0,34.0,-1.0,-3.0,0.0,perp
GPT-2 XL,CounterFact,MEMIT,ENCORE,canonical,1000,0.5,B_common_all_families,locality,LOC,projection_match_f050,100,35.0,35.0,0.0,0.0,0.0,projection_match
GPT-2 XL,CounterFact,MEMIT,SPHERE,canonical,1000,0.25,B_common_all_families,rewrite,EFF,perp_f025,100,69.5,69.0,-0.5,-1.5,0.0,perp
GPT-2 XL,CounterFact,MEMIT,SPHERE,canonical,1000,0.25,B_common_all_families,rewrite,EFF,projection_match_f025,100,69.5,69.0,-0.5,-1.5,0.0,projection_match
GPT-2 XL,CounterFact,MEMIT,SPHERE,canonical,1000,0.25,B_common_all_families,rephrase,Gen,perp_f025,100,45.5,46.0,0.5,0.0,1.5,perp
GPT-2 XL,CounterFact,MEMIT,SPHERE,canonical,1000,0.25,B_common_all_families,rephrase,Gen,projection_match_f025,100,45.5,45.5,0.0,0.0,0.0,projection_match
GPT-2 XL,CounterFact,MEMIT,SPHERE,canonical,1000,0.25,B_common_all_families,locality,LOC,perp_f025,100,40.0,40.0,0.0,-3.0,3.0,perp
GPT-2 XL,CounterFact,MEMIT,SPHERE,canonical,1000,0.25,B_common_all_families,locality,LOC,projection_match_f025,100,40.0,40.0,0.0,0.0,0.0,projection_match
GPT-2 XL,CounterFact,MEMIT,SPHERE,canonical,1000,0.5,B_common_all_families,rewrite,EFF,perp_f050,100,69.5,69.0,-0.5,-2.5,1.0,perp
GPT-2 XL,CounterFact,MEMIT,SPHERE,canonical,1000,0.5,B_common_all_families,rewrite,EFF,projection_match_f050,100,69.5,69.0,-0.5,-1.5,0.0,projection_match
GPT-2 XL,CounterFact,MEMIT,SPHERE,canonical,1000,0.5,B_common_all_families,rephrase,Gen,perp_f050,100,45.5,46.5,1.0,-1.0,3.0,perp
GPT-2 XL,CounterFact,MEMIT,SPHERE,canonical,1000,0.5,B_common_all_families,rephrase,Gen,projection_match_f050,100,45.5,45.5,0.0,0.0,0.0,projection_match
GPT-2 XL,CounterFact,MEMIT,SPHERE,canonical,1000,0.5,B_common_all_families,locality,LOC,perp_f050,100,40.0,40.0,0.0,-3.0,3.0,perp
GPT-2 XL,CounterFact,MEMIT,SPHERE,canonical,1000,0.5,B_common_all_families,locality,LOC,projection_match_f050,100,40.0,40.0,0.0,0.0,0.0,projection_match
GPT-2 XL,CounterFact,MEMIT,SADR,canonical,1000,0.25,B_common_all_families,rewrite,EFF,perp_f025,100,87.5,88.0,0.5,-1.0,2.0,perp
GPT-2 XL,CounterFact,MEMIT,SADR,canonical,1000,0.25,B_common_all_families,rewrite,EFF,projection_match_f025,100,87.5,87.5,0.0,0.0,0.0,projection_match
GPT-2 XL,CounterFact,MEMIT,SADR,canonical,1000,0.25,B_common_all_families,rephrase,Gen,perp_f025,100,60.0,60.0,0.0,0.0,0.0,perp
GPT-2 XL,CounterFact,MEMIT,SADR,canonical,1000,0.25,B_common_all_families,rephrase,Gen,projection_match_f025,100,60.0,59.5,-0.5,-1.5,0.0,projection_match
GPT-2 XL,CounterFact,MEMIT,SADR,canonical,1000,0.25,B_common_all_families,locality,LOC,perp_f025,100,15.0,15.0,0.0,0.0,0.0,perp
GPT-2 XL,CounterFact,MEMIT,SADR,canonical,1000,0.25,B_common_all_families,locality,LOC,projection_match_f025,100,15.0,15.0,0.0,0.0,0.0,projection_match
GPT-2 XL,CounterFact,MEMIT,SADR,canonical,1000,0.5,B_common_all_families,rewrite,EFF,perp_f050,100,87.5,88.0,0.5,-1.0,2.0,perp
GPT-2 XL,CounterFact,MEMIT,SADR,canonical,1000,0.5,B_common_all_families,rewrite,EFF,projection_match_f050,100,87.5,87.5,0.0,0.0,0.0,projection_match
GPT-2 XL,CounterFact,MEMIT,SADR,canonical,1000,0.5,B_common_all_families,rephrase,Gen,perp_f050,100,60.0,60.5,0.5,0.0,1.5,perp
GPT-2 XL,CounterFact,MEMIT,SADR,canonical,1000,0.5,B_common_all_families,rephrase,Gen,projection_match_f050,100,60.0,59.5,-0.5,-1.5,0.0,projection_match
GPT-2 XL,CounterFact,MEMIT,SADR,canonical,1000,0.5,B_common_all_families,locality,LOC,perp_f050,100,15.0,16.0,1.0,0.0,3.0,perp
GPT-2 XL,CounterFact,MEMIT,SADR,canonical,1000,0.5,B_common_all_families,locality,LOC,projection_match_f050,100,15.0,15.0,0.0,0.0,0.0,projection_match
